segment_idx,NDVI_summer,NDWI_summer,NDBI_summer,NDVI_winter,NDWI_winter,NDBI_winter,VV_med,VH_med,VV_VH_ratio_med,VV_mean,VH_mean,VV_VH_ratio_mean,NDVI_diff,NDWI_diff,NDBI_diff,osm_surface,osm_tracktype,osm_id,label_weak
0,,,,,,,,,,,,,,,,unknown,unknown,8048829,unbekannt
1,,,,,,,,,,,,,,,,asphalt,unknown,8048891,versiegelt
2,,,,,,,,,,,,,,,,asphalt,unknown,8117280,versiegelt
3,,,,,,,,,,,,,,,,unknown,unknown,10662228,unbekannt
4,,,,,,,,,,,,,,,,asphalt,unknown,18821731,versiegelt
5,,,,,,,,,,,,,,,,asphalt,unknown,18822204,versiegelt
6,,,,,,,,,,,,,,,,asphalt,unknown,18822992,versiegelt
7,,,,,,,,,,,,,,,,asphalt,unknown,18822994,versiegelt
8,,,,,,,,,,,,,,,,asphalt,unknown,18822995,versiegelt
9,,,,,,,,,,,,,,,,asphalt,unknown,18825535,versiegelt
10,,,,,,,,,,,,,,,,asphalt,grade1,18826645,versiegelt
11,,,,,,,,,,,,,,,,fine_gravel,grade4,18826648,mineralisch
12,,,,,,,,,,,,,,,,paving_stones,unknown,18931565,unbekannt
13,,,,,,,,,,,,,,,,asphalt,unknown,18931566,versiegelt
14,,,,,,,,,,,,,,,,asphalt,unknown,18931571,versiegelt
15,,,,,,,,,,,,,,,,asphalt,unknown,18931575,versiegelt
16,,,,,,,,,,,,,,,,paving_stones,unknown,22931366,unbekannt
17,,,,,,,,,,,,,,,,unknown,unknown,22931445,unbekannt
18,,,,,,,,,,,,,,,,unknown,unknown,22932554,unbekannt
19,,,,,,,,,,,,,,,,asphalt,unknown,22932555,versiegelt
20,,,,,,,,,,,,,,,,asphalt,unknown,22932561,versiegelt
21,,,,,,,,,,,,,,,,unknown,unknown,22932564,unbekannt
22,,,,,,,,,,,,,,,,cobblestone,unknown,22932568,unbekannt
23,,,,,,,,,,,,,,,,unknown,unknown,22932633,unbekannt
24,,,,,,,,,,,,,,,,asphalt,unknown,23264666,versiegelt
25,,,,,,,,,,,,,,,,unknown,unknown,23264948,unbekannt
26,,,,,,,,,,,,,,,,asphalt,unknown,23264950,versiegelt
27,,,,,,,,,,,,,,,,paving_stones,unknown,23372978,unbekannt
28,,,,,,,,,,,,,,,,paving_stones,unknown,23372980,unbekannt
29,,,,,,,,,,,,,,,,paving_stones,unknown,23373016,unbekannt
30,,,,,,,,,,,,,,,,paving_stones,unknown,23373017,unbekannt
31,,,,,,,,,,,,,,,,paving_stones,unknown,23373026,unbekannt
32,,,,,,,,,,,,,,,,paving_stones,unknown,23373030,unbekannt
33,,,,,,,,,,,,,,,,paving_stones,unknown,23375538,unbekannt
34,,,,,,,,,,,,,,,,unknown,unknown,23375549,unbekannt
35,,,,,,,,,,,,,,,,asphalt,unknown,23385404,versiegelt
36,,,,,,,,,,,,,,,,asphalt,unknown,23385405,versiegelt
37,,,,,,,,,,,,,,,,unknown,grade2,23385407,unbekannt
38,,,,,,,,,,,,,,,,asphalt,unknown,23396232,versiegelt
39,,,,,,,,,,,,,,,,asphalt,unknown,23396233,versiegelt
40,,,,,,,,,,,,,,,,unknown,unknown,23396235,unbekannt
41,,,,,,,,,,,,,,,,paving_stones,unknown,23396333,unbekannt
42,,,,,,,,,,,,,,,,asphalt,unknown,23396444,versiegelt
43,,,,,,,,,,,,,,,,asphalt,unknown,23397414,versiegelt
44,,,,,,,,,,,,,,,,asphalt,unknown,23397471,versiegelt
45,,,,,,,,,,,,,,,,unknown,unknown,23398112,unbekannt
46,,,,,,,,,,,,,,,,asphalt,unknown,23398115,versiegelt
47,,,,,,,,,,,,,,,,asphalt,unknown,23739099,versiegelt
48,,,,,,,,,,,,,,,,gravel,grade2,23740612,mineralisch
49,,,,,,,,,,,,,,,,asphalt,unknown,23740613,versiegelt
50,,,,,,,,,,,,,,,,gravel,unknown,23823686,mineralisch
51,,,,,,,,,,,,,,,,gravel,unknown,23823687,mineralisch
52,,,,,,,,,,,,,,,,asphalt,unknown,23823690,versiegelt
53,,,,,,,,,,,,,,,,cobblestone,unknown,23823693,unbekannt
54,,,,,,,,,,,,,,,,asphalt,grade1,23823697,versiegelt
55,,,,,,,,,,,,,,,,asphalt,grade1,23823698,versiegelt
56,,,,,,,,,,,,,,,,asphalt,grade1,23823699,versiegelt
57,,,,,,,,,,,,,,,,asphalt,grade1,23823702,versiegelt
58,,,,,,,,,,,,,,,,asphalt,grade1,24001198,versiegelt
59,,,,,,,,,,,,,,,,asphalt,unknown,24033182,versiegelt
60,,,,,,,,,,,,,,,,gravel,grade2,24033184,mineralisch
61,,,,,,,,,,,,,,,,unknown,grade1,24579404,unbekannt
62,,,,,,,,,,,,,,,,asphalt,unknown,25006934,versiegelt
63,,,,,,,,,,,,,,,,asphalt,unknown,25006937,versiegelt
64,,,,,,,,,,,,,,,,asphalt,unknown,25024168,versiegelt
65,,,,,,,,,,,,,,,,asphalt,unknown,25024169,versiegelt
66,,,,,,,,,,,,,,,,asphalt,unknown,25024170,versiegelt
67,,,,,,,,,,,,,,,,asphalt,unknown,25024171,versiegelt
68,,,,,,,,,,,,,,,,asphalt,unknown,25024172,versiegelt
69,,,,,,,,,,,,,,,,unknown,unknown,25050509,unbekannt
70,,,,,,,,,,,,,,,,unknown,unknown,25050510,unbekannt
71,,,,,,,,,,,,,,,,fine_gravel,grade3,25050511,mineralisch
72,,,,,,,,,,,,,,,,unknown,unknown,25050512,unbekannt
73,,,,,,,,,,,,,,,,unknown,unknown,25050513,unbekannt
74,,,,,,,,,,,,,,,,compacted,grade2,25050515,mineralisch
75,,,,,,,,,,,,,,,,fine_gravel,grade2,25050516,mineralisch
76,,,,,,,,,,,,,,,,compacted,grade2,25050517,mineralisch
77,,,,,,,,,,,,,,,,gravel,grade3,25050518,mineralisch
78,,,,,,,,,,,,,,,,ground,grade1,25050521,unbekannt
79,,,,,,,,,,,,,,,,gravel,grade4,25050522,mineralisch
80,,,,,,,,,,,,,,,,paving_stones,unknown,25050524,unbekannt
81,,,,,,,,,,,,,,,,paving_stones,grade1,25050525,unbekannt
82,,,,,,,,,,,,,,,,unknown,grade2,25050530,unbekannt
83,,,,,,,,,,,,,,,,grass_paver,grade3,25050531,unbekannt
84,,,,,,,,,,,,,,,,unknown,grade2,25050532,unbekannt
85,,,,,,,,,,,,,,,,gravel,grade2,25050533,mineralisch
86,,,,,,,,,,,,,,,,grass,grade5,25050534,begrünt_erdig
87,,,,,,,,,,,,,,,,unknown,unknown,25050536,unbekannt
88,,,,,,,,,,,,,,,,unknown,unknown,25050537,unbekannt
89,,,,,,,,,,,,,,,,asphalt,unknown,25050538,versiegelt
90,,,,,,,,,,,,,,,,asphalt,unknown,25050541,versiegelt
91,,,,,,,,,,,,,,,,asphalt,unknown,25050542,versiegelt
92,,,,,,,,,,,,,,,,asphalt,unknown,25050543,versiegelt
93,,,,,,,,,,,,,,,,ground,grade3,25050544,unbekannt
94,,,,,,,,,,,,,,,,fine_gravel,grade2,25050545,mineralisch
95,,,,,,,,,,,,,,,,gravel,grade2,25050546,mineralisch
96,,,,,,,,,,,,,,,,unknown,grade2,25050547,unbekannt
97,,,,,,,,,,,,,,,,gravel,grade2,25050549,mineralisch
98,,,,,,,,,,,,,,,,fine_gravel,grade2,25050550,mineralisch
99,,,,,,,,,,,,,,,,fine_gravel,grade2,25050552,mineralisch
100,,,,,,,,,,,,,,,,asphalt,unknown,25050554,versiegelt
101,,,,,,,,,,,,,,,,sett,unknown,25050556,unbekannt
102,,,,,,,,,,,,,,,,grass,grade3,25050559,begrünt_erdig
103,,,,,,,,,,,,,,,,asphalt,grade1,25050560,versiegelt
104,,,,,,,,,,,,,,,,asphalt,unknown,25050561,versiegelt
105,,,,,,,,,,,,,,,,asphalt,grade1,25050571,versiegelt
106,,,,,,,,,,,,,,,,paving_stones,unknown,25050573,unbekannt
107,,,,,,,,,,,,,,,,asphalt,unknown,25050578,versiegelt
108,,,,,,,,,,,,,,,,asphalt,unknown,25050581,versiegelt
109,,,,,,,,,,,,,,,,asphalt,grade2,25050582,versiegelt
110,,,,,,,,,,,,,,,,pebblestone,grade2,25050587,unbekannt
111,,,,,,,,,,,,,,,,grass,grade5,25050588,begrünt_erdig
112,,,,,,,,,,,,,,,,fine_gravel,grade3,25050589,mineralisch
113,,,,,,,,,,,,,,,,fine_gravel,grade3,25050590,mineralisch
114,,,,,,,,,,,,,,,,asphalt,unknown,25111927,versiegelt
115,,,,,,,,,,,,,,,,asphalt,unknown,25111929,versiegelt
116,,,,,,,,,,,,,,,,asphalt,unknown,25111931,versiegelt
117,,,,,,,,,,,,,,,,asphalt,unknown,25111932,versiegelt
118,,,,,,,,,,,,,,,,asphalt,unknown,25112476,versiegelt
119,,,,,,,,,,,,,,,,asphalt,unknown,25112477,versiegelt
120,,,,,,,,,,,,,,,,unknown,unknown,25112479,unbekannt
121,,,,,,,,,,,,,,,,paving_stones,unknown,25112767,unbekannt
122,,,,,,,,,,,,,,,,gravel,grade2,25113001,mineralisch
123,,,,,,,,,,,,,,,,unknown,grade1,25346648,unbekannt
124,,,,,,,,,,,,,,,,asphalt,grade1,25346649,versiegelt
125,,,,,,,,,,,,,,,,asphalt,grade1,25346650,versiegelt
126,,,,,,,,,,,,,,,,asphalt,unknown,25346651,versiegelt
127,,,,,,,,,,,,,,,,unknown,grade1,25346653,unbekannt
128,,,,,,,,,,,,,,,,asphalt,unknown,25350354,versiegelt
129,,,,,,,,,,,,,,,,asphalt,grade1,25351179,versiegelt
130,,,,,,,,,,,,,,,,unknown,unknown,25455428,unbekannt
131,,,,,,,,,,,,,,,,unknown,grade4,25455702,unbekannt
132,,,,,,,,,,,,,,,,unknown,grade1,25523436,unbekannt
133,,,,,,,,,,,,,,,,asphalt,unknown,25523676,versiegelt
134,,,,,,,,,,,,,,,,asphalt,unknown,25523770,versiegelt
135,,,,,,,,,,,,,,,,asphalt,unknown,25524031,versiegelt
136,,,,,,,,,,,,,,,,asphalt,unknown,25620276,versiegelt
137,,,,,,,,,,,,,,,,asphalt,unknown,25623889,versiegelt
138,,,,,,,,,,,,,,,,asphalt,unknown,25628744,versiegelt
139,,,,,,,,,,,,,,,,asphalt,unknown,25708608,versiegelt
140,,,,,,,,,,,,,,,,asphalt,unknown,25708610,versiegelt
141,,,,,,,,,,,,,,,,asphalt,unknown,25711326,versiegelt
142,,,,,,,,,,,,,,,,asphalt,unknown,25711671,versiegelt
143,,,,,,,,,,,,,,,,asphalt,unknown,25712339,versiegelt
144,,,,,,,,,,,,,,,,asphalt,unknown,25712770,versiegelt
145,,,,,,,,,,,,,,,,asphalt,grade1,25744334,versiegelt
146,,,,,,,,,,,,,,,,gravel,unknown,25744356,mineralisch
147,,,,,,,,,,,,,,,,asphalt,unknown,25749545,versiegelt
148,,,,,,,,,,,,,,,,asphalt,unknown,25751285,versiegelt
149,,,,,,,,,,,,,,,,asphalt,unknown,25751287,versiegelt
150,,,,,,,,,,,,,,,,asphalt,grade1,25751288,versiegelt
151,,,,,,,,,,,,,,,,asphalt,grade1,25751289,versiegelt
152,,,,,,,,,,,,,,,,asphalt,grade1,25751291,versiegelt
153,,,,,,,,,,,,,,,,asphalt,unknown,25766280,versiegelt
154,,,,,,,,,,,,,,,,asphalt,unknown,25766281,versiegelt
155,,,,,,,,,,,,,,,,unknown,unknown,25766282,unbekannt
156,,,,,,,,,,,,,,,,unknown,unknown,25766283,unbekannt
157,,,,,,,,,,,,,,,,asphalt,grade1,25917399,versiegelt
158,,,,,,,,,,,,,,,,asphalt,grade1,25917401,versiegelt
159,,,,,,,,,,,,,,,,grass,grade5,25917402,begrünt_erdig
160,,,,,,,,,,,,,,,,asphalt,grade1,25917403,versiegelt
161,,,,,,,,,,,,,,,,asphalt,grade1,26190132,versiegelt
162,,,,,,,,,,,,,,,,paved,grade1,26190133,versiegelt
163,,,,,,,,,,,,,,,,paved,grade1,26190136,versiegelt
164,,,,,,,,,,,,,,,,asphalt,grade1,26191256,versiegelt
165,,,,,,,,,,,,,,,,asphalt,grade1,26191257,versiegelt
166,,,,,,,,,,,,,,,,gravel,grade2,26191259,mineralisch
167,,,,,,,,,,,,,,,,unknown,grade2,26191262,unbekannt
168,,,,,,,,,,,,,,,,unknown,grade5,26191264,unbekannt
169,,,,,,,,,,,,,,,,asphalt,grade1,26192281,versiegelt
170,,,,,,,,,,,,,,,,paved,grade1,26192427,versiegelt
171,,,,,,,,,,,,,,,,asphalt,grade1,26192713,versiegelt
172,,,,,,,,,,,,,,,,asphalt,grade1,26192714,versiegelt
173,,,,,,,,,,,,,,,,unknown,grade2,26281107,unbekannt
174,,,,,,,,,,,,,,,,unknown,grade3,26281117,unbekannt
175,,,,,,,,,,,,,,,,unknown,grade3,26281118,unbekannt
176,,,,,,,,,,,,,,,,grass,grade4,26281122,begrünt_erdig
177,,,,,,,,,,,,,,,,unknown,grade2,26281123,unbekannt
178,,,,,,,,,,,,,,,,unknown,grade4,26281124,unbekannt
179,,,,,,,,,,,,,,,,grass,grade4,26281125,begrünt_erdig
180,,,,,,,,,,,,,,,,unknown,grade3,26281126,unbekannt
181,,,,,,,,,,,,,,,,gravel,grade2,26281128,mineralisch
182,,,,,,,,,,,,,,,,grass,grade5,26281129,begrünt_erdig
183,,,,,,,,,,,,,,,,unknown,grade3,26281130,unbekannt
184,,,,,,,,,,,,,,,,asphalt,grade1,26297918,versiegelt
185,,,,,,,,,,,,,,,,asphalt,grade1,26297919,versiegelt
186,,,,,,,,,,,,,,,,asphalt,grade1,26297929,versiegelt
187,,,,,,,,,,,,,,,,gravel,grade2,26297930,mineralisch
188,,,,,,,,,,,,,,,,asphalt,grade1,26297931,versiegelt
189,,,,,,,,,,,,,,,,asphalt,grade1,26297932,versiegelt
190,,,,,,,,,,,,,,,,unknown,grade2,26297933,unbekannt
191,,,,,,,,,,,,,,,,gravel,grade2,26297938,mineralisch
192,,,,,,,,,,,,,,,,asphalt,grade1,26297940,versiegelt
193,,,,,,,,,,,,,,,,asphalt,grade1,26297941,versiegelt
194,,,,,,,,,,,,,,,,gravel,grade2,26297944,mineralisch
195,,,,,,,,,,,,,,,,asphalt,unknown,26298036,versiegelt
196,,,,,,,,,,,,,,,,asphalt,grade1,26340865,versiegelt
197,,,,,,,,,,,,,,,,asphalt,grade1,26340866,versiegelt
198,,,,,,,,,,,,,,,,asphalt,grade1,26340867,versiegelt
199,,,,,,,,,,,,,,,,asphalt,grade1,26496223,versiegelt
200,,,,,,,,,,,,,,,,asphalt,unknown,26531066,versiegelt
201,,,,,,,,,,,,,,,,unknown,grade5,26531070,unbekannt
202,,,,,,,,,,,,,,,,asphalt,unknown,26531072,versiegelt
203,,,,,,,,,,,,,,,,unknown,grade2,26531507,unbekannt
204,,,,,,,,,,,,,,,,unknown,grade2,26531508,unbekannt
205,,,,,,,,,,,,,,,,unknown,grade5,26531510,unbekannt
206,,,,,,,,,,,,,,,,unknown,grade5,26531511,unbekannt
207,,,,,,,,,,,,,,,,unknown,grade5,26531512,unbekannt
208,,,,,,,,,,,,,,,,unknown,grade5,26531513,unbekannt
209,,,,,,,,,,,,,,,,unknown,grade5,26531515,unbekannt
210,,,,,,,,,,,,,,,,unknown,unknown,26531516,unbekannt
211,,,,,,,,,,,,,,,,unknown,grade5,26531517,unbekannt
212,,,,,,,,,,,,,,,,unknown,grade5,26531518,unbekannt
213,,,,,,,,,,,,,,,,unknown,grade5,26531519,unbekannt
214,,,,,,,,,,,,,,,,unknown,unknown,26531520,unbekannt
215,,,,,,,,,,,,,,,,unknown,grade5,26531522,unbekannt
216,,,,,,,,,,,,,,,,unknown,grade5,26531523,unbekannt
217,,,,,,,,,,,,,,,,unknown,grade5,26531524,unbekannt
218,,,,,,,,,,,,,,,,unknown,unknown,26531525,unbekannt
219,,,,,,,,,,,,,,,,fine_gravel,grade3,26531526,mineralisch
220,,,,,,,,,,,,,,,,gravel,grade3,26531527,mineralisch
221,,,,,,,,,,,,,,,,unknown,unknown,26531617,unbekannt
222,,,,,,,,,,,,,,,,unknown,grade5,26531618,unbekannt
223,,,,,,,,,,,,,,,,unknown,grade5,26531619,unbekannt
224,,,,,,,,,,,,,,,,unknown,grade5,26531620,unbekannt
225,,,,,,,,,,,,,,,,unknown,grade5,26531621,unbekannt
226,,,,,,,,,,,,,,,,unknown,grade5,26531623,unbekannt
227,,,,,,,,,,,,,,,,unknown,grade5,26531624,unbekannt
228,,,,,,,,,,,,,,,,unknown,grade5,26531626,unbekannt
229,,,,,,,,,,,,,,,,unknown,grade5,26531628,unbekannt
230,,,,,,,,,,,,,,,,unknown,grade5,26531630,unbekannt
231,,,,,,,,,,,,,,,,unknown,grade5,26531631,unbekannt
232,,,,,,,,,,,,,,,,unknown,unknown,26531812,unbekannt
233,,,,,,,,,,,,,,,,fine_gravel,grade2,26532248,mineralisch
234,,,,,,,,,,,,,,,,unknown,grade5,26532249,unbekannt
235,,,,,,,,,,,,,,,,unknown,grade5,26532250,unbekannt
236,,,,,,,,,,,,,,,,unknown,grade5,26532251,unbekannt
237,,,,,,,,,,,,,,,,unknown,grade5,26532252,unbekannt
238,,,,,,,,,,,,,,,,unknown,grade5,26532256,unbekannt
239,,,,,,,,,,,,,,,,concrete,grade1,26570309,versiegelt
240,,,,,,,,,,,,,,,,concrete,grade1,26570310,versiegelt
241,,,,,,,,,,,,,,,,asphalt,grade1,26570311,versiegelt
242,,,,,,,,,,,,,,,,asphalt,unknown,26603611,versiegelt
243,,,,,,,,,,,,,,,,asphalt,unknown,26603619,versiegelt
244,,,,,,,,,,,,,,,,asphalt,unknown,26603629,versiegelt
245,,,,,,,,,,,,,,,,asphalt,grade1,26622023,versiegelt
246,,,,,,,,,,,,,,,,compacted,grade3,26622024,mineralisch
247,,,,,,,,,,,,,,,,asphalt,unknown,26622025,versiegelt
248,,,,,,,,,,,,,,,,asphalt,grade1,26622031,versiegelt
249,,,,,,,,,,,,,,,,gravel,grade3,26622032,mineralisch
250,,,,,,,,,,,,,,,,asphalt,grade1,26622033,versiegelt
251,,,,,,,,,,,,,,,,asphalt,unknown,26622036,versiegelt
252,,,,,,,,,,,,,,,,asphalt,unknown,26622037,versiegelt
253,,,,,,,,,,,,,,,,asphalt,grade1,26622039,versiegelt
254,,,,,,,,,,,,,,,,asphalt,unknown,26622040,versiegelt
255,,,,,,,,,,,,,,,,asphalt,grade1,26622041,versiegelt
256,,,,,,,,,,,,,,,,asphalt,grade1,26622046,versiegelt
257,,,,,,,,,,,,,,,,asphalt,grade1,26622048,versiegelt
258,,,,,,,,,,,,,,,,asphalt,unknown,26624669,versiegelt
259,,,,,,,,,,,,,,,,asphalt,unknown,26624735,versiegelt
260,,,,,,,,,,,,,,,,asphalt,unknown,26624754,versiegelt
261,,,,,,,,,,,,,,,,asphalt,unknown,26624774,versiegelt
262,,,,,,,,,,,,,,,,asphalt,grade1,26624844,versiegelt
263,,,,,,,,,,,,,,,,fine_gravel,grade3,26647266,mineralisch
264,,,,,,,,,,,,,,,,asphalt,grade1,26648627,versiegelt
265,,,,,,,,,,,,,,,,asphalt,grade1,26648719,versiegelt
266,,,,,,,,,,,,,,,,asphalt,grade1,26648930,versiegelt
267,,,,,,,,,,,,,,,,paved,grade1,26648931,versiegelt
268,,,,,,,,,,,,,,,,asphalt,grade2,26652278,versiegelt
269,,,,,,,,,,,,,,,,asphalt,unknown,26652279,versiegelt
270,,,,,,,,,,,,,,,,asphalt,grade1,26652583,versiegelt
271,,,,,,,,,,,,,,,,asphalt,unknown,26652584,versiegelt
272,,,,,,,,,,,,,,,,asphalt,grade2,26652586,versiegelt
273,,,,,,,,,,,,,,,,asphalt,unknown,26664529,versiegelt
274,,,,,,,,,,,,,,,,gravel,grade2,26708260,mineralisch
275,,,,,,,,,,,,,,,,concrete,grade1,26720994,versiegelt
276,,,,,,,,,,,,,,,,asphalt,grade1,26724223,versiegelt
277,,,,,,,,,,,,,,,,asphalt,grade1,26724224,versiegelt
278,,,,,,,,,,,,,,,,gravel,grade2,26724225,mineralisch
279,,,,,,,,,,,,,,,,asphalt,grade1,26932903,versiegelt
280,,,,,,,,,,,,,,,,unknown,grade1,26933487,unbekannt
281,,,,,,,,,,,,,,,,asphalt,grade1,27008618,versiegelt
282,,,,,,,,,,,,,,,,gravel,grade2,27058299,mineralisch
283,,,,,,,,,,,,,,,,asphalt,grade1,27058300,versiegelt
284,,,,,,,,,,,,,,,,asphalt,grade1,27058301,versiegelt
285,,,,,,,,,,,,,,,,asphalt,grade1,27058302,versiegelt
286,,,,,,,,,,,,,,,,asphalt,grade1,27058406,versiegelt
287,,,,,,,,,,,,,,,,asphalt,grade1,27094701,versiegelt
288,,,,,,,,,,,,,,,,asphalt,grade1,27094702,versiegelt
289,,,,,,,,,,,,,,,,compacted,unknown,27171380,mineralisch
290,,,,,,,,,,,,,,,,unknown,unknown,27320847,unbekannt
291,,,,,,,,,,,,,,,,asphalt,grade1,27335616,versiegelt
292,,,,,,,,,,,,,,,,unknown,unknown,27364322,unbekannt
293,,,,,,,,,,,,,,,,asphalt,grade3,27364651,versiegelt
294,,,,,,,,,,,,,,,,paved,grade1,27364674,versiegelt
295,,,,,,,,,,,,,,,,unknown,unknown,27366127,unbekannt
296,,,,,,,,,,,,,,,,asphalt,unknown,27366129,versiegelt
297,,,,,,,,,,,,,,,,paved,grade1,27379065,versiegelt
298,,,,,,,,,,,,,,,,gravel,grade2,27379069,mineralisch
299,,,,,,,,,,,,,,,,asphalt,grade1,27488473,versiegelt
300,,,,,,,,,,,,,,,,gravel,unknown,27492831,mineralisch
301,,,,,,,,,,,,,,,,asphalt,grade1,27492832,versiegelt
302,,,,,,,,,,,,,,,,unknown,grade1,27492843,unbekannt
303,,,,,,,,,,,,,,,,asphalt,grade1,27493823,versiegelt
304,,,,,,,,,,,,,,,,gravel,grade2,27494315,mineralisch
305,,,,,,,,,,,,,,,,asphalt,unknown,27494417,versiegelt
306,,,,,,,,,,,,,,,,unknown,grade2,27495915,unbekannt
307,,,,,,,,,,,,,,,,asphalt,unknown,27514245,versiegelt
308,,,,,,,,,,,,,,,,asphalt,unknown,27514246,versiegelt
309,,,,,,,,,,,,,,,,gravel,grade2,27540899,mineralisch
310,,,,,,,,,,,,,,,,fine_gravel,grade2,27540901,mineralisch
311,,,,,,,,,,,,,,,,fine_gravel,grade3,27540902,mineralisch
312,,,,,,,,,,,,,,,,gravel,grade2,27540903,mineralisch
313,,,,,,,,,,,,,,,,compacted,grade2,27540904,mineralisch
314,,,,,,,,,,,,,,,,gravel,grade2,27540905,mineralisch
315,,,,,,,,,,,,,,,,unknown,grade2,27540906,unbekannt
316,,,,,,,,,,,,,,,,paving_stones,unknown,27589203,unbekannt
317,,,,,,,,,,,,,,,,unknown,grade3,27836764,unbekannt
318,,,,,,,,,,,,,,,,unknown,grade3,27836765,unbekannt
319,,,,,,,,,,,,,,,,gravel,grade2,27836766,mineralisch
320,,,,,,,,,,,,,,,,gravel,grade2,27836767,mineralisch
321,,,,,,,,,,,,,,,,gravel,grade2,27836770,mineralisch
322,,,,,,,,,,,,,,,,gravel,grade2,27836771,mineralisch
323,,,,,,,,,,,,,,,,gravel,grade2,27836772,mineralisch
324,,,,,,,,,,,,,,,,gravel,grade2,27836773,mineralisch
325,,,,,,,,,,,,,,,,grass,grade5,27836774,begrünt_erdig
326,,,,,,,,,,,,,,,,grass,grade5,27836776,begrünt_erdig
327,,,,,,,,,,,,,,,,grass,grade5,27836777,begrünt_erdig
328,,,,,,,,,,,,,,,,gravel,grade4,27836778,mineralisch
329,,,,,,,,,,,,,,,,unknown,grade1,27836779,unbekannt
330,,,,,,,,,,,,,,,,fine_gravel,grade2,27837183,mineralisch
331,,,,,,,,,,,,,,,,fine_gravel,grade3,27837184,mineralisch
332,,,,,,,,,,,,,,,,fine_gravel,grade2,27837185,mineralisch
333,,,,,,,,,,,,,,,,ground,grade3,27837186,unbekannt
334,,,,,,,,,,,,,,,,unknown,grade3,27837187,unbekannt
335,,,,,,,,,,,,,,,,unknown,grade3,27837188,unbekannt
336,,,,,,,,,,,,,,,,fine_gravel,grade3,27837190,mineralisch
337,,,,,,,,,,,,,,,,fine_gravel,grade3,27837191,mineralisch
338,,,,,,,,,,,,,,,,fine_gravel,grade3,27837192,mineralisch
339,,,,,,,,,,,,,,,,fine_gravel,grade3,27837193,mineralisch
340,,,,,,,,,,,,,,,,gravel,grade3,27837501,mineralisch
341,,,,,,,,,,,,,,,,unknown,grade3,27837502,unbekannt
342,,,,,,,,,,,,,,,,grass,grade5,27837503,begrünt_erdig
343,,,,,,,,,,,,,,,,fine_gravel,grade2,27837504,mineralisch
344,,,,,,,,,,,,,,,,unknown,grade4,27837505,unbekannt
345,,,,,,,,,,,,,,,,asphalt,unknown,27837506,versiegelt
346,,,,,,,,,,,,,,,,gravel,grade4,27837729,mineralisch
347,,,,,,,,,,,,,,,,asphalt,grade1,27837730,versiegelt
348,,,,,,,,,,,,,,,,asphalt,grade1,27837731,versiegelt
349,,,,,,,,,,,,,,,,asphalt,grade1,27837733,versiegelt
350,,,,,,,,,,,,,,,,unknown,grade5,27940147,unbekannt
351,,,,,,,,,,,,,,,,asphalt,unknown,28047311,versiegelt
352,,,,,,,,,,,,,,,,asphalt,grade1,28047312,versiegelt
353,,,,,,,,,,,,,,,,asphalt,unknown,28047313,versiegelt
354,,,,,,,,,,,,,,,,unknown,grade2,28047314,unbekannt
355,,,,,,,,,,,,,,,,unknown,grade5,28047315,unbekannt
356,,,,,,,,,,,,,,,,unknown,grade5,28047317,unbekannt
357,,,,,,,,,,,,,,,,asphalt,unknown,28047319,versiegelt
358,,,,,,,,,,,,,,,,asphalt,unknown,28047320,versiegelt
359,,,,,,,,,,,,,,,,asphalt,unknown,28090214,versiegelt
360,,,,,,,,,,,,,,,,grass,grade5,28126015,begrünt_erdig
361,,,,,,,,,,,,,,,,asphalt,grade1,28126087,versiegelt
362,,,,,,,,,,,,,,,,asphalt,grade1,28126088,versiegelt
363,,,,,,,,,,,,,,,,asphalt,unknown,28128035,versiegelt
364,,,,,,,,,,,,,,,,asphalt,unknown,28128046,versiegelt
365,,,,,,,,,,,,,,,,grass,grade4,28128047,begrünt_erdig
366,,,,,,,,,,,,,,,,asphalt,grade1,28128048,versiegelt
367,,,,,,,,,,,,,,,,asphalt,grade1,28128049,versiegelt
368,,,,,,,,,,,,,,,,asphalt,grade1,28128050,versiegelt
369,,,,,,,,,,,,,,,,unknown,unknown,28128055,unbekannt
370,,,,,,,,,,,,,,,,asphalt,unknown,28130958,versiegelt
371,,,,,,,,,,,,,,,,asphalt,unknown,28149769,versiegelt
372,,,,,,,,,,,,,,,,asphalt,unknown,28379075,versiegelt
373,,,,,,,,,,,,,,,,paved,grade1,28428098,versiegelt
374,,,,,,,,,,,,,,,,asphalt,unknown,28471472,versiegelt
375,,,,,,,,,,,,,,,,paved,grade1,28471474,versiegelt
376,,,,,,,,,,,,,,,,paved,grade1,28471475,versiegelt
377,,,,,,,,,,,,,,,,gravel,grade2,28471479,mineralisch
378,,,,,,,,,,,,,,,,asphalt,unknown,28471550,versiegelt
379,,,,,,,,,,,,,,,,paved,grade1,28471551,versiegelt
380,,,,,,,,,,,,,,,,paved,unknown,28484614,versiegelt
381,,,,,,,,,,,,,,,,unknown,unknown,28484615,unbekannt
382,,,,,,,,,,,,,,,,unknown,unknown,28484616,unbekannt
383,,,,,,,,,,,,,,,,asphalt,unknown,28484618,versiegelt
384,,,,,,,,,,,,,,,,paved,grade1,28484632,versiegelt
385,,,,,,,,,,,,,,,,asphalt,unknown,28486307,versiegelt
386,,,,,,,,,,,,,,,,asphalt,unknown,28486397,versiegelt
387,,,,,,,,,,,,,,,,asphalt,unknown,28486399,versiegelt
388,,,,,,,,,,,,,,,,gravel,grade2,28635824,mineralisch
389,,,,,,,,,,,,,,,,asphalt,grade1,28635826,versiegelt
390,,,,,,,,,,,,,,,,compacted,grade2,28636771,mineralisch
391,,,,,,,,,,,,,,,,compacted,grade2,28665691,mineralisch
392,,,,,,,,,,,,,,,,ground,grade4,28665713,unbekannt
393,,,,,,,,,,,,,,,,gravel,grade2,28678788,mineralisch
394,,,,,,,,,,,,,,,,gravel,grade2,28690715,mineralisch
395,,,,,,,,,,,,,,,,asphalt,unknown,28690820,versiegelt
396,,,,,,,,,,,,,,,,asphalt,unknown,28690821,versiegelt
397,,,,,,,,,,,,,,,,asphalt,unknown,28690879,versiegelt
398,,,,,,,,,,,,,,,,fine_gravel,grade2,28690931,mineralisch
399,,,,,,,,,,,,,,,,asphalt,grade1,28690954,versiegelt
400,,,,,,,,,,,,,,,,gravel,grade2,28690983,mineralisch
401,,,,,,,,,,,,,,,,asphalt,grade1,28691691,versiegelt
402,,,,,,,,,,,,,,,,asphalt,grade1,28691866,versiegelt
403,,,,,,,,,,,,,,,,asphalt,unknown,28887928,versiegelt
404,,,,,,,,,,,,,,,,asphalt,unknown,28887929,versiegelt
405,,,,,,,,,,,,,,,,fine_gravel,grade4,29247966,mineralisch
406,,,,,,,,,,,,,,,,gravel,grade3,29248472,mineralisch
407,,,,,,,,,,,,,,,,unknown,grade4,29248473,unbekannt
408,,,,,,,,,,,,,,,,unknown,grade2,29248474,unbekannt
409,,,,,,,,,,,,,,,,pebblestone,grade2,29248475,unbekannt
410,,,,,,,,,,,,,,,,gravel,grade2,29248477,mineralisch
411,,,,,,,,,,,,,,,,asphalt,grade1,29248480,versiegelt
412,,,,,,,,,,,,,,,,unknown,grade3,29319687,unbekannt
413,,,,,,,,,,,,,,,,gravel,grade3,29319688,mineralisch
414,,,,,,,,,,,,,,,,asphalt,grade1,29579431,versiegelt
415,,,,,,,,,,,,,,,,fine_gravel,grade3,29579435,mineralisch
416,,,,,,,,,,,,,,,,gravel,grade2,29581448,mineralisch
417,,,,,,,,,,,,,,,,compacted,grade4,29581456,mineralisch
418,,,,,,,,,,,,,,,,fine_gravel,grade4,29586622,mineralisch
419,,,,,,,,,,,,,,,,fine_gravel,grade4,29586631,mineralisch
420,,,,,,,,,,,,,,,,gravel,grade3,29586634,mineralisch
421,,,,,,,,,,,,,,,,gravel,grade3,29586639,mineralisch
422,,,,,,,,,,,,,,,,fine_gravel,grade2,29588520,mineralisch
423,,,,,,,,,,,,,,,,unknown,grade2,29588524,unbekannt
424,,,,,,,,,,,,,,,,grass,grade5,29588529,begrünt_erdig
425,,,,,,,,,,,,,,,,mud,grade3,29589263,begrünt_erdig
426,,,,,,,,,,,,,,,,ground,grade3,29589267,unbekannt
427,,,,,,,,,,,,,,,,asphalt,grade1,29986897,versiegelt
428,,,,,,,,,,,,,,,,unknown,grade2,29986901,unbekannt
429,,,,,,,,,,,,,,,,asphalt,grade1,29986902,versiegelt
430,,,,,,,,,,,,,,,,asphalt,grade1,29987051,versiegelt
431,,,,,,,,,,,,,,,,fine_gravel,grade2,29987052,mineralisch
432,,,,,,,,,,,,,,,,asphalt,unknown,29987053,versiegelt
433,,,,,,,,,,,,,,,,ground,grade3,29987140,unbekannt
434,,,,,,,,,,,,,,,,unknown,grade1,29987142,unbekannt
435,,,,,,,,,,,,,,,,unknown,grade3,29987183,unbekannt
436,,,,,,,,,,,,,,,,gravel,grade4,30195409,mineralisch
437,,,,,,,,,,,,,,,,sett,unknown,30443158,unbekannt
438,,,,,,,,,,,,,,,,asphalt,unknown,30443174,versiegelt
439,,,,,,,,,,,,,,,,asphalt,grade1,30683804,versiegelt
440,,,,,,,,,,,,,,,,asphalt,grade1,30688373,versiegelt
441,,,,,,,,,,,,,,,,asphalt,unknown,30688374,versiegelt
442,,,,,,,,,,,,,,,,asphalt,unknown,30726219,versiegelt
443,,,,,,,,,,,,,,,,asphalt,unknown,30726236,versiegelt
444,,,,,,,,,,,,,,,,gravel,grade2,30729128,mineralisch
445,,,,,,,,,,,,,,,,paving_stones,unknown,30729245,unbekannt
446,,,,,,,,,,,,,,,,unknown,unknown,30839840,unbekannt
447,,,,,,,,,,,,,,,,asphalt,unknown,31052965,versiegelt
448,,,,,,,,,,,,,,,,asphalt,unknown,31098196,versiegelt
449,,,,,,,,,,,,,,,,asphalt,unknown,31102338,versiegelt
450,,,,,,,,,,,,,,,,asphalt,unknown,31106969,versiegelt
451,,,,,,,,,,,,,,,,asphalt,unknown,31107003,versiegelt
452,,,,,,,,,,,,,,,,asphalt,unknown,31143947,versiegelt
453,,,,,,,,,,,,,,,,unknown,grade2,31316443,unbekannt
454,,,,,,,,,,,,,,,,paved,unknown,31316575,versiegelt
455,,,,,,,,,,,,,,,,asphalt,grade1,31316698,versiegelt
456,,,,,,,,,,,,,,,,unknown,grade2,31317672,unbekannt
457,,,,,,,,,,,,,,,,asphalt,unknown,31318935,versiegelt
458,,,,,,,,,,,,,,,,asphalt,unknown,31548701,versiegelt
459,,,,,,,,,,,,,,,,unknown,unknown,31651085,unbekannt
460,,,,,,,,,,,,,,,,paving_stones,unknown,31651316,unbekannt
461,,,,,,,,,,,,,,,,grass_paver,unknown,31651426,unbekannt
462,,,,,,,,,,,,,,,,ground,unknown,31651654,unbekannt
463,,,,,,,,,,,,,,,,asphalt,unknown,31652669,versiegelt
464,,,,,,,,,,,,,,,,asphalt,unknown,31652863,versiegelt
465,,,,,,,,,,,,,,,,asphalt,grade1,31653100,versiegelt
466,,,,,,,,,,,,,,,,fine_gravel,grade2,31653126,mineralisch
467,,,,,,,,,,,,,,,,fine_gravel,grade2,31653134,mineralisch
468,,,,,,,,,,,,,,,,asphalt,grade1,31653311,versiegelt
469,,,,,,,,,,,,,,,,asphalt,unknown,32143463,versiegelt
470,,,,,,,,,,,,,,,,paving_stones,unknown,32143626,unbekannt
471,,,,,,,,,,,,,,,,ground,unknown,32143710,unbekannt
472,,,,,,,,,,,,,,,,asphalt,grade1,32144820,versiegelt
473,,,,,,,,,,,,,,,,asphalt,grade1,32144975,versiegelt
474,,,,,,,,,,,,,,,,asphalt,grade1,32144976,versiegelt
475,,,,,,,,,,,,,,,,unknown,grade1,32145320,unbekannt
476,,,,,,,,,,,,,,,,asphalt,grade1,32145781,versiegelt
477,,,,,,,,,,,,,,,,unknown,grade1,32145782,unbekannt
478,,,,,,,,,,,,,,,,unknown,grade1,32145784,unbekannt
479,,,,,,,,,,,,,,,,grass,grade5,32145788,begrünt_erdig
480,,,,,,,,,,,,,,,,grass,grade5,32145789,begrünt_erdig
481,,,,,,,,,,,,,,,,gravel,grade3,32145791,mineralisch
482,,,,,,,,,,,,,,,,ground,unknown,32145792,unbekannt
483,,,,,,,,,,,,,,,,asphalt,grade1,32145793,versiegelt
484,,,,,,,,,,,,,,,,asphalt,grade1,32145796,versiegelt
485,,,,,,,,,,,,,,,,asphalt,unknown,32145801,versiegelt
486,,,,,,,,,,,,,,,,unknown,grade2,32145806,unbekannt
487,,,,,,,,,,,,,,,,asphalt,grade1,32146856,versiegelt
488,,,,,,,,,,,,,,,,grass,grade5,32146857,begrünt_erdig
489,,,,,,,,,,,,,,,,gravel,grade2,32146858,mineralisch
490,,,,,,,,,,,,,,,,gravel,grade2,32146859,mineralisch
491,,,,,,,,,,,,,,,,ground,grade2,32146860,unbekannt
492,,,,,,,,,,,,,,,,gravel,grade2,32146861,mineralisch
493,,,,,,,,,,,,,,,,gravel,grade2,32147396,mineralisch
494,,,,,,,,,,,,,,,,gravel,grade2,32147397,mineralisch
495,,,,,,,,,,,,,,,,unknown,grade1,32147398,unbekannt
496,,,,,,,,,,,,,,,,asphalt,grade1,32147399,versiegelt
497,,,,,,,,,,,,,,,,gravel,grade2,32147400,mineralisch
498,,,,,,,,,,,,,,,,unknown,grade2,32147401,unbekannt
499,,,,,,,,,,,,,,,,asphalt,unknown,32147409,versiegelt
500,,,,,,,,,,,,,,,,asphalt,grade1,32147411,versiegelt
501,,,,,,,,,,,,,,,,compacted,grade2,32147412,mineralisch
502,,,,,,,,,,,,,,,,gravel,grade2,32147413,mineralisch
503,,,,,,,,,,,,,,,,grass,grade5,32147414,begrünt_erdig
504,,,,,,,,,,,,,,,,gravel,grade3,32147416,mineralisch
505,,,,,,,,,,,,,,,,grass,grade4,32147418,begrünt_erdig
506,,,,,,,,,,,,,,,,grass,grade5,32147419,begrünt_erdig
507,,,,,,,,,,,,,,,,grass,grade5,32147420,begrünt_erdig
508,,,,,,,,,,,,,,,,grass,grade5,32147421,begrünt_erdig
509,,,,,,,,,,,,,,,,grass,grade5,32147422,begrünt_erdig
510,,,,,,,,,,,,,,,,grass,grade5,32147423,begrünt_erdig
511,,,,,,,,,,,,,,,,grass,grade5,32147424,begrünt_erdig
512,,,,,,,,,,,,,,,,asphalt,grade1,32148559,versiegelt
513,,,,,,,,,,,,,,,,gravel,grade3,32148572,mineralisch
514,,,,,,,,,,,,,,,,asphalt,unknown,32148706,versiegelt
515,,,,,,,,,,,,,,,,asphalt,unknown,32148711,versiegelt
516,,,,,,,,,,,,,,,,asphalt,unknown,32148713,versiegelt
517,,,,,,,,,,,,,,,,gravel,grade2,32148763,mineralisch
518,,,,,,,,,,,,,,,,gravel,grade2,32148987,mineralisch
519,,,,,,,,,,,,,,,,asphalt,grade1,32149016,versiegelt
520,,,,,,,,,,,,,,,,gravel,grade2,32149337,mineralisch
521,,,,,,,,,,,,,,,,gravel,grade2,32149342,mineralisch
522,,,,,,,,,,,,,,,,ground,grade3,32149370,unbekannt
523,,,,,,,,,,,,,,,,grass,grade5,32205427,begrünt_erdig
524,,,,,,,,,,,,,,,,gravel,grade2,32209000,mineralisch
525,,,,,,,,,,,,,,,,asphalt,unknown,32209004,versiegelt
526,,,,,,,,,,,,,,,,asphalt,unknown,32209193,versiegelt
527,,,,,,,,,,,,,,,,asphalt,grade1,32209198,versiegelt
528,,,,,,,,,,,,,,,,asphalt,unknown,32209287,versiegelt
529,,,,,,,,,,,,,,,,asphalt,grade1,32397966,versiegelt
530,,,,,,,,,,,,,,,,asphalt,grade1,32397967,versiegelt
531,,,,,,,,,,,,,,,,asphalt,unknown,32397969,versiegelt
532,,,,,,,,,,,,,,,,asphalt;gravel,unknown,32397980,unbekannt
533,,,,,,,,,,,,,,,,asphalt,unknown,32397981,versiegelt
534,,,,,,,,,,,,,,,,asphalt,grade1,32397987,versiegelt
535,,,,,,,,,,,,,,,,unknown,unknown,32397988,unbekannt
536,,,,,,,,,,,,,,,,gravel,grade2,32397989,mineralisch
537,,,,,,,,,,,,,,,,fine_gravel,grade2,32399765,mineralisch
538,,,,,,,,,,,,,,,,unknown,grade3,32399768,unbekannt
539,,,,,,,,,,,,,,,,asphalt,grade1,32399771,versiegelt
540,,,,,,,,,,,,,,,,earth,grade4,32399772,unbekannt
541,,,,,,,,,,,,,,,,unknown,grade4,32399773,unbekannt
542,,,,,,,,,,,,,,,,unknown,unknown,32399775,unbekannt
543,,,,,,,,,,,,,,,,ground,grade2,32399776,unbekannt
544,,,,,,,,,,,,,,,,unknown,unknown,32399777,unbekannt
545,,,,,,,,,,,,,,,,unknown,grade4,32399778,unbekannt
546,,,,,,,,,,,,,,,,asphalt,grade1,32399780,versiegelt
547,,,,,,,,,,,,,,,,asphalt,unknown,32399782,versiegelt
548,,,,,,,,,,,,,,,,asphalt,unknown,32399783,versiegelt
549,,,,,,,,,,,,,,,,unknown,unknown,32399785,unbekannt
550,,,,,,,,,,,,,,,,asphalt,unknown,32399786,versiegelt
551,,,,,,,,,,,,,,,,asphalt,grade1,32399789,versiegelt
552,,,,,,,,,,,,,,,,grass,grade5,32399790,begrünt_erdig
553,,,,,,,,,,,,,,,,unknown,unknown,32399792,unbekannt
554,,,,,,,,,,,,,,,,asphalt,unknown,32399798,versiegelt
555,,,,,,,,,,,,,,,,asphalt,grade1,32399799,versiegelt
556,,,,,,,,,,,,,,,,gravel,unknown,32399800,mineralisch
557,,,,,,,,,,,,,,,,asphalt,unknown,32399805,versiegelt
558,,,,,,,,,,,,,,,,asphalt,grade1,32399812,versiegelt
559,,,,,,,,,,,,,,,,grass,grade5,32399816,begrünt_erdig
560,,,,,,,,,,,,,,,,unknown,unknown,32402350,unbekannt
561,,,,,,,,,,,,,,,,unknown,unknown,32402351,unbekannt
562,,,,,,,,,,,,,,,,asphalt,grade1,32402356,versiegelt
563,,,,,,,,,,,,,,,,paved,grade1,32402357,versiegelt
564,,,,,,,,,,,,,,,,asphalt,unknown,32402358,versiegelt
565,,,,,,,,,,,,,,,,asphalt,grade1,32402359,versiegelt
566,,,,,,,,,,,,,,,,asphalt,grade1,32402360,versiegelt
567,,,,,,,,,,,,,,,,unknown,grade2,32402361,unbekannt
568,,,,,,,,,,,,,,,,compacted,grade2,32402367,mineralisch
569,,,,,,,,,,,,,,,,asphalt,grade1,32403224,versiegelt
570,,,,,,,,,,,,,,,,asphalt,grade1,32403231,versiegelt
571,,,,,,,,,,,,,,,,asphalt,grade1,32403255,versiegelt
572,,,,,,,,,,,,,,,,asphalt,unknown,32403333,versiegelt
573,,,,,,,,,,,,,,,,asphalt,unknown,32403678,versiegelt
574,,,,,,,,,,,,,,,,asphalt,unknown,32403737,versiegelt
575,,,,,,,,,,,,,,,,asphalt,grade1,32403832,versiegelt
576,,,,,,,,,,,,,,,,asphalt,grade1,32403874,versiegelt
577,,,,,,,,,,,,,,,,asphalt,unknown,32403889,versiegelt
578,,,,,,,,,,,,,,,,asphalt,grade1,32403977,versiegelt
579,,,,,,,,,,,,,,,,asphalt,unknown,32404200,versiegelt
580,,,,,,,,,,,,,,,,fine_gravel,grade2,32404203,mineralisch
581,,,,,,,,,,,,,,,,asphalt,grade1,32404335,versiegelt
582,,,,,,,,,,,,,,,,unknown,grade2,32429887,unbekannt
583,,,,,,,,,,,,,,,,asphalt,unknown,32429897,versiegelt
584,,,,,,,,,,,,,,,,asphalt,unknown,32429982,versiegelt
585,,,,,,,,,,,,,,,,asphalt,unknown,32430013,versiegelt
586,,,,,,,,,,,,,,,,asphalt,grade1,32430042,versiegelt
587,,,,,,,,,,,,,,,,unknown,grade1,32430056,unbekannt
588,,,,,,,,,,,,,,,,asphalt,unknown,32430112,versiegelt
589,,,,,,,,,,,,,,,,asphalt,unknown,32430131,versiegelt
590,,,,,,,,,,,,,,,,gravel,grade2,32430168,mineralisch
591,,,,,,,,,,,,,,,,gravel,grade2,32433670,mineralisch
592,,,,,,,,,,,,,,,,asphalt,grade1,32434079,versiegelt
593,,,,,,,,,,,,,,,,asphalt,grade1,32434430,versiegelt
594,,,,,,,,,,,,,,,,unknown,unknown,32469436,unbekannt
595,,,,,,,,,,,,,,,,unknown,grade3,32469516,unbekannt
596,,,,,,,,,,,,,,,,asphalt,grade1,33174009,versiegelt
597,,,,,,,,,,,,,,,,asphalt,grade1,33174107,versiegelt
598,,,,,,,,,,,,,,,,fine_gravel,grade2,33174277,mineralisch
599,,,,,,,,,,,,,,,,gravel,grade3,33174284,mineralisch
600,,,,,,,,,,,,,,,,gravel,grade2,33174294,mineralisch
601,,,,,,,,,,,,,,,,gravel,grade2,33174311,mineralisch
602,,,,,,,,,,,,,,,,gravel,grade2,33174346,mineralisch
603,,,,,,,,,,,,,,,,gravel,grade2,33174354,mineralisch
604,,,,,,,,,,,,,,,,ground,grade4,33174368,unbekannt
605,,,,,,,,,,,,,,,,gravel,grade2,33176481,mineralisch
606,,,,,,,,,,,,,,,,gravel,grade2,33176599,mineralisch
607,,,,,,,,,,,,,,,,gravel,grade2,33176659,mineralisch
608,,,,,,,,,,,,,,,,gravel,grade2,33176678,mineralisch
609,,,,,,,,,,,,,,,,gravel,grade2,33176689,mineralisch
610,,,,,,,,,,,,,,,,gravel,grade2,33176698,mineralisch
611,,,,,,,,,,,,,,,,asphalt,unknown,33176757,versiegelt
612,,,,,,,,,,,,,,,,gravel,grade2,33176770,mineralisch
613,,,,,,,,,,,,,,,,gravel,grade2,33176828,mineralisch
614,,,,,,,,,,,,,,,,gravel,grade3,33176858,mineralisch
615,,,,,,,,,,,,,,,,dirt,grade3,33176872,begrünt_erdig
616,,,,,,,,,,,,,,,,gravel,grade3,33176899,mineralisch
617,,,,,,,,,,,,,,,,gravel,grade2,33176956,mineralisch
618,,,,,,,,,,,,,,,,compacted,grade2,33177065,mineralisch
619,,,,,,,,,,,,,,,,asphalt,grade1,33178995,versiegelt
620,,,,,,,,,,,,,,,,dirt,grade2,33179160,begrünt_erdig
621,,,,,,,,,,,,,,,,fine_gravel,grade2,33278830,mineralisch
622,,,,,,,,,,,,,,,,fine_gravel,grade2,33278836,mineralisch
623,,,,,,,,,,,,,,,,unknown,grade3,33278837,unbekannt
624,,,,,,,,,,,,,,,,unknown,unknown,33279150,unbekannt
625,,,,,,,,,,,,,,,,unknown,unknown,33279246,unbekannt
626,,,,,,,,,,,,,,,,gravel,grade3,33279496,mineralisch
627,,,,,,,,,,,,,,,,asphalt,grade1,33283565,versiegelt
628,,,,,,,,,,,,,,,,unknown,unknown,33283961,unbekannt
629,,,,,,,,,,,,,,,,grass,grade5,33306548,begrünt_erdig
630,,,,,,,,,,,,,,,,fine_gravel,grade3,33308029,mineralisch
631,,,,,,,,,,,,,,,,asphalt,unknown,33338700,versiegelt
632,,,,,,,,,,,,,,,,asphalt,unknown,33383229,versiegelt
633,,,,,,,,,,,,,,,,asphalt,unknown,33383233,versiegelt
634,,,,,,,,,,,,,,,,compacted,grade3,33459297,mineralisch
635,,,,,,,,,,,,,,,,grass,grade4,33463392,begrünt_erdig
636,,,,,,,,,,,,,,,,compacted,grade2,33463667,mineralisch
637,,,,,,,,,,,,,,,,compacted,grade3,33502579,mineralisch
638,,,,,,,,,,,,,,,,dirt,unknown,33502643,begrünt_erdig
639,,,,,,,,,,,,,,,,dirt,grade5,33502674,begrünt_erdig
640,,,,,,,,,,,,,,,,compacted,grade3,33502758,mineralisch
641,,,,,,,,,,,,,,,,dirt,unknown,33502773,begrünt_erdig
642,,,,,,,,,,,,,,,,asphalt,grade1,33502775,versiegelt
643,,,,,,,,,,,,,,,,dirt,unknown,33502792,begrünt_erdig
644,,,,,,,,,,,,,,,,ground,unknown,33505744,unbekannt
645,,,,,,,,,,,,,,,,unknown,grade3,33505781,unbekannt
646,,,,,,,,,,,,,,,,compacted,grade3,33505905,mineralisch
647,,,,,,,,,,,,,,,,compacted,grade2,33510717,mineralisch
648,,,,,,,,,,,,,,,,compacted,grade2,33510721,mineralisch
649,,,,,,,,,,,,,,,,asphalt,grade1,33510722,versiegelt
650,,,,,,,,,,,,,,,,compacted,unknown,33510865,mineralisch
651,,,,,,,,,,,,,,,,compacted,grade2,33511059,mineralisch
652,,,,,,,,,,,,,,,,gravel,grade2,33511080,mineralisch
653,,,,,,,,,,,,,,,,asphalt,unknown,33562397,versiegelt
654,,,,,,,,,,,,,,,,dirt,unknown,33617517,begrünt_erdig
655,,,,,,,,,,,,,,,,fine_gravel,grade3,33618738,mineralisch
656,,,,,,,,,,,,,,,,compacted,grade3,33630409,mineralisch
657,,,,,,,,,,,,,,,,dirt,unknown,33630410,begrünt_erdig
658,,,,,,,,,,,,,,,,dirt,unknown,33630429,begrünt_erdig
659,,,,,,,,,,,,,,,,gravel,grade2,33630868,mineralisch
660,,,,,,,,,,,,,,,,gravel,grade2,33630869,mineralisch
661,,,,,,,,,,,,,,,,ground,grade4,33630881,unbekannt
662,,,,,,,,,,,,,,,,grass,grade5,33630900,begrünt_erdig
663,,,,,,,,,,,,,,,,ground,grade3,33630902,unbekannt
664,,,,,,,,,,,,,,,,dirt,unknown,33636652,begrünt_erdig
665,,,,,,,,,,,,,,,,dirt,unknown,33636720,begrünt_erdig
666,,,,,,,,,,,,,,,,compacted,grade2,33637334,mineralisch
667,,,,,,,,,,,,,,,,compacted,grade3,33637922,mineralisch
668,,,,,,,,,,,,,,,,paved,grade3,33637944,versiegelt
669,,,,,,,,,,,,,,,,unknown,grade1,33733384,unbekannt
670,,,,,,,,,,,,,,,,compacted,grade2,33742065,mineralisch
671,,,,,,,,,,,,,,,,paved,grade1,33743185,versiegelt
672,,,,,,,,,,,,,,,,dirt,unknown,33769826,begrünt_erdig
673,,,,,,,,,,,,,,,,gravel,grade2,33770544,mineralisch
674,,,,,,,,,,,,,,,,gravel,grade2,33770608,mineralisch
675,,,,,,,,,,,,,,,,gravel,grade2,33770658,mineralisch
676,,,,,,,,,,,,,,,,gravel,grade2,33770699,mineralisch
677,,,,,,,,,,,,,,,,gravel,grade2,33770781,mineralisch
678,,,,,,,,,,,,,,,,dirt,grade3,33770915,begrünt_erdig
679,,,,,,,,,,,,,,,,unknown,unknown,33837764,unbekannt
680,,,,,,,,,,,,,,,,gravel,unknown,33847455,mineralisch
681,,,,,,,,,,,,,,,,unknown,unknown,33885720,unbekannt
682,,,,,,,,,,,,,,,,gravel,grade2,33888919,mineralisch
683,,,,,,,,,,,,,,,,gravel,grade2,33888920,mineralisch
684,,,,,,,,,,,,,,,,fine_gravel,grade2,34132143,mineralisch
685,,,,,,,,,,,,,,,,fine_gravel,grade2,34158253,mineralisch
686,,,,,,,,,,,,,,,,fine_gravel,grade2,34231504,mineralisch
687,,,,,,,,,,,,,,,,gravel,grade2,34231508,mineralisch
688,,,,,,,,,,,,,,,,gravel,grade2,34231521,mineralisch
689,,,,,,,,,,,,,,,,gravel,grade2,34239621,mineralisch
690,,,,,,,,,,,,,,,,fine_gravel,grade3,34243194,mineralisch
691,,,,,,,,,,,,,,,,asphalt,unknown,34243257,versiegelt
692,,,,,,,,,,,,,,,,unknown,unknown,34303809,unbekannt
693,,,,,,,,,,,,,,,,asphalt,unknown,34322891,versiegelt
694,,,,,,,,,,,,,,,,paved,unknown,34418257,versiegelt
695,,,,,,,,,,,,,,,,paved,unknown,34418263,versiegelt
696,,,,,,,,,,,,,,,,asphalt,unknown,34418266,versiegelt
697,,,,,,,,,,,,,,,,unknown,grade2,34418277,unbekannt
698,,,,,,,,,,,,,,,,unknown,grade1,34418286,unbekannt
699,,,,,,,,,,,,,,,,asphalt,grade1,34418287,versiegelt
700,,,,,,,,,,,,,,,,unknown,grade1,34418288,unbekannt
701,,,,,,,,,,,,,,,,asphalt,grade1,34505486,versiegelt
702,,,,,,,,,,,,,,,,asphalt,grade1,34505487,versiegelt
703,,,,,,,,,,,,,,,,unknown,grade1,34505491,unbekannt
704,,,,,,,,,,,,,,,,asphalt,grade1,34508951,versiegelt
705,,,,,,,,,,,,,,,,unknown,grade2,34508952,unbekannt
706,,,,,,,,,,,,,,,,gravel,grade3,34508953,mineralisch
707,,,,,,,,,,,,,,,,compacted,grade2,34508954,mineralisch
708,,,,,,,,,,,,,,,,asphalt,unknown,34508957,versiegelt
709,,,,,,,,,,,,,,,,gravel,grade2,34508960,mineralisch
710,,,,,,,,,,,,,,,,asphalt,unknown,34510888,versiegelt
711,,,,,,,,,,,,,,,,asphalt,unknown,34510889,versiegelt
712,,,,,,,,,,,,,,,,asphalt,unknown,34510890,versiegelt
713,,,,,,,,,,,,,,,,asphalt,unknown,34510891,versiegelt
714,,,,,,,,,,,,,,,,unknown,grade3,34510894,unbekannt
715,,,,,,,,,,,,,,,,unknown,grade1,34510895,unbekannt
716,,,,,,,,,,,,,,,,asphalt,grade1,34510900,versiegelt
717,,,,,,,,,,,,,,,,unknown,grade2,34510911,unbekannt
718,,,,,,,,,,,,,,,,unknown,unknown,34510913,unbekannt
719,,,,,,,,,,,,,,,,unknown,grade1,34510914,unbekannt
720,,,,,,,,,,,,,,,,unknown,grade3,34510923,unbekannt
721,,,,,,,,,,,,,,,,asphalt,grade1,34510925,versiegelt
722,,,,,,,,,,,,,,,,unknown,grade1,34510926,unbekannt
723,,,,,,,,,,,,,,,,unknown,unknown,34510935,unbekannt
724,,,,,,,,,,,,,,,,asphalt,grade2,34586288,versiegelt
725,,,,,,,,,,,,,,,,unknown,grade1,34606635,unbekannt
726,,,,,,,,,,,,,,,,unknown,grade1,34606636,unbekannt
727,,,,,,,,,,,,,,,,unknown,grade2,34606638,unbekannt
728,,,,,,,,,,,,,,,,unknown,grade3,34606639,unbekannt
729,,,,,,,,,,,,,,,,unknown,grade2,34606642,unbekannt
730,,,,,,,,,,,,,,,,unknown,grade2,34606644,unbekannt
731,,,,,,,,,,,,,,,,unknown,grade3,34606647,unbekannt
732,,,,,,,,,,,,,,,,asphalt,grade1,34606648,versiegelt
733,,,,,,,,,,,,,,,,gravel,grade3,34606659,mineralisch
734,,,,,,,,,,,,,,,,unknown,grade1,34606661,unbekannt
735,,,,,,,,,,,,,,,,asphalt,grade1,34606679,versiegelt
736,,,,,,,,,,,,,,,,unknown,grade1,34606686,unbekannt
737,,,,,,,,,,,,,,,,fine_gravel,unknown,34606703,mineralisch
738,,,,,,,,,,,,,,,,unknown,unknown,34606710,unbekannt
739,,,,,,,,,,,,,,,,unknown,grade1,34606713,unbekannt
740,,,,,,,,,,,,,,,,unknown,unknown,34606714,unbekannt
741,,,,,,,,,,,,,,,,gravel,grade2,34622614,mineralisch
742,,,,,,,,,,,,,,,,asphalt,grade1,34622626,versiegelt
743,,,,,,,,,,,,,,,,unknown,grade1,34622628,unbekannt
744,,,,,,,,,,,,,,,,asphalt,unknown,34622637,versiegelt
745,,,,,,,,,,,,,,,,gravel,grade2,34622639,mineralisch
746,,,,,,,,,,,,,,,,asphalt,unknown,34622640,versiegelt
747,,,,,,,,,,,,,,,,asphalt,unknown,34622649,versiegelt
748,,,,,,,,,,,,,,,,unknown,grade1,34622654,unbekannt
749,,,,,,,,,,,,,,,,unknown,unknown,34622657,unbekannt
750,,,,,,,,,,,,,,,,asphalt,unknown,34967118,versiegelt
751,,,,,,,,,,,,,,,,unknown,grade3,34967234,unbekannt
752,,,,,,,,,,,,,,,,unknown,grade5,34967235,unbekannt
753,,,,,,,,,,,,,,,,asphalt,grade1,34967237,versiegelt
754,,,,,,,,,,,,,,,,asphalt,grade1,34967654,versiegelt
755,,,,,,,,,,,,,,,,asphalt,grade1,34967655,versiegelt
756,,,,,,,,,,,,,,,,gravel,grade3,34967656,mineralisch
757,,,,,,,,,,,,,,,,asphalt,grade1,34967658,versiegelt
758,,,,,,,,,,,,,,,,unknown,unknown,34967659,unbekannt
759,,,,,,,,,,,,,,,,grass,grade5,34967661,begrünt_erdig
760,,,,,,,,,,,,,,,,fine_gravel,grade2,34990224,mineralisch
761,,,,,,,,,,,,,,,,asphalt,grade1,35028038,versiegelt
762,,,,,,,,,,,,,,,,gravel,grade2,35038450,mineralisch
763,,,,,,,,,,,,,,,,asphalt,grade1,35038452,versiegelt
764,,,,,,,,,,,,,,,,asphalt,grade1,35038454,versiegelt
765,,,,,,,,,,,,,,,,asphalt,grade1,35038455,versiegelt
766,,,,,,,,,,,,,,,,asphalt,unknown,35038462,versiegelt
767,,,,,,,,,,,,,,,,asphalt,unknown,35038470,versiegelt
768,,,,,,,,,,,,,,,,unknown,unknown,35038471,unbekannt
769,,,,,,,,,,,,,,,,gravel,unknown,35038474,mineralisch
770,,,,,,,,,,,,,,,,gravel,grade2,35038478,mineralisch
771,,,,,,,,,,,,,,,,unknown,unknown,35038483,unbekannt
772,,,,,,,,,,,,,,,,asphalt,unknown,35038487,versiegelt
773,,,,,,,,,,,,,,,,unknown,grade1,35038491,unbekannt
774,,,,,,,,,,,,,,,,gravel,unknown,35038494,mineralisch
775,,,,,,,,,,,,,,,,unknown,grade1,35038497,unbekannt
776,,,,,,,,,,,,,,,,asphalt,grade1,35038503,versiegelt
777,,,,,,,,,,,,,,,,unknown,grade1,35038509,unbekannt
778,,,,,,,,,,,,,,,,unknown,grade3,35038510,unbekannt
779,,,,,,,,,,,,,,,,unknown,grade2,35038511,unbekannt
780,,,,,,,,,,,,,,,,unknown,grade1,35038512,unbekannt
781,,,,,,,,,,,,,,,,asphalt,grade1,35038513,versiegelt
782,,,,,,,,,,,,,,,,asphalt,grade1,35038514,versiegelt
783,,,,,,,,,,,,,,,,unknown,grade1,35038515,unbekannt
784,,,,,,,,,,,,,,,,asphalt,unknown,35038516,versiegelt
785,,,,,,,,,,,,,,,,unknown,grade4,35038552,unbekannt
786,,,,,,,,,,,,,,,,asphalt,unknown,35051596,versiegelt
787,,,,,,,,,,,,,,,,grass,grade4,35066050,begrünt_erdig
788,,,,,,,,,,,,,,,,grass,grade5,35326740,begrünt_erdig
789,,,,,,,,,,,,,,,,gravel,grade3,35326888,mineralisch
790,,,,,,,,,,,,,,,,unknown,grade2,35328599,unbekannt
791,,,,,,,,,,,,,,,,grass,grade5,35328600,begrünt_erdig
792,,,,,,,,,,,,,,,,asphalt,grade1,35330889,versiegelt
793,,,,,,,,,,,,,,,,gravel,grade4,35330891,mineralisch
794,,,,,,,,,,,,,,,,grass,grade5,35330893,begrünt_erdig
795,,,,,,,,,,,,,,,,asphalt,grade1,35331950,versiegelt
796,,,,,,,,,,,,,,,,gravel,grade3,35331952,mineralisch
797,,,,,,,,,,,,,,,,asphalt,grade1,35331954,versiegelt
798,,,,,,,,,,,,,,,,gravel,grade2,35331955,mineralisch
799,,,,,,,,,,,,,,,,unknown,grade3,35331956,unbekannt
800,,,,,,,,,,,,,,,,asphalt,grade1,35331957,versiegelt
801,,,,,,,,,,,,,,,,unknown,grade3,35332945,unbekannt
802,,,,,,,,,,,,,,,,unknown,grade2,35332947,unbekannt
803,,,,,,,,,,,,,,,,grass,grade5,35332948,begrünt_erdig
804,,,,,,,,,,,,,,,,grass,grade5,35332950,begrünt_erdig
805,,,,,,,,,,,,,,,,unknown,grade5,35332951,unbekannt
806,,,,,,,,,,,,,,,,unknown,grade5,35332953,unbekannt
807,,,,,,,,,,,,,,,,unknown,grade1,35332954,unbekannt
808,,,,,,,,,,,,,,,,unknown,grade5,35332955,unbekannt
809,,,,,,,,,,,,,,,,grass,grade5,35332956,begrünt_erdig
810,,,,,,,,,,,,,,,,grass,grade5,35332959,begrünt_erdig
811,,,,,,,,,,,,,,,,unknown,unknown,35332960,unbekannt
812,,,,,,,,,,,,,,,,grass,grade5,35332962,begrünt_erdig
813,,,,,,,,,,,,,,,,unknown,unknown,35332963,unbekannt
814,,,,,,,,,,,,,,,,asphalt,grade1,35332967,versiegelt
815,,,,,,,,,,,,,,,,unknown,unknown,35334063,unbekannt
816,,,,,,,,,,,,,,,,unknown,grade2,35471407,unbekannt
817,,,,,,,,,,,,,,,,asphalt,unknown,35471408,versiegelt
818,,,,,,,,,,,,,,,,unknown,grade1,35471411,unbekannt
819,,,,,,,,,,,,,,,,unknown,grade3,35471413,unbekannt
820,,,,,,,,,,,,,,,,asphalt,unknown,35471416,versiegelt
821,,,,,,,,,,,,,,,,unknown,grade2,35471436,unbekannt
822,,,,,,,,,,,,,,,,unknown,grade2,35471437,unbekannt
823,,,,,,,,,,,,,,,,unknown,grade2,35471438,unbekannt
824,,,,,,,,,,,,,,,,unknown,grade1,35471439,unbekannt
825,,,,,,,,,,,,,,,,asphalt,unknown,35471442,versiegelt
826,,,,,,,,,,,,,,,,unknown,grade1,35471443,unbekannt
827,,,,,,,,,,,,,,,,unknown,grade1,35471444,unbekannt
828,,,,,,,,,,,,,,,,unknown,grade2,35471445,unbekannt
829,,,,,,,,,,,,,,,,unknown,grade2,35471446,unbekannt
830,,,,,,,,,,,,,,,,unknown,grade2,35471447,unbekannt
831,,,,,,,,,,,,,,,,unknown,unknown,35471450,unbekannt
832,,,,,,,,,,,,,,,,unknown,unknown,35471459,unbekannt
833,,,,,,,,,,,,,,,,unknown,unknown,35471463,unbekannt
834,,,,,,,,,,,,,,,,unknown,grade1,35471464,unbekannt
835,,,,,,,,,,,,,,,,asphalt,unknown,35480797,versiegelt
836,,,,,,,,,,,,,,,,asphalt,unknown,35480798,versiegelt
837,,,,,,,,,,,,,,,,paved,unknown,35558206,versiegelt
838,,,,,,,,,,,,,,,,paved,unknown,35558207,versiegelt
839,,,,,,,,,,,,,,,,asphalt,unknown,35558209,versiegelt
840,,,,,,,,,,,,,,,,asphalt,unknown,35558210,versiegelt
841,,,,,,,,,,,,,,,,asphalt,grade1,35838666,versiegelt
842,,,,,,,,,,,,,,,,unknown,grade3,35838667,unbekannt
843,,,,,,,,,,,,,,,,paved,unknown,35849064,versiegelt
844,,,,,,,,,,,,,,,,asphalt,unknown,35899038,versiegelt
845,,,,,,,,,,,,,,,,asphalt,unknown,35899039,versiegelt
846,,,,,,,,,,,,,,,,asphalt,grade1,35899181,versiegelt
847,,,,,,,,,,,,,,,,gravel,grade2,35899209,mineralisch
848,,,,,,,,,,,,,,,,ground,grade4,35899229,unbekannt
849,,,,,,,,,,,,,,,,gravel,grade2,35899244,mineralisch
850,,,,,,,,,,,,,,,,asphalt,unknown,35899332,versiegelt
851,,,,,,,,,,,,,,,,asphalt-grass-asphalt,grade1,35916791,unbekannt
852,,,,,,,,,,,,,,,,asphalt,unknown,35917278,versiegelt
853,,,,,,,,,,,,,,,,asphalt,unknown,35917279,versiegelt
854,,,,,,,,,,,,,,,,gravel,grade2,35917280,mineralisch
855,,,,,,,,,,,,,,,,unknown,grade4,35917281,unbekannt
856,,,,,,,,,,,,,,,,unknown,grade1,35917282,unbekannt
857,,,,,,,,,,,,,,,,unknown,grade5,35917283,unbekannt
858,,,,,,,,,,,,,,,,ground,grade3,35917284,unbekannt
859,,,,,,,,,,,,,,,,compacted,grade3,35917285,mineralisch
860,,,,,,,,,,,,,,,,unknown,unknown,35917286,unbekannt
861,,,,,,,,,,,,,,,,fine_gravel,grade2,35917287,mineralisch
862,,,,,,,,,,,,,,,,gravel,grade2,35917288,mineralisch
863,,,,,,,,,,,,,,,,unknown,unknown,35917289,unbekannt
864,,,,,,,,,,,,,,,,unknown,grade2,35917290,unbekannt
865,,,,,,,,,,,,,,,,compacted,grade3,35917291,mineralisch
866,,,,,,,,,,,,,,,,compacted,grade5,35918740,mineralisch
867,,,,,,,,,,,,,,,,unknown,grade2,35918741,unbekannt
868,,,,,,,,,,,,,,,,unknown,grade1,35918745,unbekannt
869,,,,,,,,,,,,,,,,gravel,grade2,35918746,mineralisch
870,,,,,,,,,,,,,,,,asphalt,unknown,35918747,versiegelt
871,,,,,,,,,,,,,,,,grass,grade5,35918748,begrünt_erdig
872,,,,,,,,,,,,,,,,asphalt,grade1,35918749,versiegelt
873,,,,,,,,,,,,,,,,asphalt,grade1,35918750,versiegelt
874,,,,,,,,,,,,,,,,paving_stones,unknown,35918752,unbekannt
875,,,,,,,,,,,,,,,,unknown,grade1,35918755,unbekannt
876,,,,,,,,,,,,,,,,unknown,unknown,35918756,unbekannt
877,,,,,,,,,,,,,,,,unknown,unknown,35918757,unbekannt
878,,,,,,,,,,,,,,,,unknown,grade1,35918758,unbekannt
879,,,,,,,,,,,,,,,,unknown,unknown,35918763,unbekannt
880,,,,,,,,,,,,,,,,asphalt,unknown,35918766,versiegelt
881,,,,,,,,,,,,,,,,gravel,unknown,35918767,mineralisch
882,,,,,,,,,,,,,,,,unknown,unknown,35918768,unbekannt
883,,,,,,,,,,,,,,,,cobblestone,unknown,35918769,unbekannt
884,,,,,,,,,,,,,,,,cobblestone,unknown,35918770,unbekannt
885,,,,,,,,,,,,,,,,paving_stones,unknown,35918775,unbekannt
886,,,,,,,,,,,,,,,,unknown,unknown,35918777,unbekannt
887,,,,,,,,,,,,,,,,asphalt,grade1,35937295,versiegelt
888,,,,,,,,,,,,,,,,unknown,grade1,36364579,unbekannt
889,,,,,,,,,,,,,,,,unknown,grade3,36364620,unbekannt
890,,,,,,,,,,,,,,,,unknown,unknown,36889719,unbekannt
891,,,,,,,,,,,,,,,,gravel,grade2,36954677,mineralisch
892,,,,,,,,,,,,,,,,gravel,grade2,36954678,mineralisch
893,,,,,,,,,,,,,,,,grass,grade5,36954679,begrünt_erdig
894,,,,,,,,,,,,,,,,gravel,grade4,36954698,mineralisch
895,,,,,,,,,,,,,,,,gravel,unknown,36954699,mineralisch
896,,,,,,,,,,,,,,,,asphalt,grade1,37101993,versiegelt
897,,,,,,,,,,,,,,,,compacted,grade2,37102054,mineralisch
898,,,,,,,,,,,,,,,,fine_gravel,grade2,37102055,mineralisch
899,,,,,,,,,,,,,,,,gravel,grade2,37102056,mineralisch
900,,,,,,,,,,,,,,,,asphalt,grade1,37102189,versiegelt
901,,,,,,,,,,,,,,,,grass,grade5,37277999,begrünt_erdig
902,,,,,,,,,,,,,,,,grass,grade5,37278000,begrünt_erdig
903,,,,,,,,,,,,,,,,asphalt,unknown,37278001,versiegelt
904,,,,,,,,,,,,,,,,asphalt,grade1,37278003,versiegelt
905,,,,,,,,,,,,,,,,dirt,grade2,37278004,begrünt_erdig
906,,,,,,,,,,,,,,,,paved,grade2,37278006,versiegelt
907,,,,,,,,,,,,,,,,asphalt,grade1,37278008,versiegelt
908,,,,,,,,,,,,,,,,asphalt,grade1,37278009,versiegelt
909,,,,,,,,,,,,,,,,asphalt,grade1,37292824,versiegelt
910,,,,,,,,,,,,,,,,asphalt,grade1,37295699,versiegelt
911,,,,,,,,,,,,,,,,gravel,grade2,37295700,mineralisch
912,,,,,,,,,,,,,,,,asphalt,unknown,37296811,versiegelt
913,,,,,,,,,,,,,,,,gravel,grade2,37296812,mineralisch
914,,,,,,,,,,,,,,,,asphalt,grade1,37296813,versiegelt
915,,,,,,,,,,,,,,,,unknown,unknown,37296817,unbekannt
916,,,,,,,,,,,,,,,,gravel,grade2,37296818,mineralisch
917,,,,,,,,,,,,,,,,asphalt,grade1,37296941,versiegelt
918,,,,,,,,,,,,,,,,unknown,unknown,37299106,unbekannt
919,,,,,,,,,,,,,,,,grass,grade5,37299109,begrünt_erdig
920,,,,,,,,,,,,,,,,unknown,unknown,37299112,unbekannt
921,,,,,,,,,,,,,,,,asphalt,unknown,37299113,versiegelt
922,,,,,,,,,,,,,,,,unknown,unknown,37299115,unbekannt
923,,,,,,,,,,,,,,,,unknown,unknown,37299116,unbekannt
924,,,,,,,,,,,,,,,,asphalt,unknown,37300038,versiegelt
925,,,,,,,,,,,,,,,,asphalt,unknown,37300039,versiegelt
926,,,,,,,,,,,,,,,,unknown,unknown,37300040,unbekannt
927,,,,,,,,,,,,,,,,asphalt,grade1,37300041,versiegelt
928,,,,,,,,,,,,,,,,gravel,grade2,37300046,mineralisch
929,,,,,,,,,,,,,,,,unknown,unknown,37300048,unbekannt
930,,,,,,,,,,,,,,,,gravel,grade2,37300051,mineralisch
931,,,,,,,,,,,,,,,,unknown,unknown,37300053,unbekannt
932,,,,,,,,,,,,,,,,ground,grade2,37556228,unbekannt
933,,,,,,,,,,,,,,,,unknown,grade2,37641587,unbekannt
934,,,,,,,,,,,,,,,,fine_gravel,grade2,37641795,mineralisch
935,,,,,,,,,,,,,,,,gravel,grade2,37641796,mineralisch
936,,,,,,,,,,,,,,,,fine_gravel,grade3,37641797,mineralisch
937,,,,,,,,,,,,,,,,unknown,grade2,37641798,unbekannt
938,,,,,,,,,,,,,,,,unknown,grade3,37641799,unbekannt
939,,,,,,,,,,,,,,,,unknown,grade3,37641800,unbekannt
940,,,,,,,,,,,,,,,,unknown,grade3,37641801,unbekannt
941,,,,,,,,,,,,,,,,unknown,grade3,37641802,unbekannt
942,,,,,,,,,,,,,,,,gravel,grade2,37641803,mineralisch
943,,,,,,,,,,,,,,,,unknown,grade3,37641804,unbekannt
944,,,,,,,,,,,,,,,,gravel,grade2,37641805,mineralisch
945,,,,,,,,,,,,,,,,asphalt,unknown,37766820,versiegelt
946,,,,,,,,,,,,,,,,compacted,grade2,37773139,mineralisch
947,,,,,,,,,,,,,,,,asphalt,unknown,37773140,versiegelt
948,,,,,,,,,,,,,,,,paving_stones,unknown,37773364,unbekannt
949,,,,,,,,,,,,,,,,paved,grade1,37797820,versiegelt
950,,,,,,,,,,,,,,,,unknown,grade1,37797821,unbekannt
951,,,,,,,,,,,,,,,,unknown,unknown,37797824,unbekannt
952,,,,,,,,,,,,,,,,paved,grade1,37797828,versiegelt
953,,,,,,,,,,,,,,,,unknown,unknown,37797829,unbekannt
954,,,,,,,,,,,,,,,,unknown,unknown,37797830,unbekannt
955,,,,,,,,,,,,,,,,asphalt,unknown,37831557,versiegelt
956,,,,,,,,,,,,,,,,unknown,grade1,37831565,unbekannt
957,,,,,,,,,,,,,,,,paved,grade1,37831567,versiegelt
958,,,,,,,,,,,,,,,,unknown,grade1,38059641,unbekannt
959,,,,,,,,,,,,,,,,concrete,grade1,38059642,versiegelt
960,,,,,,,,,,,,,,,,unknown,grade1,38059643,unbekannt
961,,,,,,,,,,,,,,,,asphalt,grade1,38059645,versiegelt
962,,,,,,,,,,,,,,,,asphalt,grade1,38059646,versiegelt
963,,,,,,,,,,,,,,,,asphalt,grade1,38059647,versiegelt
964,,,,,,,,,,,,,,,,fine_gravel,grade2,38059653,mineralisch
965,,,,,,,,,,,,,,,,unknown,grade1,38059654,unbekannt
966,,,,,,,,,,,,,,,,grass,unknown,38059696,begrünt_erdig
967,,,,,,,,,,,,,,,,unknown,grade1,38059697,unbekannt
968,,,,,,,,,,,,,,,,asphalt,grade1,38059698,versiegelt
969,,,,,,,,,,,,,,,,asphalt,grade1,38059699,versiegelt
970,,,,,,,,,,,,,,,,asphalt,grade1,38059700,versiegelt
971,,,,,,,,,,,,,,,,unknown,grade1,38069204,unbekannt
972,,,,,,,,,,,,,,,,asphalt,grade1,38069205,versiegelt
973,,,,,,,,,,,,,,,,grass,grade5,38069207,begrünt_erdig
974,,,,,,,,,,,,,,,,grass,grade5,38069208,begrünt_erdig
975,,,,,,,,,,,,,,,,unknown,unknown,38069209,unbekannt
976,,,,,,,,,,,,,,,,unknown,grade1,38069455,unbekannt
977,,,,,,,,,,,,,,,,unknown,grade5,38069456,unbekannt
978,,,,,,,,,,,,,,,,grass,grade5,38069457,begrünt_erdig
979,,,,,,,,,,,,,,,,grass,grade5,38069458,begrünt_erdig
980,,,,,,,,,,,,,,,,grass,grade5,38069459,begrünt_erdig
981,,,,,,,,,,,,,,,,grass,grade5,38069460,begrünt_erdig
982,,,,,,,,,,,,,,,,grass,grade5,38069461,begrünt_erdig
983,,,,,,,,,,,,,,,,grass,grade5,38069462,begrünt_erdig
984,,,,,,,,,,,,,,,,concrete,grade1,38069464,versiegelt
985,,,,,,,,,,,,,,,,unknown,grade1,38069465,unbekannt
986,,,,,,,,,,,,,,,,grass,grade5,38069466,begrünt_erdig
987,,,,,,,,,,,,,,,,grass,grade5,38069467,begrünt_erdig
988,,,,,,,,,,,,,,,,grass,grade5,38069468,begrünt_erdig
989,,,,,,,,,,,,,,,,grass,grade5,38069469,begrünt_erdig
990,,,,,,,,,,,,,,,,grass,grade5,38070271,begrünt_erdig
991,,,,,,,,,,,,,,,,grass,grade5,38070305,begrünt_erdig
992,,,,,,,,,,,,,,,,ground,grade3,38073452,unbekannt
993,,,,,,,,,,,,,,,,unknown,grade1,38075037,unbekannt
994,,,,,,,,,,,,,,,,asphalt,grade1,38075038,versiegelt
995,,,,,,,,,,,,,,,,asphalt,grade1,38075039,versiegelt
996,,,,,,,,,,,,,,,,unknown,unknown,38085257,unbekannt
997,,,,,,,,,,,,,,,,asphalt,unknown,38085258,versiegelt
998,,,,,,,,,,,,,,,,grass,grade5,38085324,begrünt_erdig
999,,,,,,,,,,,,,,,,unknown,grade2,38085690,unbekannt
1000,,,,,,,,,,,,,,,,grass,grade4,38089893,begrünt_erdig
1001,,,,,,,,,,,,,,,,asphalt,grade1,38120443,versiegelt
1002,,,,,,,,,,,,,,,,gravel,grade2,38120444,mineralisch
1003,,,,,,,,,,,,,,,,ground,grade3,38120445,unbekannt
1004,,,,,,,,,,,,,,,,fine_gravel,grade3,38120446,mineralisch
1005,,,,,,,,,,,,,,,,gravel,grade3,38120447,mineralisch
1006,,,,,,,,,,,,,,,,unknown,unknown,38212297,unbekannt
1007,,,,,,,,,,,,,,,,unknown,grade5,38212313,unbekannt
1008,,,,,,,,,,,,,,,,concrete,grade1,38428289,versiegelt
1009,,,,,,,,,,,,,,,,asphalt,grade1,38524351,versiegelt
1010,,,,,,,,,,,,,,,,unknown,grade2,38537503,unbekannt
1011,,,,,,,,,,,,,,,,unknown,unknown,38537504,unbekannt
1012,,,,,,,,,,,,,,,,unknown,grade3,38537505,unbekannt
1013,,,,,,,,,,,,,,,,unknown,grade3,38537506,unbekannt
1014,,,,,,,,,,,,,,,,unknown,unknown,38537766,unbekannt
1015,,,,,,,,,,,,,,,,unknown,grade2,38537768,unbekannt
1016,,,,,,,,,,,,,,,,unknown,grade2,38537769,unbekannt
1017,,,,,,,,,,,,,,,,unknown,grade3,38537770,unbekannt
1018,,,,,,,,,,,,,,,,unknown,unknown,38537771,unbekannt
1019,,,,,,,,,,,,,,,,unknown,unknown,38537772,unbekannt
1020,,,,,,,,,,,,,,,,unknown,grade3,38537773,unbekannt
1021,,,,,,,,,,,,,,,,asphalt,grade1,38537775,versiegelt
1022,,,,,,,,,,,,,,,,paved,grade2,38537776,versiegelt
1023,,,,,,,,,,,,,,,,paved,unknown,38543815,versiegelt
1024,,,,,,,,,,,,,,,,compacted,grade3,38545198,mineralisch
1025,,,,,,,,,,,,,,,,unknown,grade1,38668042,unbekannt
1026,,,,,,,,,,,,,,,,unknown,unknown,38673924,unbekannt
1027,,,,,,,,,,,,,,,,asphalt,grade1,38765675,versiegelt
1028,,,,,,,,,,,,,,,,unknown,grade3,38765676,unbekannt
1029,,,,,,,,,,,,,,,,ground,grade3,38765677,unbekannt
1030,,,,,,,,,,,,,,,,grass,grade5,38765679,begrünt_erdig
1031,,,,,,,,,,,,,,,,unknown,grade1,38775129,unbekannt
1032,,,,,,,,,,,,,,,,unknown,grade3,38775138,unbekannt
1033,,,,,,,,,,,,,,,,unknown,unknown,38930603,unbekannt
1034,,,,,,,,,,,,,,,,unknown,unknown,38930604,unbekannt
1035,,,,,,,,,,,,,,,,unknown,unknown,38930605,unbekannt
1036,,,,,,,,,,,,,,,,unknown,unknown,38930607,unbekannt
1037,,,,,,,,,,,,,,,,unknown,unknown,38930608,unbekannt
1038,,,,,,,,,,,,,,,,compacted,grade2,38966242,mineralisch
1039,,,,,,,,,,,,,,,,compacted,grade3,38968368,mineralisch
1040,,,,,,,,,,,,,,,,unknown,unknown,39021951,unbekannt
1041,,,,,,,,,,,,,,,,unknown,unknown,39021952,unbekannt
1042,,,,,,,,,,,,,,,,asphalt,unknown,39021953,versiegelt
1043,,,,,,,,,,,,,,,,asphalt,unknown,39021954,versiegelt
1044,,,,,,,,,,,,,,,,asphalt,unknown,39034892,versiegelt
1045,,,,,,,,,,,,,,,,fine_gravel,grade2,39088049,mineralisch
1046,,,,,,,,,,,,,,,,asphalt,unknown,39088131,versiegelt
1047,,,,,,,,,,,,,,,,fine_gravel,grade2,39088225,mineralisch
1048,,,,,,,,,,,,,,,,unknown,grade1,39184347,unbekannt
1049,,,,,,,,,,,,,,,,unknown,grade3,39184379,unbekannt
1050,,,,,,,,,,,,,,,,grass,grade4,39184423,begrünt_erdig
1051,,,,,,,,,,,,,,,,grass,grade4,39184426,begrünt_erdig
1052,,,,,,,,,,,,,,,,unknown,grade3,39184467,unbekannt
1053,,,,,,,,,,,,,,,,unknown,grade1,39184482,unbekannt
1054,,,,,,,,,,,,,,,,unknown,unknown,39185219,unbekannt
1055,,,,,,,,,,,,,,,,unknown,grade1,39186806,unbekannt
1056,,,,,,,,,,,,,,,,compacted,grade4,39186869,mineralisch
1057,,,,,,,,,,,,,,,,unknown,grade1,39186946,unbekannt
1058,,,,,,,,,,,,,,,,paved,grade1,39187089,versiegelt
1059,,,,,,,,,,,,,,,,asphalt,grade1,39187145,versiegelt
1060,,,,,,,,,,,,,,,,unknown,unknown,39187214,unbekannt
1061,,,,,,,,,,,,,,,,unknown,unknown,39187234,unbekannt
1062,,,,,,,,,,,,,,,,compacted,grade2,39425294,mineralisch
1063,,,,,,,,,,,,,,,,gravel,grade2,39425295,mineralisch
1064,,,,,,,,,,,,,,,,asphalt,grade1,39428134,versiegelt
1065,,,,,,,,,,,,,,,,ground,grade2,39429080,unbekannt
1066,,,,,,,,,,,,,,,,compacted,unknown,39429154,mineralisch
1067,,,,,,,,,,,,,,,,ground,unknown,39429242,unbekannt
1068,,,,,,,,,,,,,,,,gravel,unknown,39429278,mineralisch
1069,,,,,,,,,,,,,,,,asphalt,grade1,39438800,versiegelt
1070,,,,,,,,,,,,,,,,asphalt,unknown,39815712,versiegelt
1071,,,,,,,,,,,,,,,,unknown,unknown,40028975,unbekannt
1072,,,,,,,,,,,,,,,,unknown,unknown,40491430,unbekannt
1073,,,,,,,,,,,,,,,,asphalt,unknown,40526853,versiegelt
1074,,,,,,,,,,,,,,,,asphalt,unknown,40526854,versiegelt
1075,,,,,,,,,,,,,,,,asphalt,unknown,40526855,versiegelt
1076,,,,,,,,,,,,,,,,asphalt,unknown,40526857,versiegelt
1077,,,,,,,,,,,,,,,,asphalt,grade1,40526858,versiegelt
1078,,,,,,,,,,,,,,,,asphalt,grade1,40526859,versiegelt
1079,,,,,,,,,,,,,,,,grass,grade5,40526860,begrünt_erdig
1080,,,,,,,,,,,,,,,,unknown,unknown,40526864,unbekannt
1081,,,,,,,,,,,,,,,,unknown,grade2,40526865,unbekannt
1082,,,,,,,,,,,,,,,,unknown,grade3,40526867,unbekannt
1083,,,,,,,,,,,,,,,,grass,grade5,40526870,begrünt_erdig
1084,,,,,,,,,,,,,,,,grass,grade5,40526871,begrünt_erdig
1085,,,,,,,,,,,,,,,,grass,grade5,40526873,begrünt_erdig
1086,,,,,,,,,,,,,,,,grass,grade5,40526874,begrünt_erdig
1087,,,,,,,,,,,,,,,,unknown,grade5,40526876,unbekannt
1088,,,,,,,,,,,,,,,,unknown,grade1,40526877,unbekannt
1089,,,,,,,,,,,,,,,,unknown,grade5,40526879,unbekannt
1090,,,,,,,,,,,,,,,,asphalt,grade1,40526881,versiegelt
1091,,,,,,,,,,,,,,,,grass,grade5,40526882,begrünt_erdig
1092,,,,,,,,,,,,,,,,unknown,grade1,40526883,unbekannt
1093,,,,,,,,,,,,,,,,unknown,grade1,40526884,unbekannt
1094,,,,,,,,,,,,,,,,unknown,grade5,40526885,unbekannt
1095,,,,,,,,,,,,,,,,unknown,grade1,40526886,unbekannt
1096,,,,,,,,,,,,,,,,unknown,unknown,40526887,unbekannt
1097,,,,,,,,,,,,,,,,gravel,grade3,40526888,mineralisch
1098,,,,,,,,,,,,,,,,unknown,grade1,40527817,unbekannt
1099,,,,,,,,,,,,,,,,asphalt,grade1,40527819,versiegelt
1100,,,,,,,,,,,,,,,,unknown,unknown,40527820,unbekannt
1101,,,,,,,,,,,,,,,,grass,grade5,40527822,begrünt_erdig
1102,,,,,,,,,,,,,,,,grass,grade5,40527823,begrünt_erdig
1103,,,,,,,,,,,,,,,,grass,grade5,40527824,begrünt_erdig
1104,,,,,,,,,,,,,,,,unknown,grade5,40527825,unbekannt
1105,,,,,,,,,,,,,,,,unknown,grade1,40527826,unbekannt
1106,,,,,,,,,,,,,,,,concrete,grade1,40527827,versiegelt
1107,,,,,,,,,,,,,,,,unknown,grade5,40527828,unbekannt
1108,,,,,,,,,,,,,,,,grass,grade5,40527829,begrünt_erdig
1109,,,,,,,,,,,,,,,,grass,grade5,40527830,begrünt_erdig
1110,,,,,,,,,,,,,,,,grass,grade5,40527831,begrünt_erdig
1111,,,,,,,,,,,,,,,,unknown,unknown,40527832,unbekannt
1112,,,,,,,,,,,,,,,,unknown,unknown,40527833,unbekannt
1113,,,,,,,,,,,,,,,,grass,grade5,40527834,begrünt_erdig
1114,,,,,,,,,,,,,,,,grass,grade5,40527836,begrünt_erdig
1115,,,,,,,,,,,,,,,,unknown,grade1,40527837,unbekannt
1116,,,,,,,,,,,,,,,,unknown,unknown,40582774,unbekannt
1117,,,,,,,,,,,,,,,,asphalt,grade1,40582783,versiegelt
1118,,,,,,,,,,,,,,,,unknown,grade1,40582784,unbekannt
1119,,,,,,,,,,,,,,,,unknown,grade5,40582789,unbekannt
1120,,,,,,,,,,,,,,,,asphalt,grade1,40585500,versiegelt
1121,,,,,,,,,,,,,,,,asphalt,grade1,40585501,versiegelt
1122,,,,,,,,,,,,,,,,asphalt,grade1,40585502,versiegelt
1123,,,,,,,,,,,,,,,,gravel,grade2,40585503,mineralisch
1124,,,,,,,,,,,,,,,,unknown,grade5,40653733,unbekannt
1125,,,,,,,,,,,,,,,,unknown,grade5,40653738,unbekannt
1126,,,,,,,,,,,,,,,,unknown,grade1,40653739,unbekannt
1127,,,,,,,,,,,,,,,,asphalt,grade1,40653740,versiegelt
1128,,,,,,,,,,,,,,,,gravel,grade2,40653741,mineralisch
1129,,,,,,,,,,,,,,,,grass,grade5,40653742,begrünt_erdig
1130,,,,,,,,,,,,,,,,grass,grade5,40671486,begrünt_erdig
1131,,,,,,,,,,,,,,,,gravel,grade2,40671487,mineralisch
1132,,,,,,,,,,,,,,,,gravel,grade2,40671608,mineralisch
1133,,,,,,,,,,,,,,,,coarse_gravel,grade4,40671692,unbekannt
1134,,,,,,,,,,,,,,,,grass,grade5,40704028,begrünt_erdig
1135,,,,,,,,,,,,,,,,asphalt,grade1,40704033,versiegelt
1136,,,,,,,,,,,,,,,,gravel,grade2,40704598,mineralisch
1137,,,,,,,,,,,,,,,,asphalt,grade1,40704599,versiegelt
1138,,,,,,,,,,,,,,,,gravel,grade4,40704600,mineralisch
1139,,,,,,,,,,,,,,,,grass,grade5,40704603,begrünt_erdig
1140,,,,,,,,,,,,,,,,unknown,unknown,40704604,unbekannt
1141,,,,,,,,,,,,,,,,fine_gravel,grade2,40704605,mineralisch
1142,,,,,,,,,,,,,,,,ground,grade4,40705043,unbekannt
1143,,,,,,,,,,,,,,,,ground,grade4,40705044,unbekannt
1144,,,,,,,,,,,,,,,,gravel,grade2,40705343,mineralisch
1145,,,,,,,,,,,,,,,,asphalt,grade1,40705344,versiegelt
1146,,,,,,,,,,,,,,,,gravel,grade2,40705345,mineralisch
1147,,,,,,,,,,,,,,,,compacted,grade2,40705346,mineralisch
1148,,,,,,,,,,,,,,,,unknown,grade1,40705347,unbekannt
1149,,,,,,,,,,,,,,,,asphalt,grade1,40705348,versiegelt
1150,,,,,,,,,,,,,,,,paving_stones,grade1,40706979,unbekannt
1151,,,,,,,,,,,,,,,,gravel,grade2,40706980,mineralisch
1152,,,,,,,,,,,,,,,,asphalt,grade1,40706982,versiegelt
1153,,,,,,,,,,,,,,,,asphalt,grade1,40706983,versiegelt
1154,,,,,,,,,,,,,,,,grass,grade5,40706984,begrünt_erdig
1155,,,,,,,,,,,,,,,,unknown,grade3,40706985,unbekannt
1156,,,,,,,,,,,,,,,,gravel,grade2,40706986,mineralisch
1157,,,,,,,,,,,,,,,,gravel,grade2,40706987,mineralisch
1158,,,,,,,,,,,,,,,,unknown,grade2,40706988,unbekannt
1159,,,,,,,,,,,,,,,,unknown,grade1,40706989,unbekannt
1160,,,,,,,,,,,,,,,,unknown,grade2,40706990,unbekannt
1161,,,,,,,,,,,,,,,,unknown,grade3,40706991,unbekannt
1162,,,,,,,,,,,,,,,,unknown,grade5,40706992,unbekannt
1163,,,,,,,,,,,,,,,,unhewn_cobblestone,grade1,40706993,unbekannt
1164,,,,,,,,,,,,,,,,paving_stones,grade1,40706996,unbekannt
1165,,,,,,,,,,,,,,,,compacted,grade3,40706998,mineralisch
1166,,,,,,,,,,,,,,,,unknown,grade2,40707000,unbekannt
1167,,,,,,,,,,,,,,,,cobblestone,grade2,40707001,unbekannt
1168,,,,,,,,,,,,,,,,concrete,grade1,40707004,versiegelt
1169,,,,,,,,,,,,,,,,concrete,grade1,40707005,versiegelt
1170,,,,,,,,,,,,,,,,gravel,grade2,40707006,mineralisch
1171,,,,,,,,,,,,,,,,unknown,grade3,40707008,unbekannt
1172,,,,,,,,,,,,,,,,asphalt,grade1,40707197,versiegelt
1173,,,,,,,,,,,,,,,,gravel,grade2,40707198,mineralisch
1174,,,,,,,,,,,,,,,,asphalt,unknown,40707199,versiegelt
1175,,,,,,,,,,,,,,,,gravel,unknown,40707200,mineralisch
1176,,,,,,,,,,,,,,,,asphalt,grade1,40707203,versiegelt
1177,,,,,,,,,,,,,,,,asphalt,unknown,40707706,versiegelt
1178,,,,,,,,,,,,,,,,asphalt,unknown,40707707,versiegelt
1179,,,,,,,,,,,,,,,,asphalt,unknown,40707708,versiegelt
1180,,,,,,,,,,,,,,,,unknown,unknown,40708685,unbekannt
1181,,,,,,,,,,,,,,,,unknown,grade2,40708686,unbekannt
1182,,,,,,,,,,,,,,,,gravel,unknown,40708687,mineralisch
1183,,,,,,,,,,,,,,,,asphalt,unknown,40708690,versiegelt
1184,,,,,,,,,,,,,,,,asphalt,unknown,40708693,versiegelt
1185,,,,,,,,,,,,,,,,asphalt,unknown,40708695,versiegelt
1186,,,,,,,,,,,,,,,,asphalt,unknown,40708696,versiegelt
1187,,,,,,,,,,,,,,,,grass,grade5,40708697,begrünt_erdig
1188,,,,,,,,,,,,,,,,unknown,unknown,40708698,unbekannt
1189,,,,,,,,,,,,,,,,unknown,unknown,40708699,unbekannt
1190,,,,,,,,,,,,,,,,asphalt,grade1,40708701,versiegelt
1191,,,,,,,,,,,,,,,,unknown,unknown,40708703,unbekannt
1192,,,,,,,,,,,,,,,,asphalt,unknown,40708704,versiegelt
1193,,,,,,,,,,,,,,,,grass,grade5,40709043,begrünt_erdig
1194,,,,,,,,,,,,,,,,unknown,grade5,40709044,unbekannt
1195,,,,,,,,,,,,,,,,unknown,grade5,40709046,unbekannt
1196,,,,,,,,,,,,,,,,unknown,grade5,40709047,unbekannt
1197,,,,,,,,,,,,,,,,grass,grade5,40709048,begrünt_erdig
1198,,,,,,,,,,,,,,,,grass,grade5,40709049,begrünt_erdig
1199,,,,,,,,,,,,,,,,grass,grade5,40709050,begrünt_erdig
1200,,,,,,,,,,,,,,,,grass,grade5,40709051,begrünt_erdig
1201,,,,,,,,,,,,,,,,asphalt,grade1,40709278,versiegelt
1202,,,,,,,,,,,,,,,,unknown,unknown,40709279,unbekannt
1203,,,,,,,,,,,,,,,,grass,grade5,40709280,begrünt_erdig
1204,,,,,,,,,,,,,,,,unknown,unknown,40709282,unbekannt
1205,,,,,,,,,,,,,,,,grass,grade5,40709283,begrünt_erdig
1206,,,,,,,,,,,,,,,,ground,grade3,40714319,unbekannt
1207,,,,,,,,,,,,,,,,ground,unknown,40714320,unbekannt
1208,,,,,,,,,,,,,,,,grass,grade5,40714321,begrünt_erdig
1209,,,,,,,,,,,,,,,,ground,unknown,40714323,unbekannt
1210,,,,,,,,,,,,,,,,ground,grade3,40714324,unbekannt
1211,,,,,,,,,,,,,,,,unknown,grade1,40714326,unbekannt
1212,,,,,,,,,,,,,,,,unknown,unknown,40714327,unbekannt
1213,,,,,,,,,,,,,,,,ground,unknown,40714329,unbekannt
1214,,,,,,,,,,,,,,,,ground,unknown,40714331,unbekannt
1215,,,,,,,,,,,,,,,,grass,grade5,40714332,begrünt_erdig
1216,,,,,,,,,,,,,,,,unknown,unknown,40714333,unbekannt
1217,,,,,,,,,,,,,,,,grass,grade5,40714334,begrünt_erdig
1218,,,,,,,,,,,,,,,,grass,grade5,40714335,begrünt_erdig
1219,,,,,,,,,,,,,,,,grass,grade5,40714336,begrünt_erdig
1220,,,,,,,,,,,,,,,,grass,grade5,40714337,begrünt_erdig
1221,,,,,,,,,,,,,,,,grass,grade5,40714338,begrünt_erdig
1222,,,,,,,,,,,,,,,,grass,grade5,40714339,begrünt_erdig
1223,,,,,,,,,,,,,,,,unknown,unknown,40714342,unbekannt
1224,,,,,,,,,,,,,,,,gravel,grade4,40714343,mineralisch
1225,,,,,,,,,,,,,,,,grass,grade5,40714344,begrünt_erdig
1226,,,,,,,,,,,,,,,,asphalt,grade1,40714345,versiegelt
1227,,,,,,,,,,,,,,,,unknown,unknown,40714346,unbekannt
1228,,,,,,,,,,,,,,,,unknown,grade5,40714347,unbekannt
1229,,,,,,,,,,,,,,,,unknown,grade1,40714348,unbekannt
1230,,,,,,,,,,,,,,,,unknown,unknown,40714349,unbekannt
1231,,,,,,,,,,,,,,,,asphalt,grade1,40714350,versiegelt
1232,,,,,,,,,,,,,,,,unknown,unknown,40714351,unbekannt
1233,,,,,,,,,,,,,,,,unknown,grade1,40714352,unbekannt
1234,,,,,,,,,,,,,,,,pebblestone,grade3,40714353,unbekannt
1235,,,,,,,,,,,,,,,,grass,grade4,40714354,begrünt_erdig
1236,,,,,,,,,,,,,,,,grass,grade4,40714355,begrünt_erdig
1237,,,,,,,,,,,,,,,,asphalt,grade1,40714356,versiegelt
1238,,,,,,,,,,,,,,,,grass,grade5,40714357,begrünt_erdig
1239,,,,,,,,,,,,,,,,asphalt,grade1,40714358,versiegelt
1240,,,,,,,,,,,,,,,,unknown,unknown,40714359,unbekannt
1241,,,,,,,,,,,,,,,,grass,grade5,40714360,begrünt_erdig
1242,,,,,,,,,,,,,,,,unknown,grade1,40735105,unbekannt
1243,,,,,,,,,,,,,,,,asphalt,grade1,40735106,versiegelt
1244,,,,,,,,,,,,,,,,asphalt,unknown,40742187,versiegelt
1245,,,,,,,,,,,,,,,,asphalt,unknown,40742189,versiegelt
1246,,,,,,,,,,,,,,,,unknown,grade1,40742490,unbekannt
1247,,,,,,,,,,,,,,,,asphalt,unknown,40742491,versiegelt
1248,,,,,,,,,,,,,,,,gravel,grade2,40742492,mineralisch
1249,,,,,,,,,,,,,,,,asphalt,unknown,40742493,versiegelt
1250,,,,,,,,,,,,,,,,grass,grade3,40758031,begrünt_erdig
1251,,,,,,,,,,,,,,,,grass,grade5,41180088,begrünt_erdig
1252,,,,,,,,,,,,,,,,grass,grade5,41180089,begrünt_erdig
1253,,,,,,,,,,,,,,,,grass,grade5,41180090,begrünt_erdig
1254,,,,,,,,,,,,,,,,unknown,grade2,41180092,unbekannt
1255,,,,,,,,,,,,,,,,grass,grade5,41180093,begrünt_erdig
1256,,,,,,,,,,,,,,,,unknown,grade1,41180095,unbekannt
1257,,,,,,,,,,,,,,,,unknown,unknown,41180096,unbekannt
1258,,,,,,,,,,,,,,,,unknown,unknown,41180098,unbekannt
1259,,,,,,,,,,,,,,,,grass,grade5,41180101,begrünt_erdig
1260,,,,,,,,,,,,,,,,grass,grade5,41180102,begrünt_erdig
1261,,,,,,,,,,,,,,,,grass,grade5,41180104,begrünt_erdig
1262,,,,,,,,,,,,,,,,grass,unknown,41180105,begrünt_erdig
1263,,,,,,,,,,,,,,,,grass,grade5,41180106,begrünt_erdig
1264,,,,,,,,,,,,,,,,grass,grade5,41180108,begrünt_erdig
1265,,,,,,,,,,,,,,,,grass,grade5,41180109,begrünt_erdig
1266,,,,,,,,,,,,,,,,grass,grade5,41180110,begrünt_erdig
1267,,,,,,,,,,,,,,,,unknown,grade5,41182407,unbekannt
1268,,,,,,,,,,,,,,,,unknown,grade2,41182408,unbekannt
1269,,,,,,,,,,,,,,,,grass,grade5,41182409,begrünt_erdig
1270,,,,,,,,,,,,,,,,unknown,grade5,41182416,unbekannt
1271,,,,,,,,,,,,,,,,gravel,grade2,41182673,mineralisch
1272,,,,,,,,,,,,,,,,asphalt,unknown,41182674,versiegelt
1273,,,,,,,,,,,,,,,,asphalt,unknown,41182675,versiegelt
1274,,,,,,,,,,,,,,,,grass,grade5,41182676,begrünt_erdig
1275,,,,,,,,,,,,,,,,grass,grade5,41182677,begrünt_erdig
1276,,,,,,,,,,,,,,,,ground,grade5,41182678,unbekannt
1277,,,,,,,,,,,,,,,,unknown,grade5,41405448,unbekannt
1278,,,,,,,,,,,,,,,,unknown,grade5,41405449,unbekannt
1279,,,,,,,,,,,,,,,,asphalt,grade1,41405450,versiegelt
1280,,,,,,,,,,,,,,,,asphalt,grade1,41503379,versiegelt
1281,,,,,,,,,,,,,,,,unknown,grade4,41503390,unbekannt
1282,,,,,,,,,,,,,,,,unknown,grade1,41925631,unbekannt
1283,,,,,,,,,,,,,,,,asphalt,unknown,41966976,versiegelt
1284,,,,,,,,,,,,,,,,unknown,unknown,42354189,unbekannt
1285,,,,,,,,,,,,,,,,unknown,unknown,42354190,unbekannt
1286,,,,,,,,,,,,,,,,asphalt,unknown,42355015,versiegelt
1287,,,,,,,,,,,,,,,,asphalt,unknown,42360381,versiegelt
1288,,,,,,,,,,,,,,,,asphalt,unknown,42360384,versiegelt
1289,,,,,,,,,,,,,,,,unknown,unknown,42362890,unbekannt
1290,,,,,,,,,,,,,,,,dirt,grade3,42861135,begrünt_erdig
1291,,,,,,,,,,,,,,,,gravel,grade3,42882067,mineralisch
1292,,,,,,,,,,,,,,,,compacted,grade2,42882104,mineralisch
1293,,,,,,,,,,,,,,,,unknown,grade3,43113321,unbekannt
1294,,,,,,,,,,,,,,,,fine_gravel,grade2,43113322,mineralisch
1295,,,,,,,,,,,,,,,,gravel,grade2,43113323,mineralisch
1296,,,,,,,,,,,,,,,,fine_gravel,grade2,43113324,mineralisch
1297,,,,,,,,,,,,,,,,gravel,grade2,43122193,mineralisch
1298,,,,,,,,,,,,,,,,gravel,grade2,43122194,mineralisch
1299,,,,,,,,,,,,,,,,compacted,grade2,43122229,mineralisch
1300,,,,,,,,,,,,,,,,compacted,grade2,43122245,mineralisch
1301,,,,,,,,,,,,,,,,gravel,grade2,43122365,mineralisch
1302,,,,,,,,,,,,,,,,paving_stones,unknown,43169605,unbekannt
1303,,,,,,,,,,,,,,,,gravel,grade2,43393261,mineralisch
1304,,,,,,,,,,,,,,,,asphalt,unknown,43393797,versiegelt
1305,,,,,,,,,,,,,,,,unknown,grade2,43393798,unbekannt
1306,,,,,,,,,,,,,,,,asphalt,unknown,43393800,versiegelt
1307,,,,,,,,,,,,,,,,unknown,unknown,43663064,unbekannt
1308,,,,,,,,,,,,,,,,asphalt,unknown,43663065,versiegelt
1309,,,,,,,,,,,,,,,,gravel,grade2,44181240,mineralisch
1310,,,,,,,,,,,,,,,,ground,grade4,44181651,unbekannt
1311,,,,,,,,,,,,,,,,asphalt,unknown,44181652,versiegelt
1312,,,,,,,,,,,,,,,,unknown,unknown,44181653,unbekannt
1313,,,,,,,,,,,,,,,,compacted,grade2,44184564,mineralisch
1314,,,,,,,,,,,,,,,,gravel,grade2,44184565,mineralisch
1315,,,,,,,,,,,,,,,,compacted,grade2,44184566,mineralisch
1316,,,,,,,,,,,,,,,,grass,grade3,44184567,begrünt_erdig
1317,,,,,,,,,,,,,,,,unknown,grade5,44184568,unbekannt
1318,,,,,,,,,,,,,,,,unknown,grade2,44184570,unbekannt
1319,,,,,,,,,,,,,,,,unknown,unknown,44184571,unbekannt
1320,,,,,,,,,,,,,,,,asphalt,grade1,45194523,versiegelt
1321,,,,,,,,,,,,,,,,asphalt,grade1,45264797,versiegelt
1322,,,,,,,,,,,,,,,,gravel,grade3,45264798,mineralisch
1323,,,,,,,,,,,,,,,,gravel,grade3,45264799,mineralisch
1324,,,,,,,,,,,,,,,,asphalt,grade1,45264801,versiegelt
1325,,,,,,,,,,,,,,,,grass,grade5,45264802,begrünt_erdig
1326,,,,,,,,,,,,,,,,grass,grade4,45264803,begrünt_erdig
1327,,,,,,,,,,,,,,,,asphalt,grade1,45264804,versiegelt
1328,,,,,,,,,,,,,,,,gravel,grade2,45264809,mineralisch
1329,,,,,,,,,,,,,,,,grass,grade4,45264810,begrünt_erdig
1330,,,,,,,,,,,,,,,,concrete,grade1,45264811,versiegelt
1331,,,,,,,,,,,,,,,,gravel,grade3,45264812,mineralisch
1332,,,,,,,,,,,,,,,,asphalt,grade1,45264813,versiegelt
1333,,,,,,,,,,,,,,,,gravel,grade3,45264814,mineralisch
1334,,,,,,,,,,,,,,,,asphalt,grade2,45264815,versiegelt
1335,,,,,,,,,,,,,,,,gravel,grade2,45265364,mineralisch
1336,,,,,,,,,,,,,,,,asphalt,unknown,45265365,versiegelt
1337,,,,,,,,,,,,,,,,asphalt,unknown,45265366,versiegelt
1338,,,,,,,,,,,,,,,,grass,grade5,45265367,begrünt_erdig
1339,,,,,,,,,,,,,,,,grass,grade5,45265368,begrünt_erdig
1340,,,,,,,,,,,,,,,,grass,grade5,45265369,begrünt_erdig
1341,,,,,,,,,,,,,,,,unknown,unknown,45265373,unbekannt
1342,,,,,,,,,,,,,,,,unknown,grade3,45266296,unbekannt
1343,,,,,,,,,,,,,,,,unknown,grade2,45266297,unbekannt
1344,,,,,,,,,,,,,,,,unknown,grade1,45266298,unbekannt
1345,,,,,,,,,,,,,,,,gravel,grade2,45266299,mineralisch
1346,,,,,,,,,,,,,,,,asphalt,grade1,45266300,versiegelt
1347,,,,,,,,,,,,,,,,unknown,grade3,45266301,unbekannt
1348,,,,,,,,,,,,,,,,unknown,grade5,45266302,unbekannt
1349,,,,,,,,,,,,,,,,unknown,unknown,45266304,unbekannt
1350,,,,,,,,,,,,,,,,unknown,grade3,45266309,unbekannt
1351,,,,,,,,,,,,,,,,gravel,grade2,45266310,mineralisch
1352,,,,,,,,,,,,,,,,asphalt,grade1,45267188,versiegelt
1353,,,,,,,,,,,,,,,,unknown,grade1,45267204,unbekannt
1354,,,,,,,,,,,,,,,,unknown,grade3,45267205,unbekannt
1355,,,,,,,,,,,,,,,,asphalt,grade1,45267207,versiegelt
1356,,,,,,,,,,,,,,,,unknown,grade1,45267208,unbekannt
1357,,,,,,,,,,,,,,,,grass,grade5,45267209,begrünt_erdig
1358,,,,,,,,,,,,,,,,grass,grade5,45267210,begrünt_erdig
1359,,,,,,,,,,,,,,,,ground,grade4,45270503,unbekannt
1360,,,,,,,,,,,,,,,,grass,grade5,45270508,begrünt_erdig
1361,,,,,,,,,,,,,,,,grass,unknown,45270509,begrünt_erdig
1362,,,,,,,,,,,,,,,,grass,grade5,45270510,begrünt_erdig
1363,,,,,,,,,,,,,,,,grass,grade5,45270513,begrünt_erdig
1364,,,,,,,,,,,,,,,,grass,grade5,45270514,begrünt_erdig
1365,,,,,,,,,,,,,,,,grass,grade5,45270516,begrünt_erdig
1366,,,,,,,,,,,,,,,,grass,grade5,45270517,begrünt_erdig
1367,,,,,,,,,,,,,,,,unknown,grade5,45270520,unbekannt
1368,,,,,,,,,,,,,,,,grass,grade5,45270522,begrünt_erdig
1369,,,,,,,,,,,,,,,,grass,grade5,45270524,begrünt_erdig
1370,,,,,,,,,,,,,,,,grass,grade5,45270525,begrünt_erdig
1371,,,,,,,,,,,,,,,,grass,grade5,45270526,begrünt_erdig
1372,,,,,,,,,,,,,,,,asphalt,grade1,45274387,versiegelt
1373,,,,,,,,,,,,,,,,unknown,grade1,45278855,unbekannt
1374,,,,,,,,,,,,,,,,unknown,unknown,45278857,unbekannt
1375,,,,,,,,,,,,,,,,grass,grade5,45278858,begrünt_erdig
1376,,,,,,,,,,,,,,,,unknown,grade1,45278860,unbekannt
1377,,,,,,,,,,,,,,,,gravel,grade2,45278862,mineralisch
1378,,,,,,,,,,,,,,,,grass,grade5,45846501,begrünt_erdig
1379,,,,,,,,,,,,,,,,fine_gravel,grade2,45846502,mineralisch
1380,,,,,,,,,,,,,,,,unknown,grade5,45846504,unbekannt
1381,,,,,,,,,,,,,,,,unknown,grade5,45846506,unbekannt
1382,,,,,,,,,,,,,,,,gravel,grade3,45846507,mineralisch
1383,,,,,,,,,,,,,,,,asphalt,grade1,45846704,versiegelt
1384,,,,,,,,,,,,,,,,grass,grade5,45846705,begrünt_erdig
1385,,,,,,,,,,,,,,,,gravel,grade2,45901347,mineralisch
1386,,,,,,,,,,,,,,,,asphalt,grade1,45901349,versiegelt
1387,,,,,,,,,,,,,,,,grass,grade5,45901350,begrünt_erdig
1388,,,,,,,,,,,,,,,,ground,grade5,45982072,unbekannt
1389,,,,,,,,,,,,,,,,gravel,grade2,45982073,mineralisch
1390,,,,,,,,,,,,,,,,gravel,grade2,45983736,mineralisch
1391,,,,,,,,,,,,,,,,gravel,grade3,45984559,mineralisch
1392,,,,,,,,,,,,,,,,gravel,unknown,45984882,mineralisch
1393,,,,,,,,,,,,,,,,grass,grade5,45985875,begrünt_erdig
1394,,,,,,,,,,,,,,,,unknown,grade2,45985876,unbekannt
1395,,,,,,,,,,,,,,,,unknown,grade5,45989716,unbekannt
1396,,,,,,,,,,,,,,,,grass,grade5,45992982,begrünt_erdig
1397,,,,,,,,,,,,,,,,grass,grade5,45998487,begrünt_erdig
1398,,,,,,,,,,,,,,,,unknown,grade5,45998488,unbekannt
1399,,,,,,,,,,,,,,,,grass,grade5,46035368,begrünt_erdig
1400,,,,,,,,,,,,,,,,compacted,grade2,46097468,mineralisch
1401,,,,,,,,,,,,,,,,gravel,grade2,46097657,mineralisch
1402,,,,,,,,,,,,,,,,gravel,grade2,46097658,mineralisch
1403,,,,,,,,,,,,,,,,gravel,grade2,46098311,mineralisch
1404,,,,,,,,,,,,,,,,gravel,grade2,46098312,mineralisch
1405,,,,,,,,,,,,,,,,gravel,grade2,46098313,mineralisch
1406,,,,,,,,,,,,,,,,grass,grade5,46098530,begrünt_erdig
1407,,,,,,,,,,,,,,,,unknown,grade5,46098870,unbekannt
1408,,,,,,,,,,,,,,,,unknown,grade5,46098871,unbekannt
1409,,,,,,,,,,,,,,,,gravel,grade3,46099847,mineralisch
1410,,,,,,,,,,,,,,,,gravel,grade2,46102314,mineralisch
1411,,,,,,,,,,,,,,,,gravel,grade2,46102315,mineralisch
1412,,,,,,,,,,,,,,,,gravel,grade2,46102720,mineralisch
1413,,,,,,,,,,,,,,,,gravel,grade2,46107593,mineralisch
1414,,,,,,,,,,,,,,,,compacted,grade2,46108147,mineralisch
1415,,,,,,,,,,,,,,,,ground,grade4,46108148,unbekannt
1416,,,,,,,,,,,,,,,,ground,grade5,46137912,unbekannt
1417,,,,,,,,,,,,,,,,unknown,grade1,46154986,unbekannt
1418,,,,,,,,,,,,,,,,unknown,unknown,46155007,unbekannt
1419,,,,,,,,,,,,,,,,grass,grade5,46155223,begrünt_erdig
1420,,,,,,,,,,,,,,,,grass,grade5,46155224,begrünt_erdig
1421,,,,,,,,,,,,,,,,fine_gravel,grade2,46418478,mineralisch
1422,,,,,,,,,,,,,,,,grass,grade5,46418680,begrünt_erdig
1423,,,,,,,,,,,,,,,,grass,grade5,46515378,begrünt_erdig
1424,,,,,,,,,,,,,,,,gravel,grade2,46515380,mineralisch
1425,,,,,,,,,,,,,,,,asphalt,grade1,46515624,versiegelt
1426,,,,,,,,,,,,,,,,asphalt,unknown,46517497,versiegelt
1427,,,,,,,,,,,,,,,,grass,grade5,47034058,begrünt_erdig
1428,,,,,,,,,,,,,,,,gravel,grade2,47034059,mineralisch
1429,,,,,,,,,,,,,,,,gravel,grade3,47034061,mineralisch
1430,,,,,,,,,,,,,,,,gravel,grade2,47034062,mineralisch
1431,,,,,,,,,,,,,,,,grass,grade5,47034065,begrünt_erdig
1432,,,,,,,,,,,,,,,,grass,grade5,47034066,begrünt_erdig
1433,,,,,,,,,,,,,,,,grass,grade5,47034067,begrünt_erdig
1434,,,,,,,,,,,,,,,,ground,unknown,47035164,unbekannt
1435,,,,,,,,,,,,,,,,gravel,grade2,47155686,mineralisch
1436,,,,,,,,,,,,,,,,grass,grade5,47155688,begrünt_erdig
1437,,,,,,,,,,,,,,,,unknown,grade5,47366254,unbekannt
1438,,,,,,,,,,,,,,,,grass,grade5,47366255,begrünt_erdig
1439,,,,,,,,,,,,,,,,grass,grade5,47366256,begrünt_erdig
1440,,,,,,,,,,,,,,,,asphalt,unknown,50064362,versiegelt
1441,,,,,,,,,,,,,,,,unknown,unknown,52041240,unbekannt
1442,,,,,,,,,,,,,,,,unknown,grade2,52098858,unbekannt
1443,,,,,,,,,,,,,,,,asphalt,unknown,54062925,versiegelt
1444,,,,,,,,,,,,,,,,asphalt,unknown,54062929,versiegelt
1445,,,,,,,,,,,,,,,,grass,grade3,54063620,begrünt_erdig
1446,,,,,,,,,,,,,,,,asphalt,grade1,54063622,versiegelt
1447,,,,,,,,,,,,,,,,asphalt,unknown,54067398,versiegelt
1448,,,,,,,,,,,,,,,,asphalt,unknown,54080439,versiegelt
1449,,,,,,,,,,,,,,,,asphalt,grade1,54092252,versiegelt
1450,,,,,,,,,,,,,,,,paving_stones,unknown,54101895,unbekannt
1451,,,,,,,,,,,,,,,,unknown,grade3,54110379,unbekannt
1452,,,,,,,,,,,,,,,,grass,grade5,54110381,begrünt_erdig
1453,,,,,,,,,,,,,,,,gravel,grade2,54110383,mineralisch
1454,,,,,,,,,,,,,,,,grass,grade5,54110391,begrünt_erdig
1455,,,,,,,,,,,,,,,,asphalt,grade1,54110710,versiegelt
1456,,,,,,,,,,,,,,,,asphalt,unknown,54110711,versiegelt
1457,,,,,,,,,,,,,,,,dirt,grade5,54110713,begrünt_erdig
1458,,,,,,,,,,,,,,,,unknown,unknown,56196274,unbekannt
1459,,,,,,,,,,,,,,,,ground,grade5,56196371,unbekannt
1460,,,,,,,,,,,,,,,,dirt,grade5,56196440,begrünt_erdig
1461,,,,,,,,,,,,,,,,dirt,grade2,56196461,begrünt_erdig
1462,,,,,,,,,,,,,,,,unknown,unknown,56645616,unbekannt
1463,,,,,,,,,,,,,,,,gravel,grade2,56695395,mineralisch
1464,,,,,,,,,,,,,,,,gravel,grade2,56695397,mineralisch
1465,,,,,,,,,,,,,,,,cobblestone,grade4,57045683,unbekannt
1466,,,,,,,,,,,,,,,,unknown,grade5,57778613,unbekannt
1467,,,,,,,,,,,,,,,,asphalt,unknown,58232273,versiegelt
1468,,,,,,,,,,,,,,,,unknown,unknown,58232274,unbekannt
1469,,,,,,,,,,,,,,,,unknown,unknown,58232275,unbekannt
1470,,,,,,,,,,,,,,,,unknown,unknown,58232276,unbekannt
1471,,,,,,,,,,,,,,,,unknown,unknown,58232942,unbekannt
1472,,,,,,,,,,,,,,,,asphalt,unknown,58233363,versiegelt
1473,,,,,,,,,,,,,,,,unknown,unknown,58233365,unbekannt
1474,,,,,,,,,,,,,,,,gravel,grade2,58235283,mineralisch
1475,,,,,,,,,,,,,,,,asphalt,unknown,58254911,versiegelt
1476,,,,,,,,,,,,,,,,gravel,grade3,58663073,mineralisch
1477,,,,,,,,,,,,,,,,fine_gravel,grade2,58663074,mineralisch
1478,,,,,,,,,,,,,,,,gravel,grade3,58663075,mineralisch
1479,,,,,,,,,,,,,,,,fine_gravel,grade2,58663076,mineralisch
1480,,,,,,,,,,,,,,,,gravel,grade2,58663080,mineralisch
1481,,,,,,,,,,,,,,,,unknown,grade4,58663890,unbekannt
1482,,,,,,,,,,,,,,,,gravel,grade3,58663893,mineralisch
1483,,,,,,,,,,,,,,,,gravel,grade3,58663896,mineralisch
1484,,,,,,,,,,,,,,,,compacted,grade2,58663897,mineralisch
1485,,,,,,,,,,,,,,,,ground,grade2,58663898,unbekannt
1486,,,,,,,,,,,,,,,,gravel,grade2,58663899,mineralisch
1487,,,,,,,,,,,,,,,,grass,grade4,58663900,begrünt_erdig
1488,,,,,,,,,,,,,,,,asphalt,grade1,58778789,versiegelt
1489,,,,,,,,,,,,,,,,fine_gravel,grade3,58795824,mineralisch
1490,,,,,,,,,,,,,,,,gravel,grade2,58795829,mineralisch
1491,,,,,,,,,,,,,,,,wood,unknown,59280358,unbekannt
1492,,,,,,,,,,,,,,,,asphalt,unknown,59280359,versiegelt
1493,,,,,,,,,,,,,,,,asphalt,unknown,59604404,versiegelt
1494,,,,,,,,,,,,,,,,unknown,grade1,59851961,unbekannt
1495,,,,,,,,,,,,,,,,gravel,grade2,59851963,mineralisch
1496,,,,,,,,,,,,,,,,unknown,grade2,59851964,unbekannt
1497,,,,,,,,,,,,,,,,gravel,grade3,59851968,mineralisch
1498,,,,,,,,,,,,,,,,asphalt,unknown,59851972,versiegelt
1499,,,,,,,,,,,,,,,,unknown,grade1,59851973,unbekannt
1500,,,,,,,,,,,,,,,,asphalt,unknown,59851976,versiegelt
1501,,,,,,,,,,,,,,,,asphalt,unknown,59851977,versiegelt
1502,,,,,,,,,,,,,,,,unknown,grade3,59851979,unbekannt
1503,,,,,,,,,,,,,,,,asphalt,grade1,59851980,versiegelt
1504,,,,,,,,,,,,,,,,asphalt,grade1,59851984,versiegelt
1505,,,,,,,,,,,,,,,,unknown,grade1,59851985,unbekannt
1506,,,,,,,,,,,,,,,,unknown,unknown,59851986,unbekannt
1507,,,,,,,,,,,,,,,,asphalt,grade1,59851987,versiegelt
1508,,,,,,,,,,,,,,,,gravel,grade2,59851988,mineralisch
1509,,,,,,,,,,,,,,,,gravel,grade2,59851990,mineralisch
1510,,,,,,,,,,,,,,,,asphalt,unknown,59854838,versiegelt
1511,,,,,,,,,,,,,,,,asphalt,unknown,59854839,versiegelt
1512,,,,,,,,,,,,,,,,unknown,grade1,59854841,unbekannt
1513,,,,,,,,,,,,,,,,grass,grade5,59854842,begrünt_erdig
1514,,,,,,,,,,,,,,,,asphalt,unknown,59854843,versiegelt
1515,,,,,,,,,,,,,,,,unknown,unknown,59854844,unbekannt
1516,,,,,,,,,,,,,,,,grass,grade5,59854845,begrünt_erdig
1517,,,,,,,,,,,,,,,,asphalt,unknown,59854846,versiegelt
1518,,,,,,,,,,,,,,,,unknown,grade3,59854847,unbekannt
1519,,,,,,,,,,,,,,,,unknown,grade5,59854848,unbekannt
1520,,,,,,,,,,,,,,,,asphalt,unknown,59854849,versiegelt
1521,,,,,,,,,,,,,,,,asphalt,grade1,59854851,versiegelt
1522,,,,,,,,,,,,,,,,grass,grade5,59854852,begrünt_erdig
1523,,,,,,,,,,,,,,,,unknown,grade3,59854853,unbekannt
1524,,,,,,,,,,,,,,,,unknown,grade1,59854854,unbekannt
1525,,,,,,,,,,,,,,,,asphalt,unknown,59854855,versiegelt
1526,,,,,,,,,,,,,,,,gravel,grade2,59854856,mineralisch
1527,,,,,,,,,,,,,,,,ground,grade3,59854858,unbekannt
1528,,,,,,,,,,,,,,,,unknown,grade3,59854859,unbekannt
1529,,,,,,,,,,,,,,,,asphalt,unknown,59854860,versiegelt
1530,,,,,,,,,,,,,,,,asphalt,unknown,59854861,versiegelt
1531,,,,,,,,,,,,,,,,unknown,grade4,59854862,unbekannt
1532,,,,,,,,,,,,,,,,grass,grade5,59858476,begrünt_erdig
1533,,,,,,,,,,,,,,,,unknown,grade1,59858477,unbekannt
1534,,,,,,,,,,,,,,,,grass,grade5,59858478,begrünt_erdig
1535,,,,,,,,,,,,,,,,gravel,grade3,59858479,mineralisch
1536,,,,,,,,,,,,,,,,unknown,grade3,59858480,unbekannt
1537,,,,,,,,,,,,,,,,asphalt,grade1,59858481,versiegelt
1538,,,,,,,,,,,,,,,,paving_stones,grade1,59858482,unbekannt
1539,,,,,,,,,,,,,,,,unknown,unknown,59858483,unbekannt
1540,,,,,,,,,,,,,,,,compacted,grade2,59858484,mineralisch
1541,,,,,,,,,,,,,,,,asphalt,unknown,59858485,versiegelt
1542,,,,,,,,,,,,,,,,gravel,grade4,59858486,mineralisch
1543,,,,,,,,,,,,,,,,asphalt,grade1,59858487,versiegelt
1544,,,,,,,,,,,,,,,,asphalt,grade1,59858488,versiegelt
1545,,,,,,,,,,,,,,,,grass,grade5,59858489,begrünt_erdig
1546,,,,,,,,,,,,,,,,gravel,grade2,59858886,mineralisch
1547,,,,,,,,,,,,,,,,asphalt,grade1,59858887,versiegelt
1548,,,,,,,,,,,,,,,,unknown,grade5,59858888,unbekannt
1549,,,,,,,,,,,,,,,,grass,grade2,59858889,begrünt_erdig
1550,,,,,,,,,,,,,,,,asphalt,grade1,59858890,versiegelt
1551,,,,,,,,,,,,,,,,unknown,grade1,59858891,unbekannt
1552,,,,,,,,,,,,,,,,fine_gravel,grade2,59860916,mineralisch
1553,,,,,,,,,,,,,,,,unknown,unknown,59860917,unbekannt
1554,,,,,,,,,,,,,,,,unknown,grade2,59860959,unbekannt
1555,,,,,,,,,,,,,,,,unknown,grade3,59865323,unbekannt
1556,,,,,,,,,,,,,,,,unknown,grade3,59865324,unbekannt
1557,,,,,,,,,,,,,,,,asphalt,grade1,59988326,versiegelt
1558,,,,,,,,,,,,,,,,gravel,grade2,59988328,mineralisch
1559,,,,,,,,,,,,,,,,asphalt,grade1,59988329,versiegelt
1560,,,,,,,,,,,,,,,,compacted,grade3,59988330,mineralisch
1561,,,,,,,,,,,,,,,,grass,grade4,59988331,begrünt_erdig
1562,,,,,,,,,,,,,,,,asphalt,grade1,59988333,versiegelt
1563,,,,,,,,,,,,,,,,cobblestone,grade3,59988336,unbekannt
1564,,,,,,,,,,,,,,,,gravel,grade2,59988339,mineralisch
1565,,,,,,,,,,,,,,,,unknown,unknown,59988341,unbekannt
1566,,,,,,,,,,,,,,,,paved,grade1,59988347,versiegelt
1567,,,,,,,,,,,,,,,,paved,grade1,59988351,versiegelt
1568,,,,,,,,,,,,,,,,grass,grade5,59988352,begrünt_erdig
1569,,,,,,,,,,,,,,,,asphalt,grade1,59996463,versiegelt
1570,,,,,,,,,,,,,,,,unknown,grade2,60104208,unbekannt
1571,,,,,,,,,,,,,,,,gravel,grade3,60104210,mineralisch
1572,,,,,,,,,,,,,,,,unknown,grade4,60104211,unbekannt
1573,,,,,,,,,,,,,,,,gravel,grade2,60104213,mineralisch
1574,,,,,,,,,,,,,,,,gravel,grade3,60104214,mineralisch
1575,,,,,,,,,,,,,,,,unknown,grade5,60105065,unbekannt
1576,,,,,,,,,,,,,,,,grass,grade5,60105066,begrünt_erdig
1577,,,,,,,,,,,,,,,,grass,grade5,60105067,begrünt_erdig
1578,,,,,,,,,,,,,,,,asphalt,grade1,60105068,versiegelt
1579,,,,,,,,,,,,,,,,grass,grade5,60105069,begrünt_erdig
1580,,,,,,,,,,,,,,,,asphalt,grade1,60105070,versiegelt
1581,,,,,,,,,,,,,,,,grass,grade5,60105071,begrünt_erdig
1582,,,,,,,,,,,,,,,,asphalt,grade1,60105072,versiegelt
1583,,,,,,,,,,,,,,,,grass,grade5,60105073,begrünt_erdig
1584,,,,,,,,,,,,,,,,asphalt,grade1,60105074,versiegelt
1585,,,,,,,,,,,,,,,,asphalt,grade1,60121453,versiegelt
1586,,,,,,,,,,,,,,,,gravel,grade2,60121454,mineralisch
1587,,,,,,,,,,,,,,,,ground,grade2,60121455,unbekannt
1588,,,,,,,,,,,,,,,,gravel,grade2,60121456,mineralisch
1589,,,,,,,,,,,,,,,,gravel,grade2,60121457,mineralisch
1590,,,,,,,,,,,,,,,,gravel,grade2,60121458,mineralisch
1591,,,,,,,,,,,,,,,,grass,grade3,60121459,begrünt_erdig
1592,,,,,,,,,,,,,,,,unknown,grade2,60121460,unbekannt
1593,,,,,,,,,,,,,,,,unknown,grade2,60121461,unbekannt
1594,,,,,,,,,,,,,,,,grass,grade5,60121462,begrünt_erdig
1595,,,,,,,,,,,,,,,,gravel,grade2,60121463,mineralisch
1596,,,,,,,,,,,,,,,,gravel,grade2,60121464,mineralisch
1597,,,,,,,,,,,,,,,,asphalt,unknown,60121507,versiegelt
1598,,,,,,,,,,,,,,,,asphalt,grade1,60125439,versiegelt
1599,,,,,,,,,,,,,,,,unknown,grade3,60212886,unbekannt
1600,,,,,,,,,,,,,,,,asphalt,grade1,60212887,versiegelt
1601,,,,,,,,,,,,,,,,gravel,grade2,60226726,mineralisch
1602,,,,,,,,,,,,,,,,asphalt,grade1,60228495,versiegelt
1603,,,,,,,,,,,,,,,,unknown,grade5,60993570,unbekannt
1604,,,,,,,,,,,,,,,,grass,grade5,60993571,begrünt_erdig
1605,,,,,,,,,,,,,,,,grass,grade5,60993572,begrünt_erdig
1606,,,,,,,,,,,,,,,,unknown,grade5,60993576,unbekannt
1607,,,,,,,,,,,,,,,,unknown,grade4,60993922,unbekannt
1608,,,,,,,,,,,,,,,,unknown,grade3,60993924,unbekannt
1609,,,,,,,,,,,,,,,,unknown,unknown,60993926,unbekannt
1610,,,,,,,,,,,,,,,,gravel,grade3,60994003,mineralisch
1611,,,,,,,,,,,,,,,,gravel,unknown,60994033,mineralisch
1612,,,,,,,,,,,,,,,,grass,grade5,60994042,begrünt_erdig
1613,,,,,,,,,,,,,,,,grass,grade5,60994060,begrünt_erdig
1614,,,,,,,,,,,,,,,,asphalt,grade1,60994074,versiegelt
1615,,,,,,,,,,,,,,,,grass,grade5,60994079,begrünt_erdig
1616,,,,,,,,,,,,,,,,unknown,unknown,60994086,unbekannt
1617,,,,,,,,,,,,,,,,asphalt,unknown,60994090,versiegelt
1618,,,,,,,,,,,,,,,,grass,grade3,60994095,begrünt_erdig
1619,,,,,,,,,,,,,,,,asphalt,unknown,60994097,versiegelt
1620,,,,,,,,,,,,,,,,asphalt,unknown,60995366,versiegelt
1621,,,,,,,,,,,,,,,,asphalt,unknown,60995367,versiegelt
1622,,,,,,,,,,,,,,,,unknown,unknown,60995379,unbekannt
1623,,,,,,,,,,,,,,,,asphalt,unknown,60995380,versiegelt
1624,,,,,,,,,,,,,,,,asphalt,unknown,60995381,versiegelt
1625,,,,,,,,,,,,,,,,unknown,unknown,60995390,unbekannt
1626,,,,,,,,,,,,,,,,gravel,grade2,60995398,mineralisch
1627,,,,,,,,,,,,,,,,grass,grade5,60995401,begrünt_erdig
1628,,,,,,,,,,,,,,,,gravel,grade2,60996169,mineralisch
1629,,,,,,,,,,,,,,,,gravel,grade2,60996171,mineralisch
1630,,,,,,,,,,,,,,,,unknown,grade3,60996182,unbekannt
1631,,,,,,,,,,,,,,,,unknown,grade4,60996197,unbekannt
1632,,,,,,,,,,,,,,,,unknown,grade5,60996198,unbekannt
1633,,,,,,,,,,,,,,,,unknown,grade5,60996200,unbekannt
1634,,,,,,,,,,,,,,,,unknown,grade4,60996201,unbekannt
1635,,,,,,,,,,,,,,,,unknown,grade4,60996202,unbekannt
1636,,,,,,,,,,,,,,,,unknown,grade4,60996203,unbekannt
1637,,,,,,,,,,,,,,,,asphalt,unknown,60996217,versiegelt
1638,,,,,,,,,,,,,,,,unknown,grade4,61047035,unbekannt
1639,,,,,,,,,,,,,,,,asphalt,grade1,61047045,versiegelt
1640,,,,,,,,,,,,,,,,gravel,grade2,61226476,mineralisch
1641,,,,,,,,,,,,,,,,gravel,grade2,61226477,mineralisch
1642,,,,,,,,,,,,,,,,gravel,grade2,61226478,mineralisch
1643,,,,,,,,,,,,,,,,unknown,grade2,61226479,unbekannt
1644,,,,,,,,,,,,,,,,gravel,grade2,61226480,mineralisch
1645,,,,,,,,,,,,,,,,unknown,unknown,63778687,unbekannt
1646,,,,,,,,,,,,,,,,unknown,unknown,63778699,unbekannt
1647,,,,,,,,,,,,,,,,asphalt,unknown,64106986,versiegelt
1648,,,,,,,,,,,,,,,,asphalt,unknown,64311149,versiegelt
1649,,,,,,,,,,,,,,,,concrete,unknown,64359076,versiegelt
1650,,,,,,,,,,,,,,,,asphalt,unknown,64451620,versiegelt
1651,,,,,,,,,,,,,,,,asphalt,unknown,64451632,versiegelt
1652,,,,,,,,,,,,,,,,unknown,unknown,64451633,unbekannt
1653,,,,,,,,,,,,,,,,pebblestone,unknown,64451636,unbekannt
1654,,,,,,,,,,,,,,,,paving_stones,unknown,64562689,unbekannt
1655,,,,,,,,,,,,,,,,paving_stones,unknown,64562697,unbekannt
1656,,,,,,,,,,,,,,,,paving_stones,unknown,64562699,unbekannt
1657,,,,,,,,,,,,,,,,paving_stones,unknown,64562700,unbekannt
1658,,,,,,,,,,,,,,,,paving_stones,unknown,64562701,unbekannt
1659,,,,,,,,,,,,,,,,unknown,unknown,64562707,unbekannt
1660,,,,,,,,,,,,,,,,paving_stones,unknown,64832515,unbekannt
1661,,,,,,,,,,,,,,,,asphalt,unknown,64948277,versiegelt
1662,,,,,,,,,,,,,,,,asphalt,unknown,64948278,versiegelt
1663,,,,,,,,,,,,,,,,asphalt,unknown,64948279,versiegelt
1664,,,,,,,,,,,,,,,,asphalt,unknown,64948286,versiegelt
1665,,,,,,,,,,,,,,,,asphalt,unknown,64948290,versiegelt
1666,,,,,,,,,,,,,,,,asphalt,unknown,64948291,versiegelt
1667,,,,,,,,,,,,,,,,asphalt,unknown,65135034,versiegelt
1668,,,,,,,,,,,,,,,,asphalt,unknown,65135037,versiegelt
1669,,,,,,,,,,,,,,,,unknown,unknown,65135039,unbekannt
1670,,,,,,,,,,,,,,,,grass,grade5,65411697,begrünt_erdig
1671,,,,,,,,,,,,,,,,asphalt,unknown,65411699,versiegelt
1672,,,,,,,,,,,,,,,,unknown,unknown,65411701,unbekannt
1673,,,,,,,,,,,,,,,,grass,grade5,65411702,begrünt_erdig
1674,,,,,,,,,,,,,,,,asphalt,unknown,65475885,versiegelt
1675,,,,,,,,,,,,,,,,asphalt,unknown,65475894,versiegelt
1676,,,,,,,,,,,,,,,,grass,grade4,65475898,begrünt_erdig
1677,,,,,,,,,,,,,,,,concrete,unknown,65475917,versiegelt
1678,,,,,,,,,,,,,,,,asphalt,unknown,65475937,versiegelt
1679,,,,,,,,,,,,,,,,grass,grade5,65475971,begrünt_erdig
1680,,,,,,,,,,,,,,,,asphalt,unknown,65476051,versiegelt
1681,,,,,,,,,,,,,,,,asphalt,unknown,65476076,versiegelt
1682,,,,,,,,,,,,,,,,asphalt,unknown,65476085,versiegelt
1683,,,,,,,,,,,,,,,,asphalt,unknown,65763613,versiegelt
1684,,,,,,,,,,,,,,,,asphalt,unknown,65763650,versiegelt
1685,,,,,,,,,,,,,,,,unknown,grade4,65994417,unbekannt
1686,,,,,,,,,,,,,,,,grass,grade5,66389176,begrünt_erdig
1687,,,,,,,,,,,,,,,,asphalt,unknown,66389195,versiegelt
1688,,,,,,,,,,,,,,,,gravel,grade4,66389196,mineralisch
1689,,,,,,,,,,,,,,,,grass,grade5,66389198,begrünt_erdig
1690,,,,,,,,,,,,,,,,asphalt,unknown,66405595,versiegelt
1691,,,,,,,,,,,,,,,,unknown,unknown,66779931,unbekannt
1692,,,,,,,,,,,,,,,,paving_stones,unknown,66779956,unbekannt
1693,,,,,,,,,,,,,,,,paving_stones,unknown,66779957,unbekannt
1694,,,,,,,,,,,,,,,,paving_stones,unknown,66779963,unbekannt
1695,,,,,,,,,,,,,,,,paving_stones,unknown,66972112,unbekannt
1696,,,,,,,,,,,,,,,,grass,grade4,67635070,begrünt_erdig
1697,,,,,,,,,,,,,,,,unknown,unknown,67635081,unbekannt
1698,,,,,,,,,,,,,,,,unknown,unknown,67873555,unbekannt
1699,,,,,,,,,,,,,,,,unknown,unknown,67873557,unbekannt
1700,,,,,,,,,,,,,,,,unknown,unknown,67873558,unbekannt
1701,,,,,,,,,,,,,,,,gravel,grade2,67977141,mineralisch
1702,,,,,,,,,,,,,,,,asphalt,grade1,67977142,versiegelt
1703,,,,,,,,,,,,,,,,gravel,grade2,67977143,mineralisch
1704,,,,,,,,,,,,,,,,asphalt,grade1,67977144,versiegelt
1705,,,,,,,,,,,,,,,,asphalt,grade1,67977145,versiegelt
1706,,,,,,,,,,,,,,,,unknown,grade1,67977146,unbekannt
1707,,,,,,,,,,,,,,,,compacted,grade2,67977147,mineralisch
1708,,,,,,,,,,,,,,,,unknown,grade2,67977149,unbekannt
1709,,,,,,,,,,,,,,,,paving_stones,unknown,68084926,unbekannt
1710,,,,,,,,,,,,,,,,paving_stones,unknown,68084931,unbekannt
1711,,,,,,,,,,,,,,,,grass,grade4,68152481,begrünt_erdig
1712,,,,,,,,,,,,,,,,grass,grade4,68152485,begrünt_erdig
1713,,,,,,,,,,,,,,,,unknown,unknown,68152494,unbekannt
1714,,,,,,,,,,,,,,,,ground,unknown,68152496,unbekannt
1715,,,,,,,,,,,,,,,,ground,grade4,68152703,unbekannt
1716,,,,,,,,,,,,,,,,paving_stones,unknown,68200141,unbekannt
1717,,,,,,,,,,,,,,,,asphalt,unknown,68296028,versiegelt
1718,,,,,,,,,,,,,,,,unknown,unknown,68457666,unbekannt
1719,,,,,,,,,,,,,,,,unknown,unknown,68457671,unbekannt
1720,,,,,,,,,,,,,,,,paving_stones,unknown,68563518,unbekannt
1721,,,,,,,,,,,,,,,,paving_stones,unknown,68563519,unbekannt
1722,,,,,,,,,,,,,,,,paving_stones,unknown,69001287,unbekannt
1723,,,,,,,,,,,,,,,,asphalt,unknown,69034387,versiegelt
1724,,,,,,,,,,,,,,,,paving_stones,unknown,69230940,unbekannt
1725,,,,,,,,,,,,,,,,unknown,unknown,69230944,unbekannt
1726,,,,,,,,,,,,,,,,unknown,unknown,69563059,unbekannt
1727,,,,,,,,,,,,,,,,unknown,grade1,69564537,unbekannt
1728,,,,,,,,,,,,,,,,unknown,grade3,69564566,unbekannt
1729,,,,,,,,,,,,,,,,unknown,grade4,69564651,unbekannt
1730,,,,,,,,,,,,,,,,compacted,unknown,69565446,mineralisch
1731,,,,,,,,,,,,,,,,asphalt,unknown,69570448,versiegelt
1732,,,,,,,,,,,,,,,,asphalt,unknown,69570620,versiegelt
1733,,,,,,,,,,,,,,,,asphalt,grade1,70305326,versiegelt
1734,,,,,,,,,,,,,,,,grass,grade2,70457564,begrünt_erdig
1735,,,,,,,,,,,,,,,,asphalt,unknown,70457567,versiegelt
1736,,,,,,,,,,,,,,,,gravel,grade3,70457568,mineralisch
1737,,,,,,,,,,,,,,,,paving_stones,unknown,70457570,unbekannt
1738,,,,,,,,,,,,,,,,unknown,unknown,70457580,unbekannt
1739,,,,,,,,,,,,,,,,unknown,grade3,70457581,unbekannt
1740,,,,,,,,,,,,,,,,asphalt,unknown,70457583,versiegelt
1741,,,,,,,,,,,,,,,,unknown,unknown,70526916,unbekannt
1742,,,,,,,,,,,,,,,,asphalt,unknown,70604967,versiegelt
1743,,,,,,,,,,,,,,,,asphalt,unknown,70708178,versiegelt
1744,,,,,,,,,,,,,,,,asphalt,unknown,70708180,versiegelt
1745,,,,,,,,,,,,,,,,ground,unknown,70732941,unbekannt
1746,,,,,,,,,,,,,,,,unknown,unknown,70732942,unbekannt
1747,,,,,,,,,,,,,,,,asphalt,unknown,70732945,versiegelt
1748,,,,,,,,,,,,,,,,unknown,unknown,70732946,unbekannt
1749,,,,,,,,,,,,,,,,ground,unknown,70732952,unbekannt
1750,,,,,,,,,,,,,,,,gravel,grade2,70732958,mineralisch
1751,,,,,,,,,,,,,,,,unknown,unknown,70732961,unbekannt
1752,,,,,,,,,,,,,,,,unknown,unknown,70732974,unbekannt
1753,,,,,,,,,,,,,,,,unknown,unknown,70732976,unbekannt
1754,,,,,,,,,,,,,,,,ground,unknown,70732977,unbekannt
1755,,,,,,,,,,,,,,,,unknown,unknown,70732980,unbekannt
1756,,,,,,,,,,,,,,,,earth,unknown,70732981,unbekannt
1757,,,,,,,,,,,,,,,,asphalt,unknown,70732985,versiegelt
1758,,,,,,,,,,,,,,,,ground,unknown,70732987,unbekannt
1759,,,,,,,,,,,,,,,,gravel,unknown,70732988,mineralisch
1760,,,,,,,,,,,,,,,,grass,grade5,70893703,begrünt_erdig
1761,,,,,,,,,,,,,,,,grass,grade5,70893709,begrünt_erdig
1762,,,,,,,,,,,,,,,,grass,grade5,70893711,begrünt_erdig
1763,,,,,,,,,,,,,,,,grass,grade5,70893714,begrünt_erdig
1764,,,,,,,,,,,,,,,,grass,grade5,70893716,begrünt_erdig
1765,,,,,,,,,,,,,,,,grass,grade4,70893726,begrünt_erdig
1766,,,,,,,,,,,,,,,,grass,grade5,70893727,begrünt_erdig
1767,,,,,,,,,,,,,,,,grass,grade5,70893730,begrünt_erdig
1768,,,,,,,,,,,,,,,,grass,unknown,70893732,begrünt_erdig
1769,,,,,,,,,,,,,,,,grass,grade5,70893733,begrünt_erdig
1770,,,,,,,,,,,,,,,,unknown,grade5,70893738,unbekannt
1771,,,,,,,,,,,,,,,,grass,grade5,70893739,begrünt_erdig
1772,,,,,,,,,,,,,,,,grass,grade5,70999837,begrünt_erdig
1773,,,,,,,,,,,,,,,,grass,grade5,70999843,begrünt_erdig
1774,,,,,,,,,,,,,,,,ground,grade2,70999848,unbekannt
1775,,,,,,,,,,,,,,,,grass,grade5,70999856,begrünt_erdig
1776,,,,,,,,,,,,,,,,unknown,grade4,70999862,unbekannt
1777,,,,,,,,,,,,,,,,unknown,grade2,70999867,unbekannt
1778,,,,,,,,,,,,,,,,grass,grade5,70999872,begrünt_erdig
1779,,,,,,,,,,,,,,,,grass,grade5,70999876,begrünt_erdig
1780,,,,,,,,,,,,,,,,grass,grade5,70999877,begrünt_erdig
1781,,,,,,,,,,,,,,,,asphalt,grade1,71124596,versiegelt
1782,,,,,,,,,,,,,,,,asphalt,unknown,71144602,versiegelt
1783,,,,,,,,,,,,,,,,grass,grade5,71144604,begrünt_erdig
1784,,,,,,,,,,,,,,,,asphalt,grade1,71144605,versiegelt
1785,,,,,,,,,,,,,,,,asphalt,unknown,71144606,versiegelt
1786,,,,,,,,,,,,,,,,fine_gravel,grade2,71144607,mineralisch
1787,,,,,,,,,,,,,,,,gravel,grade2,71144608,mineralisch
1788,,,,,,,,,,,,,,,,grass,grade5,71144609,begrünt_erdig
1789,,,,,,,,,,,,,,,,grass,grade5,71144610,begrünt_erdig
1790,,,,,,,,,,,,,,,,grass,grade5,71144612,begrünt_erdig
1791,,,,,,,,,,,,,,,,grass,grade5,71144613,begrünt_erdig
1792,,,,,,,,,,,,,,,,gravel,grade2,71144614,mineralisch
1793,,,,,,,,,,,,,,,,fine_gravel,grade2,71144615,mineralisch
1794,,,,,,,,,,,,,,,,grass,grade5,71144618,begrünt_erdig
1795,,,,,,,,,,,,,,,,grass,grade5,71144619,begrünt_erdig
1796,,,,,,,,,,,,,,,,grass,grade5,71144620,begrünt_erdig
1797,,,,,,,,,,,,,,,,gravel,grade2,71144621,mineralisch
1798,,,,,,,,,,,,,,,,grass,grade5,71144625,begrünt_erdig
1799,,,,,,,,,,,,,,,,gravel,grade2,71144629,mineralisch
1800,,,,,,,,,,,,,,,,gravel,grade2,71144630,mineralisch
1801,,,,,,,,,,,,,,,,gravel,grade2,71144632,mineralisch
1802,,,,,,,,,,,,,,,,gravel,grade2,71144633,mineralisch
1803,,,,,,,,,,,,,,,,grass,grade5,71144634,begrünt_erdig
1804,,,,,,,,,,,,,,,,grass,grade5,71144635,begrünt_erdig
1805,,,,,,,,,,,,,,,,unknown,unknown,71144636,unbekannt
1806,,,,,,,,,,,,,,,,gravel,unknown,71246567,mineralisch
1807,,,,,,,,,,,,,,,,unknown,unknown,71260487,unbekannt
1808,,,,,,,,,,,,,,,,gravel,grade2,71505621,mineralisch
1809,,,,,,,,,,,,,,,,asphalt,unknown,71608171,versiegelt
1810,,,,,,,,,,,,,,,,unknown,unknown,71608188,unbekannt
1811,,,,,,,,,,,,,,,,wood,unknown,71608202,unbekannt
1812,,,,,,,,,,,,,,,,asphalt,unknown,71608211,versiegelt
1813,,,,,,,,,,,,,,,,gravel,unknown,71866590,mineralisch
1814,,,,,,,,,,,,,,,,cobblestone,unknown,71890687,unbekannt
1815,,,,,,,,,,,,,,,,cobblestone,unknown,71890689,unbekannt
1816,,,,,,,,,,,,,,,,asphalt,grade1,72003148,versiegelt
1817,,,,,,,,,,,,,,,,grass,grade4,72036262,begrünt_erdig
1818,,,,,,,,,,,,,,,,gravel,unknown,72036268,mineralisch
1819,,,,,,,,,,,,,,,,asphalt,unknown,72036270,versiegelt
1820,,,,,,,,,,,,,,,,ground,unknown,72036271,unbekannt
1821,,,,,,,,,,,,,,,,gravel,unknown,72036272,mineralisch
1822,,,,,,,,,,,,,,,,paving_stones,unknown,72036275,unbekannt
1823,,,,,,,,,,,,,,,,asphalt,unknown,72354439,versiegelt
1824,,,,,,,,,,,,,,,,asphalt,unknown,72354443,versiegelt
1825,,,,,,,,,,,,,,,,unknown,grade5,72514921,unbekannt
1826,,,,,,,,,,,,,,,,unknown,grade4,72514967,unbekannt
1827,,,,,,,,,,,,,,,,gravel,unknown,72603248,mineralisch
1828,,,,,,,,,,,,,,,,unknown,unknown,72612262,unbekannt
1829,,,,,,,,,,,,,,,,asphalt,unknown,72612266,versiegelt
1830,,,,,,,,,,,,,,,,unknown,unknown,72612274,unbekannt
1831,,,,,,,,,,,,,,,,unknown,unknown,72612280,unbekannt
1832,,,,,,,,,,,,,,,,unknown,unknown,72612281,unbekannt
1833,,,,,,,,,,,,,,,,paving_stones,unknown,72726802,unbekannt
1834,,,,,,,,,,,,,,,,asphalt,unknown,72765499,versiegelt
1835,,,,,,,,,,,,,,,,unknown,unknown,72765502,unbekannt
1836,,,,,,,,,,,,,,,,gravel,grade3,72765503,mineralisch
1837,,,,,,,,,,,,,,,,asphalt,unknown,72765504,versiegelt
1838,,,,,,,,,,,,,,,,asphalt,unknown,72765508,versiegelt
1839,,,,,,,,,,,,,,,,asphalt,unknown,73250209,versiegelt
1840,,,,,,,,,,,,,,,,asphalt,unknown,73250215,versiegelt
1841,,,,,,,,,,,,,,,,asphalt,unknown,73250219,versiegelt
1842,,,,,,,,,,,,,,,,grass,grade5,73294738,begrünt_erdig
1843,,,,,,,,,,,,,,,,grass,grade5,73294747,begrünt_erdig
1844,,,,,,,,,,,,,,,,cobblestone,grade4,73294751,unbekannt
1845,,,,,,,,,,,,,,,,grass,grade5,73294763,begrünt_erdig
1846,,,,,,,,,,,,,,,,grass,grade5,73294769,begrünt_erdig
1847,,,,,,,,,,,,,,,,grass,grade5,73294770,begrünt_erdig
1848,,,,,,,,,,,,,,,,grass,grade5,73294771,begrünt_erdig
1849,,,,,,,,,,,,,,,,grass,grade5,73294777,begrünt_erdig
1850,,,,,,,,,,,,,,,,grass,grade5,73294780,begrünt_erdig
1851,,,,,,,,,,,,,,,,grass,grade5,73294785,begrünt_erdig
1852,,,,,,,,,,,,,,,,grass,grade5,73294789,begrünt_erdig
1853,,,,,,,,,,,,,,,,grass,grade5,73294790,begrünt_erdig
1854,,,,,,,,,,,,,,,,grass,grade5,73294792,begrünt_erdig
1855,,,,,,,,,,,,,,,,grass,grade5,73294801,begrünt_erdig
1856,,,,,,,,,,,,,,,,grass,grade5,73294803,begrünt_erdig
1857,,,,,,,,,,,,,,,,grass,grade5,73294807,begrünt_erdig
1858,,,,,,,,,,,,,,,,asphalt,grade1,73506273,versiegelt
1859,,,,,,,,,,,,,,,,unknown,grade2,73552696,unbekannt
1860,,,,,,,,,,,,,,,,unknown,grade1,73552698,unbekannt
1861,,,,,,,,,,,,,,,,unknown,grade2,73552702,unbekannt
1862,,,,,,,,,,,,,,,,concrete,grade1,73552703,versiegelt
1863,,,,,,,,,,,,,,,,unknown,grade1,73553103,unbekannt
1864,,,,,,,,,,,,,,,,unknown,grade1,73553104,unbekannt
1865,,,,,,,,,,,,,,,,unknown,unknown,73570883,unbekannt
1866,,,,,,,,,,,,,,,,paving_stones,unknown,73570890,unbekannt
1867,,,,,,,,,,,,,,,,gravel,grade2,73570914,mineralisch
1868,,,,,,,,,,,,,,,,paved,grade1,73570922,versiegelt
1869,,,,,,,,,,,,,,,,grass,grade4,73570936,begrünt_erdig
1870,,,,,,,,,,,,,,,,asphalt,unknown,73570973,versiegelt
1871,,,,,,,,,,,,,,,,concrete,grade1,73818215,versiegelt
1872,,,,,,,,,,,,,,,,concrete,grade1,73818363,versiegelt
1873,,,,,,,,,,,,,,,,unknown,grade4,73818694,unbekannt
1874,,,,,,,,,,,,,,,,unknown,grade3,73819176,unbekannt
1875,,,,,,,,,,,,,,,,unknown,grade2,73819353,unbekannt
1876,,,,,,,,,,,,,,,,unknown,grade1,73820185,unbekannt
1877,,,,,,,,,,,,,,,,unknown,grade3,73820635,unbekannt
1878,,,,,,,,,,,,,,,,unknown,grade1,73820938,unbekannt
1879,,,,,,,,,,,,,,,,unknown,unknown,73822565,unbekannt
1880,,,,,,,,,,,,,,,,unknown,grade3,73822626,unbekannt
1881,,,,,,,,,,,,,,,,asphalt,grade1,73822630,versiegelt
1882,,,,,,,,,,,,,,,,unknown,grade3,73822647,unbekannt
1883,,,,,,,,,,,,,,,,unknown,grade1,73822858,unbekannt
1884,,,,,,,,,,,,,,,,unknown,grade1,73822889,unbekannt
1885,,,,,,,,,,,,,,,,unknown,grade3,73822898,unbekannt
1886,,,,,,,,,,,,,,,,unknown,grade4,73822902,unbekannt
1887,,,,,,,,,,,,,,,,asphalt,grade1,73822952,versiegelt
1888,,,,,,,,,,,,,,,,compacted,grade4,73822978,mineralisch
1889,,,,,,,,,,,,,,,,unknown,grade3,73822981,unbekannt
1890,,,,,,,,,,,,,,,,compacted,grade4,73823048,mineralisch
1891,,,,,,,,,,,,,,,,compacted,grade3,73823053,mineralisch
1892,,,,,,,,,,,,,,,,unknown,grade1,73823071,unbekannt
1893,,,,,,,,,,,,,,,,asphalt,grade1,73823098,versiegelt
1894,,,,,,,,,,,,,,,,unknown,unknown,73823297,unbekannt
1895,,,,,,,,,,,,,,,,unknown,grade1,73823440,unbekannt
1896,,,,,,,,,,,,,,,,unknown,grade1,73823491,unbekannt
1897,,,,,,,,,,,,,,,,unknown,grade2,73823633,unbekannt
1898,,,,,,,,,,,,,,,,unknown,grade3,73823775,unbekannt
1899,,,,,,,,,,,,,,,,asphalt,unknown,73823973,versiegelt
1900,,,,,,,,,,,,,,,,paved,grade1,73829069,versiegelt
1901,,,,,,,,,,,,,,,,grass,grade4,73855621,begrünt_erdig
1902,,,,,,,,,,,,,,,,grass,grade5,73855622,begrünt_erdig
1903,,,,,,,,,,,,,,,,grass,grade5,73855624,begrünt_erdig
1904,,,,,,,,,,,,,,,,grass,grade5,73855625,begrünt_erdig
1905,,,,,,,,,,,,,,,,grass,grade5,73855626,begrünt_erdig
1906,,,,,,,,,,,,,,,,grass,grade5,73873064,begrünt_erdig
1907,,,,,,,,,,,,,,,,grass,grade5,73873076,begrünt_erdig
1908,,,,,,,,,,,,,,,,gravel,grade2,73873079,mineralisch
1909,,,,,,,,,,,,,,,,asphalt,grade1,73873083,versiegelt
1910,,,,,,,,,,,,,,,,grass,grade5,73873095,begrünt_erdig
1911,,,,,,,,,,,,,,,,grass,grade5,73873099,begrünt_erdig
1912,,,,,,,,,,,,,,,,asphalt,grade1,73873103,versiegelt
1913,,,,,,,,,,,,,,,,grass,grade5,73873107,begrünt_erdig
1914,,,,,,,,,,,,,,,,grass,grade5,73899022,begrünt_erdig
1915,,,,,,,,,,,,,,,,grass,grade5,73899023,begrünt_erdig
1916,,,,,,,,,,,,,,,,grass,grade5,73899024,begrünt_erdig
1917,,,,,,,,,,,,,,,,unknown,unknown,73914171,unbekannt
1918,,,,,,,,,,,,,,,,unknown,unknown,73914176,unbekannt
1919,,,,,,,,,,,,,,,,paved,unknown,73914179,versiegelt
1920,,,,,,,,,,,,,,,,asphalt,grade1,74000143,versiegelt
1921,,,,,,,,,,,,,,,,asphalt,grade1,74000149,versiegelt
1922,,,,,,,,,,,,,,,,asphalt,unknown,74100191,versiegelt
1923,,,,,,,,,,,,,,,,asphalt,unknown,74100193,versiegelt
1924,,,,,,,,,,,,,,,,asphalt,unknown,74100195,versiegelt
1925,,,,,,,,,,,,,,,,asphalt,unknown,74265146,versiegelt
1926,,,,,,,,,,,,,,,,asphalt,unknown,74265148,versiegelt
1927,,,,,,,,,,,,,,,,paving_stones,unknown,74265149,unbekannt
1928,,,,,,,,,,,,,,,,asphalt,grade1,74619210,versiegelt
1929,,,,,,,,,,,,,,,,fine_gravel,grade3,74619211,mineralisch
1930,,,,,,,,,,,,,,,,gravel,grade2,74619213,mineralisch
1931,,,,,,,,,,,,,,,,fine_gravel,grade3,74619215,mineralisch
1932,,,,,,,,,,,,,,,,asphalt,unknown,74619216,versiegelt
1933,,,,,,,,,,,,,,,,gravel,grade2,74619218,mineralisch
1934,,,,,,,,,,,,,,,,asphalt,unknown,74837508,versiegelt
1935,,,,,,,,,,,,,,,,asphalt,unknown,74837511,versiegelt
1936,,,,,,,,,,,,,,,,asphalt,unknown,74837513,versiegelt
1937,,,,,,,,,,,,,,,,asphalt,unknown,74837514,versiegelt
1938,,,,,,,,,,,,,,,,asphalt,unknown,74837515,versiegelt
1939,,,,,,,,,,,,,,,,asphalt,unknown,74837517,versiegelt
1940,,,,,,,,,,,,,,,,asphalt,unknown,74837518,versiegelt
1941,,,,,,,,,,,,,,,,asphalt,unknown,74837519,versiegelt
1942,,,,,,,,,,,,,,,,asphalt,unknown,74837523,versiegelt
1943,,,,,,,,,,,,,,,,grass,grade4,74865246,begrünt_erdig
1944,,,,,,,,,,,,,,,,unknown,grade4,74865247,unbekannt
1945,,,,,,,,,,,,,,,,asphalt,grade1,74865248,versiegelt
1946,,,,,,,,,,,,,,,,asphalt,grade1,74877058,versiegelt
1947,,,,,,,,,,,,,,,,asphalt,grade1,74877059,versiegelt
1948,,,,,,,,,,,,,,,,grass,unknown,74877060,begrünt_erdig
1949,,,,,,,,,,,,,,,,gravel,grade2,74877061,mineralisch
1950,,,,,,,,,,,,,,,,grass,unknown,74877062,begrünt_erdig
1951,,,,,,,,,,,,,,,,grass,unknown,74877066,begrünt_erdig
1952,,,,,,,,,,,,,,,,unknown,grade3,74877071,unbekannt
1953,,,,,,,,,,,,,,,,compacted,grade3,74877073,mineralisch
1954,,,,,,,,,,,,,,,,grass,grade5,74877075,begrünt_erdig
1955,,,,,,,,,,,,,,,,compacted,grade3,74877078,mineralisch
1956,,,,,,,,,,,,,,,,grass,unknown,74877079,begrünt_erdig
1957,,,,,,,,,,,,,,,,grass,grade5,74894293,begrünt_erdig
1958,,,,,,,,,,,,,,,,grass,grade5,74894304,begrünt_erdig
1959,,,,,,,,,,,,,,,,grass,grade5,74894313,begrünt_erdig
1960,,,,,,,,,,,,,,,,gravel,grade4,74894318,mineralisch
1961,,,,,,,,,,,,,,,,gravel,grade2,74894321,mineralisch
1962,,,,,,,,,,,,,,,,grass,unknown,74894322,begrünt_erdig
1963,,,,,,,,,,,,,,,,grass,grade5,74894328,begrünt_erdig
1964,,,,,,,,,,,,,,,,unknown,unknown,75017870,unbekannt
1965,,,,,,,,,,,,,,,,ground,unknown,75017874,unbekannt
1966,,,,,,,,,,,,,,,,asphalt,grade5,75045142,versiegelt
1967,,,,,,,,,,,,,,,,paving_stones,unknown,75339279,unbekannt
1968,,,,,,,,,,,,,,,,asphalt,unknown,75393664,versiegelt
1969,,,,,,,,,,,,,,,,grass,grade5,75411678,begrünt_erdig
1970,,,,,,,,,,,,,,,,grass,grade5,75411684,begrünt_erdig
1971,,,,,,,,,,,,,,,,grass,grade5,75411690,begrünt_erdig
1972,,,,,,,,,,,,,,,,grass,grade5,75411696,begrünt_erdig
1973,,,,,,,,,,,,,,,,grass,grade5,75461560,begrünt_erdig
1974,,,,,,,,,,,,,,,,asphalt,grade1,75461563,versiegelt
1975,,,,,,,,,,,,,,,,grass,grade5,75461578,begrünt_erdig
1976,,,,,,,,,,,,,,,,gravel,grade2,75461599,mineralisch
1977,,,,,,,,,,,,,,,,grass,grade5,75461616,begrünt_erdig
1978,,,,,,,,,,,,,,,,grass,grade5,75461650,begrünt_erdig
1979,,,,,,,,,,,,,,,,grass,grade5,75461656,begrünt_erdig
1980,,,,,,,,,,,,,,,,grass,grade5,75461659,begrünt_erdig
1981,,,,,,,,,,,,,,,,grass,grade5,75461662,begrünt_erdig
1982,,,,,,,,,,,,,,,,grass,grade5,75461669,begrünt_erdig
1983,,,,,,,,,,,,,,,,grass,grade5,75603565,begrünt_erdig
1984,,,,,,,,,,,,,,,,fine_gravel,grade2,75606304,mineralisch
1985,,,,,,,,,,,,,,,,asphalt,grade1,75619127,versiegelt
1986,,,,,,,,,,,,,,,,asphalt,grade1,75619129,versiegelt
1987,,,,,,,,,,,,,,,,asphalt,unknown,75635970,versiegelt
1988,,,,,,,,,,,,,,,,asphalt,unknown,75635978,versiegelt
1989,,,,,,,,,,,,,,,,unknown,grade2,75684349,unbekannt
1990,,,,,,,,,,,,,,,,unknown,grade2,75684351,unbekannt
1991,,,,,,,,,,,,,,,,paving_stones,unknown,75801687,unbekannt
1992,,,,,,,,,,,,,,,,grass,grade5,75801689,begrünt_erdig
1993,,,,,,,,,,,,,,,,grass,grade5,75801694,begrünt_erdig
1994,,,,,,,,,,,,,,,,paving_stones,unknown,75801699,unbekannt
1995,,,,,,,,,,,,,,,,grass,grade5,75801700,begrünt_erdig
1996,,,,,,,,,,,,,,,,paving_stones,unknown,75801704,unbekannt
1997,,,,,,,,,,,,,,,,asphalt,unknown,75801705,versiegelt
1998,,,,,,,,,,,,,,,,grass,grade5,75801707,begrünt_erdig
1999,,,,,,,,,,,,,,,,paving_stones,unknown,75801714,unbekannt
2000,,,,,,,,,,,,,,,,paving_stones,unknown,75801720,unbekannt
2001,,,,,,,,,,,,,,,,unpaved,grade5,75802402,mineralisch
2002,,,,,,,,,,,,,,,,grass,grade5,75802403,begrünt_erdig
2003,,,,,,,,,,,,,,,,grass,grade5,75839706,begrünt_erdig
2004,,,,,,,,,,,,,,,,ground,grade3,75839707,unbekannt
2005,,,,,,,,,,,,,,,,asphalt,grade1,75839708,versiegelt
2006,,,,,,,,,,,,,,,,grass,grade5,76128988,begrünt_erdig
2007,,,,,,,,,,,,,,,,grass,grade5,76128994,begrünt_erdig
2008,,,,,,,,,,,,,,,,grass,grade5,76129006,begrünt_erdig
2009,,,,,,,,,,,,,,,,grass,grade5,76129014,begrünt_erdig
2010,,,,,,,,,,,,,,,,fine_gravel,grade4,76129017,mineralisch
2011,,,,,,,,,,,,,,,,grass,grade5,76129020,begrünt_erdig
2012,,,,,,,,,,,,,,,,grass,grade5,76129026,begrünt_erdig
2013,,,,,,,,,,,,,,,,grass,grade5,76129032,begrünt_erdig
2014,,,,,,,,,,,,,,,,asphalt,unknown,76129036,versiegelt
2015,,,,,,,,,,,,,,,,compacted,unknown,76129053,mineralisch
2016,,,,,,,,,,,,,,,,unknown,grade2,76146502,unbekannt
2017,,,,,,,,,,,,,,,,fine_gravel,grade2,76146503,mineralisch
2018,,,,,,,,,,,,,,,,gravel,grade2,76146504,mineralisch
2019,,,,,,,,,,,,,,,,grass,grade5,76273768,begrünt_erdig
2020,,,,,,,,,,,,,,,,grass,grade5,76273774,begrünt_erdig
2021,,,,,,,,,,,,,,,,grass,grade5,76273776,begrünt_erdig
2022,,,,,,,,,,,,,,,,grass,grade5,76273780,begrünt_erdig
2023,,,,,,,,,,,,,,,,ground,grade5,76273781,unbekannt
2024,,,,,,,,,,,,,,,,gravel,grade2,76273785,mineralisch
2025,,,,,,,,,,,,,,,,grass,grade5,76273787,begrünt_erdig
2026,,,,,,,,,,,,,,,,grass,grade5,76273789,begrünt_erdig
2027,,,,,,,,,,,,,,,,ground,grade5,76273792,unbekannt
2028,,,,,,,,,,,,,,,,grass,grade5,76273793,begrünt_erdig
2029,,,,,,,,,,,,,,,,grass,grade5,76273795,begrünt_erdig
2030,,,,,,,,,,,,,,,,ground,grade5,76273802,unbekannt
2031,,,,,,,,,,,,,,,,grass,grade4,76273804,begrünt_erdig
2032,,,,,,,,,,,,,,,,grass,grade5,76273809,begrünt_erdig
2033,,,,,,,,,,,,,,,,gravel,grade2,76282681,mineralisch
2034,,,,,,,,,,,,,,,,coarse_gravel,grade4,76282682,unbekannt
2035,,,,,,,,,,,,,,,,unknown,grade4,76282684,unbekannt
2036,,,,,,,,,,,,,,,,unknown,unknown,76371607,unbekannt
2037,,,,,,,,,,,,,,,,unknown,unknown,76371608,unbekannt
2038,,,,,,,,,,,,,,,,unknown,unknown,76371609,unbekannt
2039,,,,,,,,,,,,,,,,unknown,unknown,76371610,unbekannt
2040,,,,,,,,,,,,,,,,asphalt,unknown,76373578,versiegelt
2041,,,,,,,,,,,,,,,,asphalt,unknown,76667461,versiegelt
2042,,,,,,,,,,,,,,,,asphalt,unknown,76667465,versiegelt
2043,,,,,,,,,,,,,,,,asphalt,unknown,76667469,versiegelt
2044,,,,,,,,,,,,,,,,asphalt,unknown,76667479,versiegelt
2045,,,,,,,,,,,,,,,,grass,grade5,76684333,begrünt_erdig
2046,,,,,,,,,,,,,,,,grass,grade5,76765208,begrünt_erdig
2047,,,,,,,,,,,,,,,,grass,grade5,76765212,begrünt_erdig
2048,,,,,,,,,,,,,,,,grass,grade5,76845684,begrünt_erdig
2049,,,,,,,,,,,,,,,,grass,grade5,76845686,begrünt_erdig
2050,,,,,,,,,,,,,,,,grass,grade5,76845687,begrünt_erdig
2051,,,,,,,,,,,,,,,,gravel,grade3,76845688,mineralisch
2052,,,,,,,,,,,,,,,,grass,grade5,76845689,begrünt_erdig
2053,,,,,,,,,,,,,,,,grass,grade5,76845690,begrünt_erdig
2054,,,,,,,,,,,,,,,,grass,grade5,76845692,begrünt_erdig
2055,,,,,,,,,,,,,,,,gravel,grade3,76909566,mineralisch
2056,,,,,,,,,,,,,,,,grass,grade5,76909571,begrünt_erdig
2057,,,,,,,,,,,,,,,,grass,grade5,76909572,begrünt_erdig
2058,,,,,,,,,,,,,,,,unknown,grade4,76909574,unbekannt
2059,,,,,,,,,,,,,,,,grass,grade4,76909575,begrünt_erdig
2060,,,,,,,,,,,,,,,,grass,grade5,77044551,begrünt_erdig
2061,,,,,,,,,,,,,,,,paved,grade1,77044552,versiegelt
2062,,,,,,,,,,,,,,,,unknown,grade3,77044553,unbekannt
2063,,,,,,,,,,,,,,,,asphalt,unknown,77044554,versiegelt
2064,,,,,,,,,,,,,,,,asphalt,unknown,77044555,versiegelt
2065,,,,,,,,,,,,,,,,asphalt,unknown,77044560,versiegelt
2066,,,,,,,,,,,,,,,,unknown,grade1,77044563,unbekannt
2067,,,,,,,,,,,,,,,,unknown,unknown,77044564,unbekannt
2068,,,,,,,,,,,,,,,,grass,grade4,77044566,begrünt_erdig
2069,,,,,,,,,,,,,,,,grass,grade4,77044568,begrünt_erdig
2070,,,,,,,,,,,,,,,,asphalt,grade1,77044569,versiegelt
2071,,,,,,,,,,,,,,,,asphalt,grade1,77044570,versiegelt
2072,,,,,,,,,,,,,,,,paving_stones,unknown,77048379,unbekannt
2073,,,,,,,,,,,,,,,,paving_stones,unknown,77048389,unbekannt
2074,,,,,,,,,,,,,,,,paving_stones,unknown,77048391,unbekannt
2075,,,,,,,,,,,,,,,,paved,unknown,77048396,versiegelt
2076,,,,,,,,,,,,,,,,paving_stones,unknown,77048398,unbekannt
2077,,,,,,,,,,,,,,,,grass,grade5,77048403,begrünt_erdig
2078,,,,,,,,,,,,,,,,paving_stones,unknown,77048404,unbekannt
2079,,,,,,,,,,,,,,,,asphalt,unknown,77048409,versiegelt
2080,,,,,,,,,,,,,,,,unknown,grade2,77048410,unbekannt
2081,,,,,,,,,,,,,,,,paving_stones,unknown,77048411,unbekannt
2082,,,,,,,,,,,,,,,,pebblestone,unknown,77048413,unbekannt
2083,,,,,,,,,,,,,,,,paving_stones,unknown,77048415,unbekannt
2084,,,,,,,,,,,,,,,,paved,grade1,77049258,versiegelt
2085,,,,,,,,,,,,,,,,unknown,grade2,77049261,unbekannt
2086,,,,,,,,,,,,,,,,asphalt,grade1,77049362,versiegelt
2087,,,,,,,,,,,,,,,,grass,grade5,77049390,begrünt_erdig
2088,,,,,,,,,,,,,,,,asphalt,unknown,77092453,versiegelt
2089,,,,,,,,,,,,,,,,asphalt,unknown,77092535,versiegelt
2090,,,,,,,,,,,,,,,,grass,grade5,77254498,begrünt_erdig
2091,,,,,,,,,,,,,,,,gravel,grade4,77254507,mineralisch
2092,,,,,,,,,,,,,,,,grass,grade5,77254546,begrünt_erdig
2093,,,,,,,,,,,,,,,,grass,grade5,77368914,begrünt_erdig
2094,,,,,,,,,,,,,,,,fine_gravel,grade2,77368940,mineralisch
2095,,,,,,,,,,,,,,,,grass,grade5,77368945,begrünt_erdig
2096,,,,,,,,,,,,,,,,grass,grade5,77368953,begrünt_erdig
2097,,,,,,,,,,,,,,,,grass,grade5,77368963,begrünt_erdig
2098,,,,,,,,,,,,,,,,gravel,grade3,77485789,mineralisch
2099,,,,,,,,,,,,,,,,grass,grade5,77485795,begrünt_erdig
2100,,,,,,,,,,,,,,,,grass,grade5,77485807,begrünt_erdig
2101,,,,,,,,,,,,,,,,gravel,grade2,77766834,mineralisch
2102,,,,,,,,,,,,,,,,gravel,grade3,78087205,mineralisch
2103,,,,,,,,,,,,,,,,gravel,grade2,78194949,mineralisch
2104,,,,,,,,,,,,,,,,gravel,grade2,78194950,mineralisch
2105,,,,,,,,,,,,,,,,asphalt,unknown,78199917,versiegelt
2106,,,,,,,,,,,,,,,,asphalt,unknown,78199918,versiegelt
2107,,,,,,,,,,,,,,,,asphalt,grade1,78271811,versiegelt
2108,,,,,,,,,,,,,,,,ground,grade3,78271814,unbekannt
2109,,,,,,,,,,,,,,,,grass,grade5,78271815,begrünt_erdig
2110,,,,,,,,,,,,,,,,grass,grade5,78271816,begrünt_erdig
2111,,,,,,,,,,,,,,,,asphalt,grade1,78271819,versiegelt
2112,,,,,,,,,,,,,,,,grass,grade5,78271821,begrünt_erdig
2113,,,,,,,,,,,,,,,,grass,grade5,78271822,begrünt_erdig
2114,,,,,,,,,,,,,,,,grass,grade5,78271824,begrünt_erdig
2115,,,,,,,,,,,,,,,,grass,grade5,78271827,begrünt_erdig
2116,,,,,,,,,,,,,,,,mud,grade5,78271829,begrünt_erdig
2117,,,,,,,,,,,,,,,,asphalt,unknown,78271831,versiegelt
2118,,,,,,,,,,,,,,,,grass,grade5,78271834,begrünt_erdig
2119,,,,,,,,,,,,,,,,unknown,grade3,78271839,unbekannt
2120,,,,,,,,,,,,,,,,grass,grade5,78271840,begrünt_erdig
2121,,,,,,,,,,,,,,,,gravel,grade3,78271846,mineralisch
2122,,,,,,,,,,,,,,,,concrete,grade1,78271847,versiegelt
2123,,,,,,,,,,,,,,,,grass,grade5,78271852,begrünt_erdig
2124,,,,,,,,,,,,,,,,grass,grade5,78271854,begrünt_erdig
2125,,,,,,,,,,,,,,,,asphalt,grade1,78271857,versiegelt
2126,,,,,,,,,,,,,,,,asphalt,grade1,78279581,versiegelt
2127,,,,,,,,,,,,,,,,fine_gravel,grade2,78279584,mineralisch
2128,,,,,,,,,,,,,,,,fine_gravel,grade2,78279585,mineralisch
2129,,,,,,,,,,,,,,,,gravel,unknown,78279588,mineralisch
2130,,,,,,,,,,,,,,,,asphalt,grade1,78279591,versiegelt
2131,,,,,,,,,,,,,,,,fine_gravel,grade3,78279592,mineralisch
2132,,,,,,,,,,,,,,,,asphalt,grade1,78279594,versiegelt
2133,,,,,,,,,,,,,,,,gravel,unknown,78279595,mineralisch
2134,,,,,,,,,,,,,,,,fine_gravel,grade2,78279598,mineralisch
2135,,,,,,,,,,,,,,,,asphalt,grade1,78279599,versiegelt
2136,,,,,,,,,,,,,,,,gravel,grade4,78343979,mineralisch
2137,,,,,,,,,,,,,,,,asphalt,unknown,78343994,versiegelt
2138,,,,,,,,,,,,,,,,unknown,unknown,78344001,unbekannt
2139,,,,,,,,,,,,,,,,asphalt,unknown,78344009,versiegelt
2140,,,,,,,,,,,,,,,,gravel,grade4,78344011,mineralisch
2141,,,,,,,,,,,,,,,,asphalt,unknown,78344019,versiegelt
2142,,,,,,,,,,,,,,,,grass,grade5,78344027,begrünt_erdig
2143,,,,,,,,,,,,,,,,unknown,unknown,78344028,unbekannt
2144,,,,,,,,,,,,,,,,asphalt,unknown,78371154,versiegelt
2145,,,,,,,,,,,,,,,,gravel,grade4,78371160,mineralisch
2146,,,,,,,,,,,,,,,,grass,grade5,78371178,begrünt_erdig
2147,,,,,,,,,,,,,,,,fine_gravel,grade2,78371184,mineralisch
2148,,,,,,,,,,,,,,,,asphalt,grade1,78669518,versiegelt
2149,,,,,,,,,,,,,,,,gravel,grade3,78752528,mineralisch
2150,,,,,,,,,,,,,,,,fine_gravel,grade3,78752529,mineralisch
2151,,,,,,,,,,,,,,,,fine_gravel,grade2,78752538,mineralisch
2152,,,,,,,,,,,,,,,,ground,grade5,78752548,unbekannt
2153,,,,,,,,,,,,,,,,fine_gravel,grade2,78752555,mineralisch
2154,,,,,,,,,,,,,,,,gravel,grade2,78752562,mineralisch
2155,,,,,,,,,,,,,,,,fine_gravel,grade3,78752563,mineralisch
2156,,,,,,,,,,,,,,,,fine_gravel,grade2,78752569,mineralisch
2157,,,,,,,,,,,,,,,,fine_gravel,grade2,78752571,mineralisch
2158,,,,,,,,,,,,,,,,fine_gravel,grade2,78752577,mineralisch
2159,,,,,,,,,,,,,,,,gravel,grade3,78752588,mineralisch
2160,,,,,,,,,,,,,,,,gravel,grade2,78752595,mineralisch
2161,,,,,,,,,,,,,,,,ground,grade5,78752599,unbekannt
2162,,,,,,,,,,,,,,,,fine_gravel,grade3,78752605,mineralisch
2163,,,,,,,,,,,,,,,,fine_gravel,grade2,78752609,mineralisch
2164,,,,,,,,,,,,,,,,fine_gravel,grade2,78752617,mineralisch
2165,,,,,,,,,,,,,,,,fine_gravel,grade3,78752620,mineralisch
2166,,,,,,,,,,,,,,,,fine_gravel,grade2,78752628,mineralisch
2167,,,,,,,,,,,,,,,,unknown,grade3,78752629,unbekannt
2168,,,,,,,,,,,,,,,,fine_gravel,grade3,78752636,mineralisch
2169,,,,,,,,,,,,,,,,fine_gravel,grade2,78752639,mineralisch
2170,,,,,,,,,,,,,,,,fine_gravel,grade3,78752646,mineralisch
2171,,,,,,,,,,,,,,,,wood,unknown,78768716,unbekannt
2172,,,,,,,,,,,,,,,,wood,unknown,78768726,unbekannt
2173,,,,,,,,,,,,,,,,wood,unknown,78768735,unbekannt
2174,,,,,,,,,,,,,,,,wood,unknown,78768740,unbekannt
2175,,,,,,,,,,,,,,,,wood,unknown,78768745,unbekannt
2176,,,,,,,,,,,,,,,,wood,unknown,78768749,unbekannt
2177,,,,,,,,,,,,,,,,wood,unknown,78768752,unbekannt
2178,,,,,,,,,,,,,,,,wood,unknown,78768756,unbekannt
2179,,,,,,,,,,,,,,,,wood,unknown,78768759,unbekannt
2180,,,,,,,,,,,,,,,,gravel,grade2,78786754,mineralisch
2181,,,,,,,,,,,,,,,,gravel,grade2,78786762,mineralisch
2182,,,,,,,,,,,,,,,,gravel,grade2,78822487,mineralisch
2183,,,,,,,,,,,,,,,,unknown,unknown,79125395,unbekannt
2184,,,,,,,,,,,,,,,,grass,grade4,79125400,begrünt_erdig
2185,,,,,,,,,,,,,,,,fine_gravel,grade4,79125402,mineralisch
2186,,,,,,,,,,,,,,,,gravel,grade4,79125414,mineralisch
2187,,,,,,,,,,,,,,,,dirt,grade2,79213743,begrünt_erdig
2188,,,,,,,,,,,,,,,,dirt,grade2,79213744,begrünt_erdig
2189,,,,,,,,,,,,,,,,dirt,grade2,79213745,begrünt_erdig
2190,,,,,,,,,,,,,,,,dirt,grade2,79213746,begrünt_erdig
2191,,,,,,,,,,,,,,,,asphalt,unknown,79213747,versiegelt
2192,,,,,,,,,,,,,,,,dirt,grade2,79213748,begrünt_erdig
2193,,,,,,,,,,,,,,,,asphalt,unknown,79213749,versiegelt
2194,,,,,,,,,,,,,,,,asphalt,unknown,79241196,versiegelt
2195,,,,,,,,,,,,,,,,unknown,grade2,79241198,unbekannt
2196,,,,,,,,,,,,,,,,asphalt,unknown,79241203,versiegelt
2197,,,,,,,,,,,,,,,,ground,unknown,79241205,unbekannt
2198,,,,,,,,,,,,,,,,asphalt,unknown,79241219,versiegelt
2199,,,,,,,,,,,,,,,,paving_stones,unknown,79262129,unbekannt
2200,,,,,,,,,,,,,,,,paving_stones,unknown,79274331,unbekannt
2201,,,,,,,,,,,,,,,,paving_stones,unknown,79274339,unbekannt
2202,,,,,,,,,,,,,,,,paving_stones,unknown,79375656,unbekannt
2203,,,,,,,,,,,,,,,,paving_stones,unknown,79375663,unbekannt
2204,,,,,,,,,,,,,,,,gravel,grade3,79710067,mineralisch
2205,,,,,,,,,,,,,,,,gravel,grade3,79710068,mineralisch
2206,,,,,,,,,,,,,,,,asphalt,grade1,79710069,versiegelt
2207,,,,,,,,,,,,,,,,gravel,grade3,79710070,mineralisch
2208,,,,,,,,,,,,,,,,gravel,grade3,79710071,mineralisch
2209,,,,,,,,,,,,,,,,asphalt,grade1,79710075,versiegelt
2210,,,,,,,,,,,,,,,,gravel,grade3,79710076,mineralisch
2211,,,,,,,,,,,,,,,,gravel,grade4,79762138,mineralisch
2212,,,,,,,,,,,,,,,,grass,grade4,79762139,begrünt_erdig
2213,,,,,,,,,,,,,,,,gravel,grade3,80278205,mineralisch
2214,,,,,,,,,,,,,,,,grass,unknown,80278208,begrünt_erdig
2215,,,,,,,,,,,,,,,,grass,grade5,80278209,begrünt_erdig
2216,,,,,,,,,,,,,,,,compacted,unknown,80278211,mineralisch
2217,,,,,,,,,,,,,,,,gravel,grade3,80278212,mineralisch
2218,,,,,,,,,,,,,,,,compacted,unknown,80278213,mineralisch
2219,,,,,,,,,,,,,,,,unknown,grade2,80341423,unbekannt
2220,,,,,,,,,,,,,,,,gravel,grade2,80341424,mineralisch
2221,,,,,,,,,,,,,,,,concrete,grade2,80374736,versiegelt
2222,,,,,,,,,,,,,,,,gravel,grade2,80374737,mineralisch
2223,,,,,,,,,,,,,,,,gravel,grade2,80374739,mineralisch
2224,,,,,,,,,,,,,,,,fine_gravel,grade2,80374740,mineralisch
2225,,,,,,,,,,,,,,,,ground,grade2,80374745,unbekannt
2226,,,,,,,,,,,,,,,,asphalt,unknown,80374747,versiegelt
2227,,,,,,,,,,,,,,,,asphalt,unknown,80374752,versiegelt
2228,,,,,,,,,,,,,,,,unknown,unknown,80374756,unbekannt
2229,,,,,,,,,,,,,,,,gravel,grade3,80374766,mineralisch
2230,,,,,,,,,,,,,,,,unknown,grade5,80374770,unbekannt
2231,,,,,,,,,,,,,,,,fine_gravel,grade2,80374786,mineralisch
2232,,,,,,,,,,,,,,,,grass,grade5,80374916,begrünt_erdig
2233,,,,,,,,,,,,,,,,grass,grade5,80374917,begrünt_erdig
2234,,,,,,,,,,,,,,,,gravel,grade3,80374918,mineralisch
2235,,,,,,,,,,,,,,,,asphalt,grade1,80375549,versiegelt
2236,,,,,,,,,,,,,,,,grass,grade4,80375552,begrünt_erdig
2237,,,,,,,,,,,,,,,,ground,grade4,80375553,unbekannt
2238,,,,,,,,,,,,,,,,fine_gravel,grade3,80375554,mineralisch
2239,,,,,,,,,,,,,,,,gravel,grade3,80375555,mineralisch
2240,,,,,,,,,,,,,,,,grass,grade5,80375556,begrünt_erdig
2241,,,,,,,,,,,,,,,,grass,grade5,80375557,begrünt_erdig
2242,,,,,,,,,,,,,,,,grass,grade5,80375558,begrünt_erdig
2243,,,,,,,,,,,,,,,,grass,grade4,80375559,begrünt_erdig
2244,,,,,,,,,,,,,,,,ground,grade2,80375560,unbekannt
2245,,,,,,,,,,,,,,,,asphalt,unknown,80377902,versiegelt
2246,,,,,,,,,,,,,,,,gravel,grade2,80377906,mineralisch
2247,,,,,,,,,,,,,,,,unknown,grade4,80377909,unbekannt
2248,,,,,,,,,,,,,,,,grass,grade4,80377911,begrünt_erdig
2249,,,,,,,,,,,,,,,,gravel,grade3,80377917,mineralisch
2250,,,,,,,,,,,,,,,,grass,grade5,80377919,begrünt_erdig
2251,,,,,,,,,,,,,,,,unknown,grade2,80377921,unbekannt
2252,,,,,,,,,,,,,,,,unknown,grade4,80377923,unbekannt
2253,,,,,,,,,,,,,,,,unknown,grade4,80377927,unbekannt
2254,,,,,,,,,,,,,,,,unknown,grade4,80377930,unbekannt
2255,,,,,,,,,,,,,,,,compacted,grade2,80377932,mineralisch
2256,,,,,,,,,,,,,,,,unknown,grade3,80377934,unbekannt
2257,,,,,,,,,,,,,,,,gravel,grade2,80377940,mineralisch
2258,,,,,,,,,,,,,,,,gravel,grade4,80377943,mineralisch
2259,,,,,,,,,,,,,,,,ground,grade4,80377945,unbekannt
2260,,,,,,,,,,,,,,,,asphalt,unknown,80377947,versiegelt
2261,,,,,,,,,,,,,,,,fine_gravel,grade2,80377949,mineralisch
2262,,,,,,,,,,,,,,,,grass,grade5,80377961,begrünt_erdig
2263,,,,,,,,,,,,,,,,gravel,grade4,80377962,mineralisch
2264,,,,,,,,,,,,,,,,ground,grade4,80377963,unbekannt
2265,,,,,,,,,,,,,,,,grass,grade5,80377964,begrünt_erdig
2266,,,,,,,,,,,,,,,,gravel,grade2,80377971,mineralisch
2267,,,,,,,,,,,,,,,,unknown,unknown,80377992,unbekannt
2268,,,,,,,,,,,,,,,,unknown,unknown,80377993,unbekannt
2269,,,,,,,,,,,,,,,,unknown,grade2,80382303,unbekannt
2270,,,,,,,,,,,,,,,,unknown,unknown,80382305,unbekannt
2271,,,,,,,,,,,,,,,,unknown,unknown,80382307,unbekannt
2272,,,,,,,,,,,,,,,,unknown,unknown,80382308,unbekannt
2273,,,,,,,,,,,,,,,,unknown,unknown,80382312,unbekannt
2274,,,,,,,,,,,,,,,,grass,grade3,80445942,begrünt_erdig
2275,,,,,,,,,,,,,,,,gravel,grade3,80445944,mineralisch
2276,,,,,,,,,,,,,,,,gravel,grade3,80445946,mineralisch
2277,,,,,,,,,,,,,,,,ground,grade3,80445947,unbekannt
2278,,,,,,,,,,,,,,,,unknown,grade3,80445949,unbekannt
2279,,,,,,,,,,,,,,,,gravel,grade3,80445950,mineralisch
2280,,,,,,,,,,,,,,,,unknown,grade3,80445952,unbekannt
2281,,,,,,,,,,,,,,,,unknown,grade3,80445953,unbekannt
2282,,,,,,,,,,,,,,,,gravel,grade3,80445954,mineralisch
2283,,,,,,,,,,,,,,,,compacted,grade2,80529221,mineralisch
2284,,,,,,,,,,,,,,,,gravel,grade2,80529227,mineralisch
2285,,,,,,,,,,,,,,,,fine_gravel,grade2,80529852,mineralisch
2286,,,,,,,,,,,,,,,,gravel,grade2,80529875,mineralisch
2287,,,,,,,,,,,,,,,,gravel,grade3,80531430,mineralisch
2288,,,,,,,,,,,,,,,,grass,grade5,80531433,begrünt_erdig
2289,,,,,,,,,,,,,,,,unknown,unknown,80531435,unbekannt
2290,,,,,,,,,,,,,,,,unknown,grade3,80531439,unbekannt
2291,,,,,,,,,,,,,,,,asphalt,unknown,80531440,versiegelt
2292,,,,,,,,,,,,,,,,gravel,grade4,80531443,mineralisch
2293,,,,,,,,,,,,,,,,asphalt,unknown,80531447,versiegelt
2294,,,,,,,,,,,,,,,,grass,grade5,80531451,begrünt_erdig
2295,,,,,,,,,,,,,,,,grass,grade5,80531454,begrünt_erdig
2296,,,,,,,,,,,,,,,,grass,grade5,80531456,begrünt_erdig
2297,,,,,,,,,,,,,,,,grass,grade5,80531458,begrünt_erdig
2298,,,,,,,,,,,,,,,,grass,grade5,80531460,begrünt_erdig
2299,,,,,,,,,,,,,,,,grass,grade5,80531466,begrünt_erdig
2300,,,,,,,,,,,,,,,,grass,grade5,80531468,begrünt_erdig
2301,,,,,,,,,,,,,,,,fine_gravel,grade2,80531471,mineralisch
2302,,,,,,,,,,,,,,,,mud,grade5,80531474,begrünt_erdig
2303,,,,,,,,,,,,,,,,grass,grade5,80531477,begrünt_erdig
2304,,,,,,,,,,,,,,,,gravel,grade4,80531481,mineralisch
2305,,,,,,,,,,,,,,,,grass,grade5,80531484,begrünt_erdig
2306,,,,,,,,,,,,,,,,grass,grade5,80531487,begrünt_erdig
2307,,,,,,,,,,,,,,,,asphalt,grade1,80533617,versiegelt
2308,,,,,,,,,,,,,,,,asphalt,grade1,80533623,versiegelt
2309,,,,,,,,,,,,,,,,gravel,grade2,80534192,mineralisch
2310,,,,,,,,,,,,,,,,unknown,grade3,80534193,unbekannt
2311,,,,,,,,,,,,,,,,gravel,grade2,80534194,mineralisch
2312,,,,,,,,,,,,,,,,grass,grade4,80534195,begrünt_erdig
2313,,,,,,,,,,,,,,,,unknown,grade3,80534196,unbekannt
2314,,,,,,,,,,,,,,,,gravel,grade3,80635655,mineralisch
2315,,,,,,,,,,,,,,,,paved,grade1,80751452,versiegelt
2316,,,,,,,,,,,,,,,,asphalt,grade1,80751459,versiegelt
2317,,,,,,,,,,,,,,,,grass,grade4,80751462,begrünt_erdig
2318,,,,,,,,,,,,,,,,grass,grade5,80870733,begrünt_erdig
2319,,,,,,,,,,,,,,,,asphalt,grade1,80870734,versiegelt
2320,,,,,,,,,,,,,,,,fine_gravel,grade3,80870735,mineralisch
2321,,,,,,,,,,,,,,,,grass,grade5,80870736,begrünt_erdig
2322,,,,,,,,,,,,,,,,grass,grade5,80870737,begrünt_erdig
2323,,,,,,,,,,,,,,,,fine_gravel,grade3,80870738,mineralisch
2324,,,,,,,,,,,,,,,,asphalt,grade1,80870739,versiegelt
2325,,,,,,,,,,,,,,,,gravel,grade3,80870740,mineralisch
2326,,,,,,,,,,,,,,,,fine_gravel,grade3,80870741,mineralisch
2327,,,,,,,,,,,,,,,,gravel,grade3,80870742,mineralisch
2328,,,,,,,,,,,,,,,,grass,grade5,80870743,begrünt_erdig
2329,,,,,,,,,,,,,,,,cobblestone,grade2,80870744,unbekannt
2330,,,,,,,,,,,,,,,,asphalt,grade1,80870745,versiegelt
2331,,,,,,,,,,,,,,,,fine_gravel,grade3,80870747,mineralisch
2332,,,,,,,,,,,,,,,,gravel,grade4,80870748,mineralisch
2333,,,,,,,,,,,,,,,,asphalt,unknown,80929476,versiegelt
2334,,,,,,,,,,,,,,,,asphalt,unknown,80929478,versiegelt
2335,,,,,,,,,,,,,,,,asphalt,unknown,80929480,versiegelt
2336,,,,,,,,,,,,,,,,asphalt,unknown,80929483,versiegelt
2337,,,,,,,,,,,,,,,,unknown,grade1,81021240,unbekannt
2338,,,,,,,,,,,,,,,,asphalt,grade1,81021242,versiegelt
2339,,,,,,,,,,,,,,,,asphalt,grade1,81021247,versiegelt
2340,,,,,,,,,,,,,,,,asphalt,unknown,81021250,versiegelt
2341,,,,,,,,,,,,,,,,asphalt,unknown,81021252,versiegelt
2342,,,,,,,,,,,,,,,,unknown,unknown,81063434,unbekannt
2343,,,,,,,,,,,,,,,,unknown,grade3,81063435,unbekannt
2344,,,,,,,,,,,,,,,,gravel,grade2,81929569,mineralisch
2345,,,,,,,,,,,,,,,,gravel,grade2,81929570,mineralisch
2346,,,,,,,,,,,,,,,,grass,grade5,81929574,begrünt_erdig
2347,,,,,,,,,,,,,,,,asphalt,grade1,81929575,versiegelt
2348,,,,,,,,,,,,,,,,gravel,grade3,81929577,mineralisch
2349,,,,,,,,,,,,,,,,asphalt,unknown,82425093,versiegelt
2350,,,,,,,,,,,,,,,,grass,grade4,82628067,begrünt_erdig
2351,,,,,,,,,,,,,,,,grass,grade4,82628071,begrünt_erdig
2352,,,,,,,,,,,,,,,,ground,grade4,82628073,unbekannt
2353,,,,,,,,,,,,,,,,gravel,unknown,82628074,mineralisch
2354,,,,,,,,,,,,,,,,unknown,grade5,82628077,unbekannt
2355,,,,,,,,,,,,,,,,asphalt,unknown,82628078,versiegelt
2356,,,,,,,,,,,,,,,,unknown,grade2,82628079,unbekannt
2357,,,,,,,,,,,,,,,,grass,grade5,82628080,begrünt_erdig
2358,,,,,,,,,,,,,,,,grass,grade4,82628082,begrünt_erdig
2359,,,,,,,,,,,,,,,,gravel,unknown,82628084,mineralisch
2360,,,,,,,,,,,,,,,,grass,grade5,82628085,begrünt_erdig
2361,,,,,,,,,,,,,,,,grass,grade5,82628089,begrünt_erdig
2362,,,,,,,,,,,,,,,,grass,grade4,82628092,begrünt_erdig
2363,,,,,,,,,,,,,,,,paving_stones,unknown,82628094,unbekannt
2364,,,,,,,,,,,,,,,,grass,grade4,82628095,begrünt_erdig
2365,,,,,,,,,,,,,,,,paving_stones,unknown,82628098,unbekannt
2366,,,,,,,,,,,,,,,,asphalt,unknown,83407356,versiegelt
2367,,,,,,,,,,,,,,,,asphalt,grade1,83442422,versiegelt
2368,,,,,,,,,,,,,,,,gravel,grade2,83442424,mineralisch
2369,,,,,,,,,,,,,,,,asphalt,unknown,83505360,versiegelt
2370,,,,,,,,,,,,,,,,asphalt,unknown,83505362,versiegelt
2371,,,,,,,,,,,,,,,,grass,grade5,83505366,begrünt_erdig
2372,,,,,,,,,,,,,,,,grass,grade4,83590856,begrünt_erdig
2373,,,,,,,,,,,,,,,,gravel,grade4,83590860,mineralisch
2374,,,,,,,,,,,,,,,,paving_stones,unknown,83637375,unbekannt
2375,,,,,,,,,,,,,,,,asphalt,grade1,83714392,versiegelt
2376,,,,,,,,,,,,,,,,unknown,grade2,83714397,unbekannt
2377,,,,,,,,,,,,,,,,asphalt,grade1,83714399,versiegelt
2378,,,,,,,,,,,,,,,,grass,grade5,83714400,begrünt_erdig
2379,,,,,,,,,,,,,,,,grass,grade5,83714401,begrünt_erdig
2380,,,,,,,,,,,,,,,,grass,grade4,83714403,begrünt_erdig
2381,,,,,,,,,,,,,,,,paved,grade1,83714411,versiegelt
2382,,,,,,,,,,,,,,,,grass,grade5,83714412,begrünt_erdig
2383,,,,,,,,,,,,,,,,ground,grade3,84193592,unbekannt
2384,,,,,,,,,,,,,,,,grass,grade4,84193593,begrünt_erdig
2385,,,,,,,,,,,,,,,,unknown,grade3,84193594,unbekannt
2386,,,,,,,,,,,,,,,,asphalt,unknown,84914375,versiegelt
2387,,,,,,,,,,,,,,,,grass,grade5,84914380,begrünt_erdig
2388,,,,,,,,,,,,,,,,asphalt,unknown,84914421,versiegelt
2389,,,,,,,,,,,,,,,,asphalt,unknown,84956763,versiegelt
2390,,,,,,,,,,,,,,,,paving_stones,unknown,84956777,unbekannt
2391,,,,,,,,,,,,,,,,asphalt,unknown,84956795,versiegelt
2392,,,,,,,,,,,,,,,,asphalt,unknown,84964872,versiegelt
2393,,,,,,,,,,,,,,,,gravel,unknown,85053959,mineralisch
2394,,,,,,,,,,,,,,,,asphalt,unknown,85220063,versiegelt
2395,,,,,,,,,,,,,,,,asphalt,unknown,85220077,versiegelt
2396,,,,,,,,,,,,,,,,asphalt,unknown,85435013,versiegelt
2397,,,,,,,,,,,,,,,,asphalt,unknown,85435022,versiegelt
2398,,,,,,,,,,,,,,,,asphalt,unknown,85435026,versiegelt
2399,,,,,,,,,,,,,,,,asphalt,unknown,85435038,versiegelt
2400,,,,,,,,,,,,,,,,unknown,unknown,85435040,unbekannt
2401,,,,,,,,,,,,,,,,asphalt,unknown,85435044,versiegelt
2402,,,,,,,,,,,,,,,,asphalt,unknown,85435052,versiegelt
2403,,,,,,,,,,,,,,,,unknown,unknown,85435069,unbekannt
2404,,,,,,,,,,,,,,,,asphalt,unknown,85435081,versiegelt
2405,,,,,,,,,,,,,,,,asphalt,unknown,85501107,versiegelt
2406,,,,,,,,,,,,,,,,asphalt,unknown,85501112,versiegelt
2407,,,,,,,,,,,,,,,,asphalt,unknown,85521155,versiegelt
2408,,,,,,,,,,,,,,,,asphalt,unknown,85521158,versiegelt
2409,,,,,,,,,,,,,,,,asphalt,unknown,85521165,versiegelt
2410,,,,,,,,,,,,,,,,asphalt,unknown,85521171,versiegelt
2411,,,,,,,,,,,,,,,,asphalt,unknown,85521173,versiegelt
2412,,,,,,,,,,,,,,,,asphalt,unknown,85521176,versiegelt
2413,,,,,,,,,,,,,,,,asphalt,unknown,85521180,versiegelt
2414,,,,,,,,,,,,,,,,unknown,unknown,85521186,unbekannt
2415,,,,,,,,,,,,,,,,unknown,unknown,85521189,unbekannt
2416,,,,,,,,,,,,,,,,unknown,unknown,85521194,unbekannt
2417,,,,,,,,,,,,,,,,asphalt,unknown,85521204,versiegelt
2418,,,,,,,,,,,,,,,,fine_gravel,grade2,85581513,mineralisch
2419,,,,,,,,,,,,,,,,fine_gravel,grade2,85581761,mineralisch
2420,,,,,,,,,,,,,,,,unknown,grade2,85582141,unbekannt
2421,,,,,,,,,,,,,,,,fine_gravel,grade2,85582144,mineralisch
2422,,,,,,,,,,,,,,,,asphalt,unknown,85622745,versiegelt
2423,,,,,,,,,,,,,,,,asphalt,unknown,85622748,versiegelt
2424,,,,,,,,,,,,,,,,asphalt,unknown,85622749,versiegelt
2425,,,,,,,,,,,,,,,,asphalt,unknown,85622752,versiegelt
2426,,,,,,,,,,,,,,,,paved,unknown,85659019,versiegelt
2427,,,,,,,,,,,,,,,,asphalt,unknown,85685733,versiegelt
2428,,,,,,,,,,,,,,,,asphalt,unknown,85685740,versiegelt
2429,,,,,,,,,,,,,,,,unknown,unknown,85685755,unbekannt
2430,,,,,,,,,,,,,,,,asphalt,unknown,85685765,versiegelt
2431,,,,,,,,,,,,,,,,unknown,unknown,85685769,unbekannt
2432,,,,,,,,,,,,,,,,asphalt,unknown,85685771,versiegelt
2433,,,,,,,,,,,,,,,,asphalt,unknown,85711882,versiegelt
2434,,,,,,,,,,,,,,,,asphalt,unknown,85767589,versiegelt
2435,,,,,,,,,,,,,,,,asphalt,unknown,85767602,versiegelt
2436,,,,,,,,,,,,,,,,asphalt,unknown,85767604,versiegelt
2437,,,,,,,,,,,,,,,,asphalt,unknown,85767616,versiegelt
2438,,,,,,,,,,,,,,,,unknown,unknown,85767620,unbekannt
2439,,,,,,,,,,,,,,,,gravel,unknown,85767644,mineralisch
2440,,,,,,,,,,,,,,,,gravel,unknown,85773494,mineralisch
2441,,,,,,,,,,,,,,,,unknown,unknown,86774769,unbekannt
2442,,,,,,,,,,,,,,,,asphalt,unknown,86925853,versiegelt
2443,,,,,,,,,,,,,,,,unknown,unknown,86925854,unbekannt
2444,,,,,,,,,,,,,,,,asphalt,unknown,86925858,versiegelt
2445,,,,,,,,,,,,,,,,asphalt,unknown,86925861,versiegelt
2446,,,,,,,,,,,,,,,,asphalt,unknown,86925862,versiegelt
2447,,,,,,,,,,,,,,,,asphalt,unknown,86925866,versiegelt
2448,,,,,,,,,,,,,,,,asphalt,unknown,86925870,versiegelt
2449,,,,,,,,,,,,,,,,asphalt,unknown,86925873,versiegelt
2450,,,,,,,,,,,,,,,,asphalt,unknown,86925874,versiegelt
2451,,,,,,,,,,,,,,,,unknown,unknown,86925876,unbekannt
2452,,,,,,,,,,,,,,,,pebblestone,unknown,86944951,unbekannt
2453,,,,,,,,,,,,,,,,asphalt,unknown,87194192,versiegelt
2454,,,,,,,,,,,,,,,,asphalt,unknown,87194193,versiegelt
2455,,,,,,,,,,,,,,,,asphalt,unknown,87194194,versiegelt
2456,,,,,,,,,,,,,,,,asphalt,unknown,87194196,versiegelt
2457,,,,,,,,,,,,,,,,asphalt,unknown,87194198,versiegelt
2458,,,,,,,,,,,,,,,,asphalt,unknown,87194213,versiegelt
2459,,,,,,,,,,,,,,,,asphalt,unknown,87853487,versiegelt
2460,,,,,,,,,,,,,,,,asphalt,unknown,87853491,versiegelt
2461,,,,,,,,,,,,,,,,asphalt,unknown,87853496,versiegelt
2462,,,,,,,,,,,,,,,,asphalt,unknown,87853498,versiegelt
2463,,,,,,,,,,,,,,,,asphalt,unknown,87853502,versiegelt
2464,,,,,,,,,,,,,,,,paving_stones,unknown,88018993,unbekannt
2465,,,,,,,,,,,,,,,,unknown,grade3,88022673,unbekannt
2466,,,,,,,,,,,,,,,,unknown,grade5,88022677,unbekannt
2467,,,,,,,,,,,,,,,,grass,grade5,88022695,begrünt_erdig
2468,,,,,,,,,,,,,,,,unknown,grade4,88022759,unbekannt
2469,,,,,,,,,,,,,,,,unknown,unknown,88022793,unbekannt
2470,,,,,,,,,,,,,,,,unknown,grade3,88022800,unbekannt
2471,,,,,,,,,,,,,,,,grass,grade5,88022825,begrünt_erdig
2472,,,,,,,,,,,,,,,,grass,grade5,88028331,begrünt_erdig
2473,,,,,,,,,,,,,,,,grass,grade5,88028362,begrünt_erdig
2474,,,,,,,,,,,,,,,,gravel,unknown,88044775,mineralisch
2475,,,,,,,,,,,,,,,,grass,grade5,88044790,begrünt_erdig
2476,,,,,,,,,,,,,,,,grass,grade5,88044802,begrünt_erdig
2477,,,,,,,,,,,,,,,,gravel,unknown,88044809,mineralisch
2478,,,,,,,,,,,,,,,,asphalt,unknown,88052113,versiegelt
2479,,,,,,,,,,,,,,,,gravel,grade2,88058277,mineralisch
2480,,,,,,,,,,,,,,,,asphalt,grade1,88058284,versiegelt
2481,,,,,,,,,,,,,,,,grass,grade5,88077127,begrünt_erdig
2482,,,,,,,,,,,,,,,,grass,grade5,88077132,begrünt_erdig
2483,,,,,,,,,,,,,,,,grass,grade5,88077136,begrünt_erdig
2484,,,,,,,,,,,,,,,,grass,grade5,88077190,begrünt_erdig
2485,,,,,,,,,,,,,,,,grass,grade5,88077198,begrünt_erdig
2486,,,,,,,,,,,,,,,,grass,grade5,88077201,begrünt_erdig
2487,,,,,,,,,,,,,,,,grass,grade5,88077203,begrünt_erdig
2488,,,,,,,,,,,,,,,,grass,grade5,88077208,begrünt_erdig
2489,,,,,,,,,,,,,,,,grass,grade5,88077211,begrünt_erdig
2490,,,,,,,,,,,,,,,,grass,grade5,88077227,begrünt_erdig
2491,,,,,,,,,,,,,,,,paving_stones,unknown,88306857,unbekannt
2492,,,,,,,,,,,,,,,,grass,grade5,88369896,begrünt_erdig
2493,,,,,,,,,,,,,,,,unknown,grade5,88399082,unbekannt
2494,,,,,,,,,,,,,,,,unknown,grade5,88399084,unbekannt
2495,,,,,,,,,,,,,,,,unknown,grade5,88399099,unbekannt
2496,,,,,,,,,,,,,,,,unknown,grade5,88399106,unbekannt
2497,,,,,,,,,,,,,,,,unknown,unknown,88399108,unbekannt
2498,,,,,,,,,,,,,,,,unknown,grade5,88399151,unbekannt
2499,,,,,,,,,,,,,,,,unknown,unknown,88399174,unbekannt
2500,,,,,,,,,,,,,,,,unknown,grade5,88399183,unbekannt
2501,,,,,,,,,,,,,,,,unknown,grade1,88399189,unbekannt
2502,,,,,,,,,,,,,,,,unknown,unknown,88399195,unbekannt
2503,,,,,,,,,,,,,,,,unknown,grade5,88399231,unbekannt
2504,,,,,,,,,,,,,,,,unknown,grade5,88399252,unbekannt
2505,,,,,,,,,,,,,,,,unknown,grade5,88399267,unbekannt
2506,,,,,,,,,,,,,,,,unknown,grade5,88499126,unbekannt
2507,,,,,,,,,,,,,,,,unknown,grade5,88549154,unbekannt
2508,,,,,,,,,,,,,,,,unknown,grade5,88549159,unbekannt
2509,,,,,,,,,,,,,,,,unknown,grade3,88549161,unbekannt
2510,,,,,,,,,,,,,,,,unknown,grade1,88549167,unbekannt
2511,,,,,,,,,,,,,,,,unknown,grade5,88549170,unbekannt
2512,,,,,,,,,,,,,,,,unknown,grade1,88549177,unbekannt
2513,,,,,,,,,,,,,,,,unknown,grade1,88549179,unbekannt
2514,,,,,,,,,,,,,,,,unknown,grade5,88549192,unbekannt
2515,,,,,,,,,,,,,,,,unknown,grade1,88549194,unbekannt
2516,,,,,,,,,,,,,,,,unknown,grade5,88549199,unbekannt
2517,,,,,,,,,,,,,,,,asphalt,grade1,88549202,versiegelt
2518,,,,,,,,,,,,,,,,ground,grade5,88549207,unbekannt
2519,,,,,,,,,,,,,,,,unknown,grade1,88549232,unbekannt
2520,,,,,,,,,,,,,,,,unknown,grade4,88549241,unbekannt
2521,,,,,,,,,,,,,,,,unknown,grade5,88549247,unbekannt
2522,,,,,,,,,,,,,,,,unknown,unknown,88612911,unbekannt
2523,,,,,,,,,,,,,,,,unknown,grade1,88902342,unbekannt
2524,,,,,,,,,,,,,,,,grass,grade5,88902344,begrünt_erdig
2525,,,,,,,,,,,,,,,,grass,grade5,88902349,begrünt_erdig
2526,,,,,,,,,,,,,,,,grass,grade5,88902350,begrünt_erdig
2527,,,,,,,,,,,,,,,,grass,grade5,88902357,begrünt_erdig
2528,,,,,,,,,,,,,,,,grass,grade5,88902360,begrünt_erdig
2529,,,,,,,,,,,,,,,,grass,grade5,88902370,begrünt_erdig
2530,,,,,,,,,,,,,,,,grass,grade5,88902371,begrünt_erdig
2531,,,,,,,,,,,,,,,,grass,grade5,88902379,begrünt_erdig
2532,,,,,,,,,,,,,,,,grass,grade5,88902382,begrünt_erdig
2533,,,,,,,,,,,,,,,,grass,grade5,88902385,begrünt_erdig
2534,,,,,,,,,,,,,,,,grass,grade5,88902391,begrünt_erdig
2535,,,,,,,,,,,,,,,,unknown,unknown,88902394,unbekannt
2536,,,,,,,,,,,,,,,,grass,grade5,88902401,begrünt_erdig
2537,,,,,,,,,,,,,,,,unknown,grade1,89040883,unbekannt
2538,,,,,,,,,,,,,,,,unknown,unknown,89040884,unbekannt
2539,,,,,,,,,,,,,,,,unknown,grade5,89040897,unbekannt
2540,,,,,,,,,,,,,,,,unknown,grade1,89040905,unbekannt
2541,,,,,,,,,,,,,,,,unknown,grade1,89040906,unbekannt
2542,,,,,,,,,,,,,,,,unknown,unknown,89040909,unbekannt
2543,,,,,,,,,,,,,,,,unknown,grade5,89291696,unbekannt
2544,,,,,,,,,,,,,,,,unknown,grade5,89291697,unbekannt
2545,,,,,,,,,,,,,,,,unknown,grade5,89291700,unbekannt
2546,,,,,,,,,,,,,,,,grass,grade5,89291703,begrünt_erdig
2547,,,,,,,,,,,,,,,,unknown,grade5,89291707,unbekannt
2548,,,,,,,,,,,,,,,,unknown,grade5,89291708,unbekannt
2549,,,,,,,,,,,,,,,,unknown,grade5,89291709,unbekannt
2550,,,,,,,,,,,,,,,,grass,grade5,89291712,begrünt_erdig
2551,,,,,,,,,,,,,,,,grass,grade5,89291713,begrünt_erdig
2552,,,,,,,,,,,,,,,,grass,grade5,89291714,begrünt_erdig
2553,,,,,,,,,,,,,,,,grass,grade5,89291717,begrünt_erdig
2554,,,,,,,,,,,,,,,,unknown,grade5,89291718,unbekannt
2555,,,,,,,,,,,,,,,,grass,grade5,89291720,begrünt_erdig
2556,,,,,,,,,,,,,,,,unknown,unknown,89291723,unbekannt
2557,,,,,,,,,,,,,,,,unknown,grade1,89291725,unbekannt
2558,,,,,,,,,,,,,,,,unknown,grade5,89291726,unbekannt
2559,,,,,,,,,,,,,,,,unknown,grade5,89291728,unbekannt
2560,,,,,,,,,,,,,,,,grass,grade5,89291729,begrünt_erdig
2561,,,,,,,,,,,,,,,,grass,grade5,89291731,begrünt_erdig
2562,,,,,,,,,,,,,,,,grass,grade5,89291734,begrünt_erdig
2563,,,,,,,,,,,,,,,,grass,grade5,89291736,begrünt_erdig
2564,,,,,,,,,,,,,,,,unknown,grade5,89291737,unbekannt
2565,,,,,,,,,,,,,,,,unknown,grade5,89291741,unbekannt
2566,,,,,,,,,,,,,,,,grass,grade5,89291744,begrünt_erdig
2567,,,,,,,,,,,,,,,,grass,grade5,89291746,begrünt_erdig
2568,,,,,,,,,,,,,,,,grass,grade5,89291750,begrünt_erdig
2569,,,,,,,,,,,,,,,,grass,grade5,89291753,begrünt_erdig
2570,,,,,,,,,,,,,,,,grass,grade5,89291757,begrünt_erdig
2571,,,,,,,,,,,,,,,,grass,grade5,89291760,begrünt_erdig
2572,,,,,,,,,,,,,,,,unknown,grade5,89291764,unbekannt
2573,,,,,,,,,,,,,,,,unknown,unknown,89291767,unbekannt
2574,,,,,,,,,,,,,,,,grass,grade5,89291768,begrünt_erdig
2575,,,,,,,,,,,,,,,,grass,grade5,89291774,begrünt_erdig
2576,,,,,,,,,,,,,,,,grass,grade5,89291777,begrünt_erdig
2577,,,,,,,,,,,,,,,,grass,grade5,89291783,begrünt_erdig
2578,,,,,,,,,,,,,,,,unknown,grade5,89291787,unbekannt
2579,,,,,,,,,,,,,,,,grass,grade5,89291795,begrünt_erdig
2580,,,,,,,,,,,,,,,,unknown,grade1,89291798,unbekannt
2581,,,,,,,,,,,,,,,,grass,grade5,89291801,begrünt_erdig
2582,,,,,,,,,,,,,,,,grass,grade5,89291808,begrünt_erdig
2583,,,,,,,,,,,,,,,,grass,grade5,89291813,begrünt_erdig
2584,,,,,,,,,,,,,,,,unknown,unknown,89291824,unbekannt
2585,,,,,,,,,,,,,,,,unknown,grade5,89291826,unbekannt
2586,,,,,,,,,,,,,,,,grass,grade5,89291830,begrünt_erdig
2587,,,,,,,,,,,,,,,,grass,grade5,89291833,begrünt_erdig
2588,,,,,,,,,,,,,,,,grass,grade5,89291834,begrünt_erdig
2589,,,,,,,,,,,,,,,,grass,grade5,89291839,begrünt_erdig
2590,,,,,,,,,,,,,,,,grass,grade5,89291847,begrünt_erdig
2591,,,,,,,,,,,,,,,,unknown,grade5,89291849,unbekannt
2592,,,,,,,,,,,,,,,,grass,grade5,89291853,begrünt_erdig
2593,,,,,,,,,,,,,,,,grass,grade5,89291859,begrünt_erdig
2594,,,,,,,,,,,,,,,,grass,grade5,89291862,begrünt_erdig
2595,,,,,,,,,,,,,,,,grass,grade5,89291873,begrünt_erdig
2596,,,,,,,,,,,,,,,,grass,grade5,89291875,begrünt_erdig
2597,,,,,,,,,,,,,,,,grass,grade5,89291884,begrünt_erdig
2598,,,,,,,,,,,,,,,,grass,grade5,89291886,begrünt_erdig
2599,,,,,,,,,,,,,,,,grass,grade5,89291890,begrünt_erdig
2600,,,,,,,,,,,,,,,,grass,grade5,89291896,begrünt_erdig
2601,,,,,,,,,,,,,,,,grass,grade5,89291907,begrünt_erdig
2602,,,,,,,,,,,,,,,,grass,grade5,89291910,begrünt_erdig
2603,,,,,,,,,,,,,,,,grass,grade5,89291917,begrünt_erdig
2604,,,,,,,,,,,,,,,,grass,grade5,89291921,begrünt_erdig
2605,,,,,,,,,,,,,,,,grass,grade5,89291928,begrünt_erdig
2606,,,,,,,,,,,,,,,,grass,grade5,89291931,begrünt_erdig
2607,,,,,,,,,,,,,,,,grass,grade3,89291949,begrünt_erdig
2608,,,,,,,,,,,,,,,,unknown,grade5,89291952,unbekannt
2609,,,,,,,,,,,,,,,,grass,grade5,89291959,begrünt_erdig
2610,,,,,,,,,,,,,,,,grass,grade5,89291962,begrünt_erdig
2611,,,,,,,,,,,,,,,,grass,grade5,89291972,begrünt_erdig
2612,,,,,,,,,,,,,,,,grass,grade5,89291975,begrünt_erdig
2613,,,,,,,,,,,,,,,,unknown,grade2,89291987,unbekannt
2614,,,,,,,,,,,,,,,,grass,grade5,89291992,begrünt_erdig
2615,,,,,,,,,,,,,,,,grass,grade5,89291999,begrünt_erdig
2616,,,,,,,,,,,,,,,,grass,grade5,89292001,begrünt_erdig
2617,,,,,,,,,,,,,,,,grass,grade5,89292005,begrünt_erdig
2618,,,,,,,,,,,,,,,,unknown,grade5,89292014,unbekannt
2619,,,,,,,,,,,,,,,,unknown,unknown,89292017,unbekannt
2620,,,,,,,,,,,,,,,,unknown,grade5,89292019,unbekannt
2621,,,,,,,,,,,,,,,,grass,grade5,89292024,begrünt_erdig
2622,,,,,,,,,,,,,,,,grass,grade5,89292027,begrünt_erdig
2623,,,,,,,,,,,,,,,,unknown,grade5,89292034,unbekannt
2624,,,,,,,,,,,,,,,,grass,grade5,89292036,begrünt_erdig
2625,,,,,,,,,,,,,,,,grass,grade5,89292037,begrünt_erdig
2626,,,,,,,,,,,,,,,,grass,grade5,89292045,begrünt_erdig
2627,,,,,,,,,,,,,,,,grass,grade5,89292048,begrünt_erdig
2628,,,,,,,,,,,,,,,,asphalt,grade1,89292050,versiegelt
2629,,,,,,,,,,,,,,,,grass,grade5,89292058,begrünt_erdig
2630,,,,,,,,,,,,,,,,unknown,grade5,89292061,unbekannt
2631,,,,,,,,,,,,,,,,asphalt,unknown,89335509,versiegelt
2632,,,,,,,,,,,,,,,,unknown,unknown,89335598,unbekannt
2633,,,,,,,,,,,,,,,,paved,grade1,89457667,versiegelt
2634,,,,,,,,,,,,,,,,gravel,grade3,89457673,mineralisch
2635,,,,,,,,,,,,,,,,grass,grade5,89457675,begrünt_erdig
2636,,,,,,,,,,,,,,,,paved,grade1,89457678,versiegelt
2637,,,,,,,,,,,,,,,,grass,grade5,89457684,begrünt_erdig
2638,,,,,,,,,,,,,,,,gravel,grade3,89457686,mineralisch
2639,,,,,,,,,,,,,,,,unknown,grade3,89457694,unbekannt
2640,,,,,,,,,,,,,,,,gravel,grade3,89457703,mineralisch
2641,,,,,,,,,,,,,,,,grass,grade5,89457723,begrünt_erdig
2642,,,,,,,,,,,,,,,,grass,grade5,89457737,begrünt_erdig
2643,,,,,,,,,,,,,,,,grass,grade4,89467598,begrünt_erdig
2644,,,,,,,,,,,,,,,,unknown,unknown,89467600,unbekannt
2645,,,,,,,,,,,,,,,,unknown,unknown,89467601,unbekannt
2646,,,,,,,,,,,,,,,,grass,grade4,89467603,begrünt_erdig
2647,,,,,,,,,,,,,,,,gravel,grade2,89467607,mineralisch
2648,,,,,,,,,,,,,,,,grass,grade4,89467609,begrünt_erdig
2649,,,,,,,,,,,,,,,,grass,grade4,89471254,begrünt_erdig
2650,,,,,,,,,,,,,,,,unknown,grade1,89471257,unbekannt
2651,,,,,,,,,,,,,,,,grass,grade4,89471261,begrünt_erdig
2652,,,,,,,,,,,,,,,,asphalt,grade2,90048858,versiegelt
2653,,,,,,,,,,,,,,,,asphalt,grade1,90048865,versiegelt
2654,,,,,,,,,,,,,,,,asphalt,unknown,90048866,versiegelt
2655,,,,,,,,,,,,,,,,asphalt,unknown,90048872,versiegelt
2656,,,,,,,,,,,,,,,,asphalt,unknown,90048874,versiegelt
2657,,,,,,,,,,,,,,,,asphalt,unknown,90048876,versiegelt
2658,,,,,,,,,,,,,,,,asphalt,unknown,90048881,versiegelt
2659,,,,,,,,,,,,,,,,asphalt,unknown,90048883,versiegelt
2660,,,,,,,,,,,,,,,,unknown,grade2,90057220,unbekannt
2661,,,,,,,,,,,,,,,,grass,grade5,90057224,begrünt_erdig
2662,,,,,,,,,,,,,,,,asphalt,grade1,90057239,versiegelt
2663,,,,,,,,,,,,,,,,grass,grade5,90057242,begrünt_erdig
2664,,,,,,,,,,,,,,,,grass,grade5,90057247,begrünt_erdig
2665,,,,,,,,,,,,,,,,grass,grade5,90057250,begrünt_erdig
2666,,,,,,,,,,,,,,,,grass,grade5,90057254,begrünt_erdig
2667,,,,,,,,,,,,,,,,grass,grade5,90057269,begrünt_erdig
2668,,,,,,,,,,,,,,,,asphalt,grade1,90057286,versiegelt
2669,,,,,,,,,,,,,,,,asphalt,grade1,90057297,versiegelt
2670,,,,,,,,,,,,,,,,grass,grade5,90057303,begrünt_erdig
2671,,,,,,,,,,,,,,,,grass,grade5,90057311,begrünt_erdig
2672,,,,,,,,,,,,,,,,grass,grade5,90057317,begrünt_erdig
2673,,,,,,,,,,,,,,,,grass,grade5,90057322,begrünt_erdig
2674,,,,,,,,,,,,,,,,unknown,grade5,90057328,unbekannt
2675,,,,,,,,,,,,,,,,grass,grade5,90057330,begrünt_erdig
2676,,,,,,,,,,,,,,,,grass,grade5,90109939,begrünt_erdig
2677,,,,,,,,,,,,,,,,grass,grade5,90115511,begrünt_erdig
2678,,,,,,,,,,,,,,,,unknown,grade5,90115512,unbekannt
2679,,,,,,,,,,,,,,,,unknown,unknown,90115513,unbekannt
2680,,,,,,,,,,,,,,,,asphalt,grade1,90115514,versiegelt
2681,,,,,,,,,,,,,,,,asphalt,grade1,90115516,versiegelt
2682,,,,,,,,,,,,,,,,unknown,grade5,90115517,unbekannt
2683,,,,,,,,,,,,,,,,unknown,grade5,90115519,unbekannt
2684,,,,,,,,,,,,,,,,unknown,grade5,90115521,unbekannt
2685,,,,,,,,,,,,,,,,asphalt,grade1,90115523,versiegelt
2686,,,,,,,,,,,,,,,,unknown,grade1,90115524,unbekannt
2687,,,,,,,,,,,,,,,,asphalt,grade1,90115526,versiegelt
2688,,,,,,,,,,,,,,,,unknown,grade5,90115528,unbekannt
2689,,,,,,,,,,,,,,,,asphalt,grade1,90115529,versiegelt
2690,,,,,,,,,,,,,,,,unknown,grade5,90115530,unbekannt
2691,,,,,,,,,,,,,,,,unknown,grade5,90115531,unbekannt
2692,,,,,,,,,,,,,,,,unknown,grade5,90115532,unbekannt
2693,,,,,,,,,,,,,,,,unknown,grade5,90115534,unbekannt
2694,,,,,,,,,,,,,,,,compacted,grade3,90115535,mineralisch
2695,,,,,,,,,,,,,,,,compacted,grade3,90115536,mineralisch
2696,,,,,,,,,,,,,,,,paving_stones,grade1,90115538,unbekannt
2697,,,,,,,,,,,,,,,,ground,grade3,90115539,unbekannt
2698,,,,,,,,,,,,,,,,grass,grade5,90115541,begrünt_erdig
2699,,,,,,,,,,,,,,,,unknown,grade5,90115542,unbekannt
2700,,,,,,,,,,,,,,,,unknown,grade5,90115543,unbekannt
2701,,,,,,,,,,,,,,,,unknown,grade1,90115544,unbekannt
2702,,,,,,,,,,,,,,,,ground,unknown,90115545,unbekannt
2703,,,,,,,,,,,,,,,,unknown,grade4,90115546,unbekannt
2704,,,,,,,,,,,,,,,,unknown,grade5,90115547,unbekannt
2705,,,,,,,,,,,,,,,,unknown,grade5,90115549,unbekannt
2706,,,,,,,,,,,,,,,,grass,grade5,90115551,begrünt_erdig
2707,,,,,,,,,,,,,,,,unknown,grade5,90115552,unbekannt
2708,,,,,,,,,,,,,,,,unknown,grade5,90115554,unbekannt
2709,,,,,,,,,,,,,,,,compacted,grade3,90115555,mineralisch
2710,,,,,,,,,,,,,,,,unknown,grade1,90115556,unbekannt
2711,,,,,,,,,,,,,,,,grass,grade5,90115558,begrünt_erdig
2712,,,,,,,,,,,,,,,,unknown,grade1,90115559,unbekannt
2713,,,,,,,,,,,,,,,,asphalt,grade1,90115560,versiegelt
2714,,,,,,,,,,,,,,,,asphalt,grade1,90115561,versiegelt
2715,,,,,,,,,,,,,,,,unknown,grade5,90115562,unbekannt
2716,,,,,,,,,,,,,,,,unknown,unknown,90115566,unbekannt
2717,,,,,,,,,,,,,,,,gravel,grade5,90115569,mineralisch
2718,,,,,,,,,,,,,,,,asphalt,grade1,90115571,versiegelt
2719,,,,,,,,,,,,,,,,asphalt,grade1,90116428,versiegelt
2720,,,,,,,,,,,,,,,,asphalt,grade1,90116429,versiegelt
2721,,,,,,,,,,,,,,,,unknown,unknown,90116666,unbekannt
2722,,,,,,,,,,,,,,,,gravel,grade2,90116670,mineralisch
2723,,,,,,,,,,,,,,,,gravel,grade2,90116671,mineralisch
2724,,,,,,,,,,,,,,,,unknown,unknown,90116673,unbekannt
2725,,,,,,,,,,,,,,,,asphalt,grade1,90118075,versiegelt
2726,,,,,,,,,,,,,,,,gravel,grade3,90118077,mineralisch
2727,,,,,,,,,,,,,,,,gravel,unknown,90118084,mineralisch
2728,,,,,,,,,,,,,,,,asphalt,grade1,90118089,versiegelt
2729,,,,,,,,,,,,,,,,asphalt,grade1,90118092,versiegelt
2730,,,,,,,,,,,,,,,,gravel,grade1,90118096,mineralisch
2731,,,,,,,,,,,,,,,,asphalt,grade1,90118097,versiegelt
2732,,,,,,,,,,,,,,,,gravel,grade2,90118099,mineralisch
2733,,,,,,,,,,,,,,,,grass,grade5,90118104,begrünt_erdig
2734,,,,,,,,,,,,,,,,fine_gravel,grade2,90194014,mineralisch
2735,,,,,,,,,,,,,,,,asphalt,unknown,90196441,versiegelt
2736,,,,,,,,,,,,,,,,asphalt,grade1,90196450,versiegelt
2737,,,,,,,,,,,,,,,,asphalt,grade1,90196461,versiegelt
2738,,,,,,,,,,,,,,,,asphalt,grade1,90196470,versiegelt
2739,,,,,,,,,,,,,,,,unknown,grade4,90196474,unbekannt
2740,,,,,,,,,,,,,,,,asphalt,unknown,90202850,versiegelt
2741,,,,,,,,,,,,,,,,asphalt,unknown,90202852,versiegelt
2742,,,,,,,,,,,,,,,,grass,grade5,90202855,begrünt_erdig
2743,,,,,,,,,,,,,,,,gravel,grade4,90202856,mineralisch
2744,,,,,,,,,,,,,,,,gravel,grade4,90202859,mineralisch
2745,,,,,,,,,,,,,,,,fine_gravel,grade2,90202860,mineralisch
2746,,,,,,,,,,,,,,,,grass,grade5,90202861,begrünt_erdig
2747,,,,,,,,,,,,,,,,grass,grade5,90202872,begrünt_erdig
2748,,,,,,,,,,,,,,,,asphalt,unknown,90202874,versiegelt
2749,,,,,,,,,,,,,,,,unknown,grade1,90223261,unbekannt
2750,,,,,,,,,,,,,,,,grass,grade5,90223262,begrünt_erdig
2751,,,,,,,,,,,,,,,,grass,grade5,90223263,begrünt_erdig
2752,,,,,,,,,,,,,,,,grass,grade5,90223265,begrünt_erdig
2753,,,,,,,,,,,,,,,,unknown,grade1,90223266,unbekannt
2754,,,,,,,,,,,,,,,,unknown,unknown,90223268,unbekannt
2755,,,,,,,,,,,,,,,,unknown,grade5,90223269,unbekannt
2756,,,,,,,,,,,,,,,,unknown,grade1,90223270,unbekannt
2757,,,,,,,,,,,,,,,,cobblestone,grade1,90223272,unbekannt
2758,,,,,,,,,,,,,,,,grass,grade5,90225015,begrünt_erdig
2759,,,,,,,,,,,,,,,,grass,grade5,90225019,begrünt_erdig
2760,,,,,,,,,,,,,,,,unknown,grade5,90230030,unbekannt
2761,,,,,,,,,,,,,,,,unknown,grade5,90230049,unbekannt
2762,,,,,,,,,,,,,,,,gravel,grade4,90230050,mineralisch
2763,,,,,,,,,,,,,,,,grass,grade5,90230053,begrünt_erdig
2764,,,,,,,,,,,,,,,,unknown,grade5,90230057,unbekannt
2765,,,,,,,,,,,,,,,,unknown,unknown,90230060,unbekannt
2766,,,,,,,,,,,,,,,,fine_gravel,grade2,90256117,mineralisch
2767,,,,,,,,,,,,,,,,asphalt,grade1,90256153,versiegelt
2768,,,,,,,,,,,,,,,,fine_gravel,grade2,90256165,mineralisch
2769,,,,,,,,,,,,,,,,grass,grade5,90256177,begrünt_erdig
2770,,,,,,,,,,,,,,,,grass,grade5,90263658,begrünt_erdig
2771,,,,,,,,,,,,,,,,asphalt,grade1,90266520,versiegelt
2772,,,,,,,,,,,,,,,,asphalt,grade1,90266521,versiegelt
2773,,,,,,,,,,,,,,,,grass,grade5,90266525,begrünt_erdig
2774,,,,,,,,,,,,,,,,grass,grade5,90267124,begrünt_erdig
2775,,,,,,,,,,,,,,,,asphalt,grade1,90267940,versiegelt
2776,,,,,,,,,,,,,,,,compacted,grade3,90270788,mineralisch
2777,,,,,,,,,,,,,,,,asphalt,grade1,90350438,versiegelt
2778,,,,,,,,,,,,,,,,grass,grade5,90503469,begrünt_erdig
2779,,,,,,,,,,,,,,,,grass,grade5,90503479,begrünt_erdig
2780,,,,,,,,,,,,,,,,unknown,grade5,90503500,unbekannt
2781,,,,,,,,,,,,,,,,unknown,grade5,90503507,unbekannt
2782,,,,,,,,,,,,,,,,unknown,unknown,90503509,unbekannt
2783,,,,,,,,,,,,,,,,unknown,grade5,90503514,unbekannt
2784,,,,,,,,,,,,,,,,grass,grade5,90503515,begrünt_erdig
2785,,,,,,,,,,,,,,,,unknown,grade2,90503518,unbekannt
2786,,,,,,,,,,,,,,,,grass,grade5,90503526,begrünt_erdig
2787,,,,,,,,,,,,,,,,unknown,unknown,90503528,unbekannt
2788,,,,,,,,,,,,,,,,grass,grade5,90503532,begrünt_erdig
2789,,,,,,,,,,,,,,,,unknown,grade5,90503541,unbekannt
2790,,,,,,,,,,,,,,,,unknown,grade3,90503547,unbekannt
2791,,,,,,,,,,,,,,,,unknown,grade5,90503552,unbekannt
2792,,,,,,,,,,,,,,,,grass,grade5,90503553,begrünt_erdig
2793,,,,,,,,,,,,,,,,grass,grade5,90503558,begrünt_erdig
2794,,,,,,,,,,,,,,,,unknown,grade5,90503559,unbekannt
2795,,,,,,,,,,,,,,,,grass,grade5,90503563,begrünt_erdig
2796,,,,,,,,,,,,,,,,unknown,grade2,90503567,unbekannt
2797,,,,,,,,,,,,,,,,grass,grade5,90503574,begrünt_erdig
2798,,,,,,,,,,,,,,,,grass,grade5,90503575,begrünt_erdig
2799,,,,,,,,,,,,,,,,unknown,grade5,90503581,unbekannt
2800,,,,,,,,,,,,,,,,unknown,grade5,90503587,unbekannt
2801,,,,,,,,,,,,,,,,grass,grade5,90503589,begrünt_erdig
2802,,,,,,,,,,,,,,,,grass,grade5,90503592,begrünt_erdig
2803,,,,,,,,,,,,,,,,grass,grade5,90503594,begrünt_erdig
2804,,,,,,,,,,,,,,,,unknown,grade5,90503600,unbekannt
2805,,,,,,,,,,,,,,,,unknown,grade5,90503608,unbekannt
2806,,,,,,,,,,,,,,,,unknown,grade1,90503612,unbekannt
2807,,,,,,,,,,,,,,,,unknown,grade5,90503628,unbekannt
2808,,,,,,,,,,,,,,,,unknown,grade1,90503631,unbekannt
2809,,,,,,,,,,,,,,,,grass,grade5,90503634,begrünt_erdig
2810,,,,,,,,,,,,,,,,grass,grade5,90503636,begrünt_erdig
2811,,,,,,,,,,,,,,,,grass,grade5,90505648,begrünt_erdig
2812,,,,,,,,,,,,,,,,asphalt,grade5,91394396,versiegelt
2813,,,,,,,,,,,,,,,,grass,grade5,91394397,begrünt_erdig
2814,,,,,,,,,,,,,,,,grass,grade4,91394398,begrünt_erdig
2815,,,,,,,,,,,,,,,,unknown,grade2,91394401,unbekannt
2816,,,,,,,,,,,,,,,,grass,grade5,91394402,begrünt_erdig
2817,,,,,,,,,,,,,,,,unknown,unknown,91394404,unbekannt
2818,,,,,,,,,,,,,,,,unknown,grade4,91394405,unbekannt
2819,,,,,,,,,,,,,,,,asphalt,grade1,91394410,versiegelt
2820,,,,,,,,,,,,,,,,gravel,grade2,91394412,mineralisch
2821,,,,,,,,,,,,,,,,grass,grade5,91394416,begrünt_erdig
2822,,,,,,,,,,,,,,,,grass,grade5,91394418,begrünt_erdig
2823,,,,,,,,,,,,,,,,grass,grade5,91394422,begrünt_erdig
2824,,,,,,,,,,,,,,,,unknown,unknown,91399762,unbekannt
2825,,,,,,,,,,,,,,,,asphalt,grade5,91399765,versiegelt
2826,,,,,,,,,,,,,,,,unknown,grade2,91399768,unbekannt
2827,,,,,,,,,,,,,,,,grass,grade5,91399769,begrünt_erdig
2828,,,,,,,,,,,,,,,,ground,grade2,91399770,unbekannt
2829,,,,,,,,,,,,,,,,unknown,unknown,91399771,unbekannt
2830,,,,,,,,,,,,,,,,unknown,unknown,91399772,unbekannt
2831,,,,,,,,,,,,,,,,grass,grade4,91399774,begrünt_erdig
2832,,,,,,,,,,,,,,,,unknown,unknown,91407265,unbekannt
2833,,,,,,,,,,,,,,,,unknown,unknown,91407266,unbekannt
2834,,,,,,,,,,,,,,,,unknown,unknown,91407267,unbekannt
2835,,,,,,,,,,,,,,,,unknown,unknown,91407269,unbekannt
2836,,,,,,,,,,,,,,,,unknown,unknown,91407270,unbekannt
2837,,,,,,,,,,,,,,,,unknown,unknown,91407272,unbekannt
2838,,,,,,,,,,,,,,,,unknown,unknown,91407273,unbekannt
2839,,,,,,,,,,,,,,,,unknown,unknown,91407275,unbekannt
2840,,,,,,,,,,,,,,,,grass,grade5,91407277,begrünt_erdig
2841,,,,,,,,,,,,,,,,unknown,unknown,91407280,unbekannt
2842,,,,,,,,,,,,,,,,grass,grade5,91407281,begrünt_erdig
2843,,,,,,,,,,,,,,,,unknown,unknown,91407284,unbekannt
2844,,,,,,,,,,,,,,,,grass,grade4,91407285,begrünt_erdig
2845,,,,,,,,,,,,,,,,unknown,unknown,91407286,unbekannt
2846,,,,,,,,,,,,,,,,unknown,unknown,91407289,unbekannt
2847,,,,,,,,,,,,,,,,unknown,unknown,91407290,unbekannt
2848,,,,,,,,,,,,,,,,grass,grade4,91407291,begrünt_erdig
2849,,,,,,,,,,,,,,,,grass,grade5,91407294,begrünt_erdig
2850,,,,,,,,,,,,,,,,unknown,unknown,91407295,unbekannt
2851,,,,,,,,,,,,,,,,unknown,unknown,91416784,unbekannt
2852,,,,,,,,,,,,,,,,grass,grade5,91416790,begrünt_erdig
2853,,,,,,,,,,,,,,,,unknown,unknown,91416792,unbekannt
2854,,,,,,,,,,,,,,,,unknown,unknown,91416794,unbekannt
2855,,,,,,,,,,,,,,,,unknown,unknown,91416795,unbekannt
2856,,,,,,,,,,,,,,,,unknown,unknown,91416797,unbekannt
2857,,,,,,,,,,,,,,,,unknown,unknown,91416799,unbekannt
2858,,,,,,,,,,,,,,,,asphalt,unknown,91430155,versiegelt
2859,,,,,,,,,,,,,,,,paving_stones,unknown,91577130,unbekannt
2860,,,,,,,,,,,,,,,,paving_stones,unknown,91577131,unbekannt
2861,,,,,,,,,,,,,,,,asphalt,grade1,91586105,versiegelt
2862,,,,,,,,,,,,,,,,grass,grade5,91925358,begrünt_erdig
2863,,,,,,,,,,,,,,,,grass,grade5,91925370,begrünt_erdig
2864,,,,,,,,,,,,,,,,asphalt,unknown,92358237,versiegelt
2865,,,,,,,,,,,,,,,,paving_stones,unknown,92359940,unbekannt
2866,,,,,,,,,,,,,,,,fine_gravel,grade2,92359942,mineralisch
2867,,,,,,,,,,,,,,,,unknown,unknown,92359943,unbekannt
2868,,,,,,,,,,,,,,,,paving_stones,unknown,92359945,unbekannt
2869,,,,,,,,,,,,,,,,asphalt,unknown,92359946,versiegelt
2870,,,,,,,,,,,,,,,,pebblestone,grade4,92359948,unbekannt
2871,,,,,,,,,,,,,,,,unknown,unknown,92359949,unbekannt
2872,,,,,,,,,,,,,,,,unknown,unknown,92359950,unbekannt
2873,,,,,,,,,,,,,,,,ground,grade4,92359951,unbekannt
2874,,,,,,,,,,,,,,,,unknown,unknown,92359952,unbekannt
2875,,,,,,,,,,,,,,,,paved,grade2,92379447,versiegelt
2876,,,,,,,,,,,,,,,,unknown,unknown,92473647,unbekannt
2877,,,,,,,,,,,,,,,,grass,grade4,92473652,begrünt_erdig
2878,,,,,,,,,,,,,,,,unknown,unknown,92473654,unbekannt
2879,,,,,,,,,,,,,,,,asphalt,grade1,92692466,versiegelt
2880,,,,,,,,,,,,,,,,asphalt,unknown,92692475,versiegelt
2881,,,,,,,,,,,,,,,,asphalt,unknown,92709039,versiegelt
2882,,,,,,,,,,,,,,,,asphalt,unknown,92709040,versiegelt
2883,,,,,,,,,,,,,,,,gravel,grade2,92747621,mineralisch
2884,,,,,,,,,,,,,,,,asphalt,grade1,92755805,versiegelt
2885,,,,,,,,,,,,,,,,gravel,grade2,92755806,mineralisch
2886,,,,,,,,,,,,,,,,gravel,grade2,92768684,mineralisch
2887,,,,,,,,,,,,,,,,unknown,grade3,92774857,unbekannt
2888,,,,,,,,,,,,,,,,paved,grade1,92774858,versiegelt
2889,,,,,,,,,,,,,,,,unknown,unknown,92774862,unbekannt
2890,,,,,,,,,,,,,,,,gravel,unknown,93221947,mineralisch
2891,,,,,,,,,,,,,,,,paving_stones,unknown,93221948,unbekannt
2892,,,,,,,,,,,,,,,,asphalt,unknown,93221951,versiegelt
2893,,,,,,,,,,,,,,,,ground,unknown,93221954,unbekannt
2894,,,,,,,,,,,,,,,,grass,unknown,93226341,begrünt_erdig
2895,,,,,,,,,,,,,,,,fine_gravel,grade3,93226342,mineralisch
2896,,,,,,,,,,,,,,,,asphalt,grade1,93226343,versiegelt
2897,,,,,,,,,,,,,,,,fine_gravel,grade2,93258050,mineralisch
2898,,,,,,,,,,,,,,,,asphalt,unknown,93258051,versiegelt
2899,,,,,,,,,,,,,,,,paving_stones,unknown,93399012,unbekannt
2900,,,,,,,,,,,,,,,,asphalt,unknown,93399013,versiegelt
2901,,,,,,,,,,,,,,,,asphalt,unknown,93399015,versiegelt
2902,,,,,,,,,,,,,,,,paving_stones,unknown,93399016,unbekannt
2903,,,,,,,,,,,,,,,,asphalt,unknown,93399019,versiegelt
2904,,,,,,,,,,,,,,,,asphalt,unknown,93490689,versiegelt
2905,,,,,,,,,,,,,,,,unknown,unknown,93490696,unbekannt
2906,,,,,,,,,,,,,,,,unknown,unknown,93490699,unbekannt
2907,,,,,,,,,,,,,,,,asphalt,unknown,93490735,versiegelt
2908,,,,,,,,,,,,,,,,wood,unknown,93490737,unbekannt
2909,,,,,,,,,,,,,,,,unknown,unknown,93490740,unbekannt
2910,,,,,,,,,,,,,,,,asphalt,unknown,93490744,versiegelt
2911,,,,,,,,,,,,,,,,asphalt,unknown,93490747,versiegelt
2912,,,,,,,,,,,,,,,,asphalt,unknown,93495177,versiegelt
2913,,,,,,,,,,,,,,,,paving_stones,unknown,93495187,unbekannt
2914,,,,,,,,,,,,,,,,paving_stones,unknown,93541843,unbekannt
2915,,,,,,,,,,,,,,,,asphalt,unknown,93541869,versiegelt
2916,,,,,,,,,,,,,,,,paving_stones,unknown,93541878,unbekannt
2917,,,,,,,,,,,,,,,,unknown,unknown,93649634,unbekannt
2918,,,,,,,,,,,,,,,,paving_stones,unknown,93660478,unbekannt
2919,,,,,,,,,,,,,,,,asphalt,unknown,93662980,versiegelt
2920,,,,,,,,,,,,,,,,asphalt,unknown,93662985,versiegelt
2921,,,,,,,,,,,,,,,,unknown,unknown,93786778,unbekannt
2922,,,,,,,,,,,,,,,,unknown,unknown,93786779,unbekannt
2923,,,,,,,,,,,,,,,,unknown,unknown,93827787,unbekannt
2924,,,,,,,,,,,,,,,,asphalt,unknown,93827788,versiegelt
2925,,,,,,,,,,,,,,,,asphalt,unknown,93864316,versiegelt
2926,,,,,,,,,,,,,,,,asphalt,unknown,93864320,versiegelt
2927,,,,,,,,,,,,,,,,asphalt,unknown,94159765,versiegelt
2928,,,,,,,,,,,,,,,,unknown,grade5,94159784,unbekannt
2929,,,,,,,,,,,,,,,,gravel,unknown,94171102,mineralisch
2930,,,,,,,,,,,,,,,,unknown,unknown,94173371,unbekannt
2931,,,,,,,,,,,,,,,,asphalt,unknown,94173377,versiegelt
2932,,,,,,,,,,,,,,,,grass,grade5,94173382,begrünt_erdig
2933,,,,,,,,,,,,,,,,asphalt,unknown,94249612,versiegelt
2934,,,,,,,,,,,,,,,,unknown,unknown,94249614,unbekannt
2935,,,,,,,,,,,,,,,,asphalt,grade1,94249616,versiegelt
2936,,,,,,,,,,,,,,,,asphalt,grade1,94249631,versiegelt
2937,,,,,,,,,,,,,,,,gravel,grade2,94771031,mineralisch
2938,,,,,,,,,,,,,,,,grass,grade5,95009858,begrünt_erdig
2939,,,,,,,,,,,,,,,,grass,grade5,95009870,begrünt_erdig
2940,,,,,,,,,,,,,,,,paving_stones,unknown,95010509,unbekannt
2941,,,,,,,,,,,,,,,,paving_stones,unknown,95018556,unbekannt
2942,,,,,,,,,,,,,,,,gravel,grade2,95049692,mineralisch
2943,,,,,,,,,,,,,,,,unknown,grade4,95049785,unbekannt
2944,,,,,,,,,,,,,,,,unknown,unknown,95139829,unbekannt
2945,,,,,,,,,,,,,,,,unknown,unknown,95139837,unbekannt
2946,,,,,,,,,,,,,,,,unknown,unknown,95139846,unbekannt
2947,,,,,,,,,,,,,,,,unknown,grade2,95142967,unbekannt
2948,,,,,,,,,,,,,,,,grass,grade5,95233218,begrünt_erdig
2949,,,,,,,,,,,,,,,,gravel,unknown,95233221,mineralisch
2950,,,,,,,,,,,,,,,,asphalt,grade2,95316720,versiegelt
2951,,,,,,,,,,,,,,,,paving_stones,unknown,95316731,unbekannt
2952,,,,,,,,,,,,,,,,paving_stones,unknown,95316740,unbekannt
2953,,,,,,,,,,,,,,,,paving_stones,unknown,95316756,unbekannt
2954,,,,,,,,,,,,,,,,unknown,unknown,95422115,unbekannt
2955,,,,,,,,,,,,,,,,unknown,grade2,95422116,unbekannt
2956,,,,,,,,,,,,,,,,unknown,grade1,95422120,unbekannt
2957,,,,,,,,,,,,,,,,grass,grade4,95422121,begrünt_erdig
2958,,,,,,,,,,,,,,,,asphalt,grade1,95422122,versiegelt
2959,,,,,,,,,,,,,,,,unknown,grade5,95435342,unbekannt
2960,,,,,,,,,,,,,,,,unknown,grade5,95435344,unbekannt
2961,,,,,,,,,,,,,,,,asphalt,unknown,95457700,versiegelt
2962,,,,,,,,,,,,,,,,gravel,grade2,95496997,mineralisch
2963,,,,,,,,,,,,,,,,grass,grade5,95497002,begrünt_erdig
2964,,,,,,,,,,,,,,,,wood,unknown,95497017,unbekannt
2965,,,,,,,,,,,,,,,,unknown,unknown,95497021,unbekannt
2966,,,,,,,,,,,,,,,,unknown,unknown,95497026,unbekannt
2967,,,,,,,,,,,,,,,,unknown,grade1,95533938,unbekannt
2968,,,,,,,,,,,,,,,,unknown,grade2,95533939,unbekannt
2969,,,,,,,,,,,,,,,,asphalt,unknown,95545132,versiegelt
2970,,,,,,,,,,,,,,,,unknown,grade5,95545135,unbekannt
2971,,,,,,,,,,,,,,,,unknown,unknown,95545136,unbekannt
2972,,,,,,,,,,,,,,,,asphalt,unknown,95598951,versiegelt
2973,,,,,,,,,,,,,,,,grass,grade5,95598954,begrünt_erdig
2974,,,,,,,,,,,,,,,,unknown,unknown,95610034,unbekannt
2975,,,,,,,,,,,,,,,,unknown,unknown,95610035,unbekannt
2976,,,,,,,,,,,,,,,,unknown,unknown,95632253,unbekannt
2977,,,,,,,,,,,,,,,,unknown,unknown,95707662,unbekannt
2978,,,,,,,,,,,,,,,,asphalt,grade1,95707690,versiegelt
2979,,,,,,,,,,,,,,,,asphalt,grade1,95891960,versiegelt
2980,,,,,,,,,,,,,,,,unknown,grade1,96289495,unbekannt
2981,,,,,,,,,,,,,,,,unknown,unknown,96300954,unbekannt
2982,,,,,,,,,,,,,,,,asphalt,unknown,96366195,versiegelt
2983,,,,,,,,,,,,,,,,unknown,grade2,96412265,unbekannt
2984,,,,,,,,,,,,,,,,unknown,unknown,96744674,unbekannt
2985,,,,,,,,,,,,,,,,unknown,unknown,96744675,unbekannt
2986,,,,,,,,,,,,,,,,unknown,grade5,96744702,unbekannt
2987,,,,,,,,,,,,,,,,asphalt,unknown,97239920,versiegelt
2988,,,,,,,,,,,,,,,,asphalt,unknown,97239928,versiegelt
2989,,,,,,,,,,,,,,,,unknown,unknown,97408707,unbekannt
2990,,,,,,,,,,,,,,,,asphalt,unknown,97408710,versiegelt
2991,,,,,,,,,,,,,,,,gravel,unknown,97408713,mineralisch
2992,,,,,,,,,,,,,,,,wood,unknown,97408716,unbekannt
2993,,,,,,,,,,,,,,,,asphalt,unknown,97408720,versiegelt
2994,,,,,,,,,,,,,,,,fine_gravel,grade2,97408725,mineralisch
2995,,,,,,,,,,,,,,,,asphalt,unknown,97408726,versiegelt
2996,,,,,,,,,,,,,,,,compacted,unknown,97408729,mineralisch
2997,,,,,,,,,,,,,,,,grass,unknown,97408733,begrünt_erdig
2998,,,,,,,,,,,,,,,,unknown,grade3,97408734,unbekannt
2999,,,,,,,,,,,,,,,,unknown,unknown,97408739,unbekannt
3000,,,,,,,,,,,,,,,,unknown,unknown,97408744,unbekannt
3001,,,,,,,,,,,,,,,,paved,grade2,97408749,versiegelt
3002,,,,,,,,,,,,,,,,unknown,unknown,97408751,unbekannt
3003,,,,,,,,,,,,,,,,compacted,unknown,97408753,mineralisch
3004,,,,,,,,,,,,,,,,grass,unknown,97408754,begrünt_erdig
3005,,,,,,,,,,,,,,,,unknown,unknown,97449985,unbekannt
3006,,,,,,,,,,,,,,,,paving_stones,unknown,97534755,unbekannt
3007,,,,,,,,,,,,,,,,gravel,unknown,97534758,mineralisch
3008,,,,,,,,,,,,,,,,paving_stones,unknown,98334091,unbekannt
3009,,,,,,,,,,,,,,,,paving_stones,unknown,98343574,unbekannt
3010,,,,,,,,,,,,,,,,paving_stones,unknown,98392608,unbekannt
3011,,,,,,,,,,,,,,,,grass_paver,grade3,98403462,unbekannt
3012,,,,,,,,,,,,,,,,unknown,grade3,98403465,unbekannt
3013,,,,,,,,,,,,,,,,unknown,grade3,98403466,unbekannt
3014,,,,,,,,,,,,,,,,unknown,grade3,98497137,unbekannt
3015,,,,,,,,,,,,,,,,grass,grade5,98497141,begrünt_erdig
3016,,,,,,,,,,,,,,,,grass,grade5,98497157,begrünt_erdig
3017,,,,,,,,,,,,,,,,unknown,unknown,98501709,unbekannt
3018,,,,,,,,,,,,,,,,asphalt,grade1,98611796,versiegelt
3019,,,,,,,,,,,,,,,,asphalt,grade1,98737946,versiegelt
3020,,,,,,,,,,,,,,,,paved,grade1,98737947,versiegelt
3021,,,,,,,,,,,,,,,,unknown,unknown,98737948,unbekannt
3022,,,,,,,,,,,,,,,,paved,grade1,98737949,versiegelt
3023,,,,,,,,,,,,,,,,asphalt,grade1,98737950,versiegelt
3024,,,,,,,,,,,,,,,,unknown,unknown,98737959,unbekannt
3025,,,,,,,,,,,,,,,,unknown,unknown,98737960,unbekannt
3026,,,,,,,,,,,,,,,,fine_gravel,grade3,98737968,mineralisch
3027,,,,,,,,,,,,,,,,asphalt,grade1,98737969,versiegelt
3028,,,,,,,,,,,,,,,,unknown,grade5,98921848,unbekannt
3029,,,,,,,,,,,,,,,,unknown,unknown,99004336,unbekannt
3030,,,,,,,,,,,,,,,,unknown,unknown,99004339,unbekannt
3031,,,,,,,,,,,,,,,,unknown,grade4,99005507,unbekannt
3032,,,,,,,,,,,,,,,,unknown,grade4,99005509,unbekannt
3033,,,,,,,,,,,,,,,,grass,grade4,99005512,begrünt_erdig
3034,,,,,,,,,,,,,,,,unknown,grade3,99011393,unbekannt
3035,,,,,,,,,,,,,,,,unknown,grade5,99011394,unbekannt
3036,,,,,,,,,,,,,,,,unknown,grade5,99011395,unbekannt
3037,,,,,,,,,,,,,,,,unknown,grade5,99011902,unbekannt
3038,,,,,,,,,,,,,,,,unknown,unknown,99987807,unbekannt
3039,,,,,,,,,,,,,,,,unknown,unknown,99987808,unbekannt
3040,,,,,,,,,,,,,,,,unknown,unknown,99987809,unbekannt
3041,,,,,,,,,,,,,,,,grass,grade5,100387420,begrünt_erdig
3042,,,,,,,,,,,,,,,,unknown,grade3,100387428,unbekannt
3043,,,,,,,,,,,,,,,,gravel,grade2,100387431,mineralisch
3044,,,,,,,,,,,,,,,,asphalt,grade1,100387432,versiegelt
3045,,,,,,,,,,,,,,,,unknown,unknown,100485515,unbekannt
3046,,,,,,,,,,,,,,,,unknown,unknown,100485516,unbekannt
3047,,,,,,,,,,,,,,,,unknown,unknown,100485518,unbekannt
3048,,,,,,,,,,,,,,,,unknown,unknown,100485528,unbekannt
3049,,,,,,,,,,,,,,,,unknown,unknown,100485532,unbekannt
3050,,,,,,,,,,,,,,,,asphalt,grade1,100709804,versiegelt
3051,,,,,,,,,,,,,,,,unknown,grade2,100712280,unbekannt
3052,,,,,,,,,,,,,,,,compacted,unknown,100712287,mineralisch
3053,,,,,,,,,,,,,,,,dirt,grade4,100712327,begrünt_erdig
3054,,,,,,,,,,,,,,,,unknown,grade1,100714876,unbekannt
3055,,,,,,,,,,,,,,,,unknown,grade5,100714879,unbekannt
3056,,,,,,,,,,,,,,,,asphalt,grade1,100714884,versiegelt
3057,,,,,,,,,,,,,,,,asphalt,unknown,100714885,versiegelt
3058,,,,,,,,,,,,,,,,grass,grade5,100714888,begrünt_erdig
3059,,,,,,,,,,,,,,,,ground,unknown,100714889,unbekannt
3060,,,,,,,,,,,,,,,,unknown,grade5,100714890,unbekannt
3061,,,,,,,,,,,,,,,,grass,grade5,100714894,begrünt_erdig
3062,,,,,,,,,,,,,,,,unknown,unknown,100714905,unbekannt
3063,,,,,,,,,,,,,,,,unknown,unknown,100714906,unbekannt
3064,,,,,,,,,,,,,,,,ground,grade5,100714908,unbekannt
3065,,,,,,,,,,,,,,,,asphalt,grade1,100714909,versiegelt
3066,,,,,,,,,,,,,,,,asphalt,unknown,101430581,versiegelt
3067,,,,,,,,,,,,,,,,unknown,grade1,103727675,unbekannt
3068,,,,,,,,,,,,,,,,paved,unknown,104022203,versiegelt
3069,,,,,,,,,,,,,,,,compacted,grade2,105066156,mineralisch
3070,,,,,,,,,,,,,,,,unknown,unknown,105594390,unbekannt
3071,,,,,,,,,,,,,,,,unknown,unknown,105603426,unbekannt
3072,,,,,,,,,,,,,,,,sett,unknown,105621534,unbekannt
3073,,,,,,,,,,,,,,,,paving_stones,unknown,105789257,unbekannt
3074,,,,,,,,,,,,,,,,asphalt,unknown,105789262,versiegelt
3075,,,,,,,,,,,,,,,,concrete,unknown,105789268,versiegelt
3076,,,,,,,,,,,,,,,,concrete,unknown,105789276,versiegelt
3077,,,,,,,,,,,,,,,,paving_stones,unknown,105789282,unbekannt
3078,,,,,,,,,,,,,,,,fine_gravel,grade2,106060697,mineralisch
3079,,,,,,,,,,,,,,,,fine_gravel,grade2,106060698,mineralisch
3080,,,,,,,,,,,,,,,,grass_paver,unknown,106078537,unbekannt
3081,,,,,,,,,,,,,,,,asphalt,unknown,106423778,versiegelt
3082,,,,,,,,,,,,,,,,paving_stones,unknown,106457443,unbekannt
3083,,,,,,,,,,,,,,,,asphalt,unknown,106463840,versiegelt
3084,,,,,,,,,,,,,,,,asphalt,unknown,106465064,versiegelt
3085,,,,,,,,,,,,,,,,cobblestone,unknown,106824043,unbekannt
3086,,,,,,,,,,,,,,,,gravel,unknown,106950030,mineralisch
3087,,,,,,,,,,,,,,,,gravel,grade2,107254063,mineralisch
3088,,,,,,,,,,,,,,,,paving_stones,unknown,107684893,unbekannt
3089,,,,,,,,,,,,,,,,unknown,unknown,107684895,unbekannt
3090,,,,,,,,,,,,,,,,wood,unknown,107684896,unbekannt
3091,,,,,,,,,,,,,,,,asphalt,unknown,107684898,versiegelt
3092,,,,,,,,,,,,,,,,grass,grade5,107881704,begrünt_erdig
3093,,,,,,,,,,,,,,,,unknown,unknown,107916291,unbekannt
3094,,,,,,,,,,,,,,,,asphalt,unknown,108030158,versiegelt
3095,,,,,,,,,,,,,,,,unknown,unknown,108030165,unbekannt
3096,,,,,,,,,,,,,,,,paved,grade2,108030168,versiegelt
3097,,,,,,,,,,,,,,,,gravel,unknown,108030169,mineralisch
3098,,,,,,,,,,,,,,,,gravel,grade2,108030172,mineralisch
3099,,,,,,,,,,,,,,,,fine_gravel,grade2,108030174,mineralisch
3100,,,,,,,,,,,,,,,,asphalt,grade1,108030181,versiegelt
3101,,,,,,,,,,,,,,,,asphalt,unknown,108030185,versiegelt
3102,,,,,,,,,,,,,,,,grass,grade5,108030188,begrünt_erdig
3103,,,,,,,,,,,,,,,,unknown,unknown,108030192,unbekannt
3104,,,,,,,,,,,,,,,,unknown,unknown,108030196,unbekannt
3105,,,,,,,,,,,,,,,,fine_gravel,grade2,108030211,mineralisch
3106,,,,,,,,,,,,,,,,paving_stones,unknown,108626262,unbekannt
3107,,,,,,,,,,,,,,,,paving_stones,unknown,108626282,unbekannt
3108,,,,,,,,,,,,,,,,unknown,unknown,108643666,unbekannt
3109,,,,,,,,,,,,,,,,paving_stones,unknown,108643668,unbekannt
3110,,,,,,,,,,,,,,,,gravel,grade3,108715674,mineralisch
3111,,,,,,,,,,,,,,,,asphalt,grade1,108715675,versiegelt
3112,,,,,,,,,,,,,,,,compacted,grade2,108715677,mineralisch
3113,,,,,,,,,,,,,,,,gravel,grade2,108715678,mineralisch
3114,,,,,,,,,,,,,,,,gravel,grade3,108715680,mineralisch
3115,,,,,,,,,,,,,,,,unknown,grade5,108715681,unbekannt
3116,,,,,,,,,,,,,,,,unknown,grade4,108715682,unbekannt
3117,,,,,,,,,,,,,,,,gravel,grade2,108715683,mineralisch
3118,,,,,,,,,,,,,,,,gravel,grade3,108716131,mineralisch
3119,,,,,,,,,,,,,,,,gravel,grade3,108717697,mineralisch
3120,,,,,,,,,,,,,,,,ground,unknown,108718478,unbekannt
3121,,,,,,,,,,,,,,,,gravel,grade2,108718845,mineralisch
3122,,,,,,,,,,,,,,,,unknown,grade5,108718846,unbekannt
3123,,,,,,,,,,,,,,,,unknown,grade3,108718847,unbekannt
3124,,,,,,,,,,,,,,,,asphalt,grade1,108729710,versiegelt
3125,,,,,,,,,,,,,,,,gravel,grade2,108729974,mineralisch
3126,,,,,,,,,,,,,,,,gravel,grade2,108730222,mineralisch
3127,,,,,,,,,,,,,,,,gravel,grade2,108730225,mineralisch
3128,,,,,,,,,,,,,,,,gravel,grade2,108730226,mineralisch
3129,,,,,,,,,,,,,,,,unknown,unknown,108897415,unbekannt
3130,,,,,,,,,,,,,,,,asphalt,unknown,108897420,versiegelt
3131,,,,,,,,,,,,,,,,asphalt,unknown,108897437,versiegelt
3132,,,,,,,,,,,,,,,,asphalt,grade1,108982454,versiegelt
3133,,,,,,,,,,,,,,,,compacted,grade3,108982455,mineralisch
3134,,,,,,,,,,,,,,,,gravel,unknown,108982729,mineralisch
3135,,,,,,,,,,,,,,,,asphalt,unknown,108982730,versiegelt
3136,,,,,,,,,,,,,,,,asphalt,grade1,108982731,versiegelt
3137,,,,,,,,,,,,,,,,unknown,unknown,109486250,unbekannt
3138,,,,,,,,,,,,,,,,unknown,unknown,109486253,unbekannt
3139,,,,,,,,,,,,,,,,gravel,unknown,109578621,mineralisch
3140,,,,,,,,,,,,,,,,asphalt,unknown,109675327,versiegelt
3141,,,,,,,,,,,,,,,,unknown,grade5,109697587,unbekannt
3142,,,,,,,,,,,,,,,,fine_gravel,grade2,109697590,mineralisch
3143,,,,,,,,,,,,,,,,compacted,grade2,109697593,mineralisch
3144,,,,,,,,,,,,,,,,unknown,grade3,109697596,unbekannt
3145,,,,,,,,,,,,,,,,unknown,grade5,109697601,unbekannt
3146,,,,,,,,,,,,,,,,grass,grade5,109697602,begrünt_erdig
3147,,,,,,,,,,,,,,,,asphalt,unknown,109697609,versiegelt
3148,,,,,,,,,,,,,,,,asphalt,unknown,109697614,versiegelt
3149,,,,,,,,,,,,,,,,fine_gravel,grade3,109697615,mineralisch
3150,,,,,,,,,,,,,,,,fine_gravel,grade2,109702064,mineralisch
3151,,,,,,,,,,,,,,,,ground,grade4,109702068,unbekannt
3152,,,,,,,,,,,,,,,,asphalt,grade1,109702070,versiegelt
3153,,,,,,,,,,,,,,,,paving_stones,unknown,109702100,unbekannt
3154,,,,,,,,,,,,,,,,paving_stones,unknown,109702102,unbekannt
3155,,,,,,,,,,,,,,,,asphalt,unknown,109704490,versiegelt
3156,,,,,,,,,,,,,,,,asphalt,unknown,109704494,versiegelt
3157,,,,,,,,,,,,,,,,ground,grade4,109707974,unbekannt
3158,,,,,,,,,,,,,,,,gravel,grade2,109707989,mineralisch
3159,,,,,,,,,,,,,,,,ground,grade4,109707994,unbekannt
3160,,,,,,,,,,,,,,,,asphalt,grade1,109707997,versiegelt
3161,,,,,,,,,,,,,,,,asphalt,grade1,109707998,versiegelt
3162,,,,,,,,,,,,,,,,unknown,unknown,109708004,unbekannt
3163,,,,,,,,,,,,,,,,ground,grade3,109709890,unbekannt
3164,,,,,,,,,,,,,,,,compacted,grade3,109709899,mineralisch
3165,,,,,,,,,,,,,,,,gravel,grade3,109709900,mineralisch
3166,,,,,,,,,,,,,,,,compacted,grade3,109709904,mineralisch
3167,,,,,,,,,,,,,,,,unknown,grade3,109709913,unbekannt
3168,,,,,,,,,,,,,,,,compacted,grade3,109712180,mineralisch
3169,,,,,,,,,,,,,,,,unknown,unknown,109712181,unbekannt
3170,,,,,,,,,,,,,,,,asphalt,unknown,110022100,versiegelt
3171,,,,,,,,,,,,,,,,paving_stones,unknown,110345601,unbekannt
3172,,,,,,,,,,,,,,,,paving_stones,unknown,110388412,unbekannt
3173,,,,,,,,,,,,,,,,paving_stones,unknown,110388413,unbekannt
3174,,,,,,,,,,,,,,,,asphalt,unknown,110467792,versiegelt
3175,,,,,,,,,,,,,,,,asphalt,unknown,110467802,versiegelt
3176,,,,,,,,,,,,,,,,paving_stones,unknown,110467827,unbekannt
3177,,,,,,,,,,,,,,,,concrete,grade1,110535042,versiegelt
3178,,,,,,,,,,,,,,,,grass,grade5,110535044,begrünt_erdig
3179,,,,,,,,,,,,,,,,unknown,grade2,110535045,unbekannt
3180,,,,,,,,,,,,,,,,paved,grade2,110535049,versiegelt
3181,,,,,,,,,,,,,,,,asphalt,grade2,110535051,versiegelt
3182,,,,,,,,,,,,,,,,gravel,grade3,110535052,mineralisch
3183,,,,,,,,,,,,,,,,concrete,grade2,110535057,versiegelt
3184,,,,,,,,,,,,,,,,gravel,grade2,110567376,mineralisch
3185,,,,,,,,,,,,,,,,asphalt,unknown,110567377,versiegelt
3186,,,,,,,,,,,,,,,,asphalt,unknown,110567378,versiegelt
3187,,,,,,,,,,,,,,,,asphalt,grade1,110941872,versiegelt
3188,,,,,,,,,,,,,,,,compacted,grade2,111249604,mineralisch
3189,,,,,,,,,,,,,,,,gravel,grade2,111532450,mineralisch
3190,,,,,,,,,,,,,,,,gravel,grade2,112015897,mineralisch
3191,,,,,,,,,,,,,,,,compacted,grade2,112016504,mineralisch
3192,,,,,,,,,,,,,,,,gravel,grade2,112017186,mineralisch
3193,,,,,,,,,,,,,,,,fine_gravel,grade3,112145218,mineralisch
3194,,,,,,,,,,,,,,,,fine_gravel,grade3,112145219,mineralisch
3195,,,,,,,,,,,,,,,,fine_gravel,grade3,112145220,mineralisch
3196,,,,,,,,,,,,,,,,gravel,grade2,112145894,mineralisch
3197,,,,,,,,,,,,,,,,gravel,grade2,112145895,mineralisch
3198,,,,,,,,,,,,,,,,fine_gravel,grade2,112145896,mineralisch
3199,,,,,,,,,,,,,,,,gravel,grade2,112145897,mineralisch
3200,,,,,,,,,,,,,,,,ground,unknown,112149392,unbekannt
3201,,,,,,,,,,,,,,,,compacted,grade3,112149394,mineralisch
3202,,,,,,,,,,,,,,,,grass,grade4,112149410,begrünt_erdig
3203,,,,,,,,,,,,,,,,gravel,grade3,112149412,mineralisch
3204,,,,,,,,,,,,,,,,gravel,grade2,112149418,mineralisch
3205,,,,,,,,,,,,,,,,gravel,grade2,112149420,mineralisch
3206,,,,,,,,,,,,,,,,unknown,grade3,112149456,unbekannt
3207,,,,,,,,,,,,,,,,gravel,grade2,112149464,mineralisch
3208,,,,,,,,,,,,,,,,unknown,unknown,112149475,unbekannt
3209,,,,,,,,,,,,,,,,cobblestone,unknown,112360793,unbekannt
3210,,,,,,,,,,,,,,,,gravel,grade2,112366506,mineralisch
3211,,,,,,,,,,,,,,,,paving_stones,unknown,112366510,unbekannt
3212,,,,,,,,,,,,,,,,asphalt,unknown,112382477,versiegelt
3213,,,,,,,,,,,,,,,,fine_gravel,unknown,112382478,mineralisch
3214,,,,,,,,,,,,,,,,asphalt,unknown,112382481,versiegelt
3215,,,,,,,,,,,,,,,,unpaved,unknown,112382483,mineralisch
3216,,,,,,,,,,,,,,,,gravel,grade3,112477617,mineralisch
3217,,,,,,,,,,,,,,,,paved,grade1,112581349,versiegelt
3218,,,,,,,,,,,,,,,,asphalt,unknown,112581355,versiegelt
3219,,,,,,,,,,,,,,,,ground,grade2,112596489,unbekannt
3220,,,,,,,,,,,,,,,,gravel,grade2,112596491,mineralisch
3221,,,,,,,,,,,,,,,,grass,grade5,112596493,begrünt_erdig
3222,,,,,,,,,,,,,,,,grass,grade5,112596496,begrünt_erdig
3223,,,,,,,,,,,,,,,,gravel,grade2,112596497,mineralisch
3224,,,,,,,,,,,,,,,,asphalt,unknown,112596498,versiegelt
3225,,,,,,,,,,,,,,,,asphalt,unknown,112596499,versiegelt
3226,,,,,,,,,,,,,,,,gravel,grade2,112596501,mineralisch
3227,,,,,,,,,,,,,,,,asphalt,unknown,112596502,versiegelt
3228,,,,,,,,,,,,,,,,asphalt,unknown,112849898,versiegelt
3229,,,,,,,,,,,,,,,,asphalt,unknown,112849901,versiegelt
3230,,,,,,,,,,,,,,,,gravel,grade2,112866985,mineralisch
3231,,,,,,,,,,,,,,,,gravel,grade2,112866986,mineralisch
3232,,,,,,,,,,,,,,,,gravel,grade2,112866988,mineralisch
3233,,,,,,,,,,,,,,,,grass,grade5,112866989,begrünt_erdig
3234,,,,,,,,,,,,,,,,asphalt,unknown,112866990,versiegelt
3235,,,,,,,,,,,,,,,,grass,grade5,112866991,begrünt_erdig
3236,,,,,,,,,,,,,,,,gravel,grade2,112866992,mineralisch
3237,,,,,,,,,,,,,,,,grass,grade5,112866994,begrünt_erdig
3238,,,,,,,,,,,,,,,,fine_gravel,grade2,112866995,mineralisch
3239,,,,,,,,,,,,,,,,asphalt,grade1,112866996,versiegelt
3240,,,,,,,,,,,,,,,,grass,grade5,112866999,begrünt_erdig
3241,,,,,,,,,,,,,,,,unknown,grade2,112867005,unbekannt
3242,,,,,,,,,,,,,,,,compacted,grade2,112867007,mineralisch
3243,,,,,,,,,,,,,,,,ground,grade4,112867008,unbekannt
3244,,,,,,,,,,,,,,,,fine_gravel,grade2,112867011,mineralisch
3245,,,,,,,,,,,,,,,,grass,unknown,112867012,begrünt_erdig
3246,,,,,,,,,,,,,,,,gravel,grade2,112867013,mineralisch
3247,,,,,,,,,,,,,,,,gravel,grade2,112867015,mineralisch
3248,,,,,,,,,,,,,,,,compacted,grade2,112867016,mineralisch
3249,,,,,,,,,,,,,,,,asphalt,unknown,112867018,versiegelt
3250,,,,,,,,,,,,,,,,grass,grade4,112867022,begrünt_erdig
3251,,,,,,,,,,,,,,,,ground,grade3,112867023,unbekannt
3252,,,,,,,,,,,,,,,,asphalt,unknown,112867028,versiegelt
3253,,,,,,,,,,,,,,,,gravel,grade2,112869575,mineralisch
3254,,,,,,,,,,,,,,,,gravel,grade2,112869576,mineralisch
3255,,,,,,,,,,,,,,,,grass,grade5,112869577,begrünt_erdig
3256,,,,,,,,,,,,,,,,grass,grade5,112869578,begrünt_erdig
3257,,,,,,,,,,,,,,,,fine_gravel,grade2,112869579,mineralisch
3258,,,,,,,,,,,,,,,,gravel,grade2,112869581,mineralisch
3259,,,,,,,,,,,,,,,,asphalt,unknown,112869583,versiegelt
3260,,,,,,,,,,,,,,,,unknown,grade3,112869584,unbekannt
3261,,,,,,,,,,,,,,,,gravel,grade2,112869585,mineralisch
3262,,,,,,,,,,,,,,,,concrete,grade1,112869587,versiegelt
3263,,,,,,,,,,,,,,,,grass,grade5,112869588,begrünt_erdig
3264,,,,,,,,,,,,,,,,ground,grade4,113082523,unbekannt
3265,,,,,,,,,,,,,,,,gravel,grade2,113082525,mineralisch
3266,,,,,,,,,,,,,,,,unknown,unknown,113082526,unbekannt
3267,,,,,,,,,,,,,,,,gravel,grade2,113082527,mineralisch
3268,,,,,,,,,,,,,,,,grass,grade5,113082529,begrünt_erdig
3269,,,,,,,,,,,,,,,,unknown,unknown,113082530,unbekannt
3270,,,,,,,,,,,,,,,,grass,grade5,113082531,begrünt_erdig
3271,,,,,,,,,,,,,,,,unknown,unknown,113082532,unbekannt
3272,,,,,,,,,,,,,,,,asphalt,unknown,113082534,versiegelt
3273,,,,,,,,,,,,,,,,grass,grade4,113082535,begrünt_erdig
3274,,,,,,,,,,,,,,,,asphalt,unknown,113082536,versiegelt
3275,,,,,,,,,,,,,,,,unknown,unknown,113082537,unbekannt
3276,,,,,,,,,,,,,,,,gravel,grade4,113082538,mineralisch
3277,,,,,,,,,,,,,,,,grass,grade5,113082539,begrünt_erdig
3278,,,,,,,,,,,,,,,,asphalt,unknown,113082540,versiegelt
3279,,,,,,,,,,,,,,,,gravel,unknown,113295542,mineralisch
3280,,,,,,,,,,,,,,,,unknown,grade3,113295544,unbekannt
3281,,,,,,,,,,,,,,,,compacted,grade2,113295545,mineralisch
3282,,,,,,,,,,,,,,,,compacted,grade2,113295547,mineralisch
3283,,,,,,,,,,,,,,,,concrete,unknown,113295548,versiegelt
3284,,,,,,,,,,,,,,,,ground,grade4,113295549,unbekannt
3285,,,,,,,,,,,,,,,,compacted,grade2,113295550,mineralisch
3286,,,,,,,,,,,,,,,,gravel,grade4,113295551,mineralisch
3287,,,,,,,,,,,,,,,,gravel,grade2,113295553,mineralisch
3288,,,,,,,,,,,,,,,,gravel,unknown,113295555,mineralisch
3289,,,,,,,,,,,,,,,,unknown,grade5,113295556,unbekannt
3290,,,,,,,,,,,,,,,,asphalt,grade1,113295557,versiegelt
3291,,,,,,,,,,,,,,,,gravel,grade2,113295560,mineralisch
3292,,,,,,,,,,,,,,,,gravel,grade2,113295561,mineralisch
3293,,,,,,,,,,,,,,,,ground,grade3,113295562,unbekannt
3294,,,,,,,,,,,,,,,,compacted,grade2,113295573,mineralisch
3295,,,,,,,,,,,,,,,,asphalt,unknown,113295576,versiegelt
3296,,,,,,,,,,,,,,,,gravel,grade2,113295579,mineralisch
3297,,,,,,,,,,,,,,,,fine_gravel,grade2,113295580,mineralisch
3298,,,,,,,,,,,,,,,,compacted,grade3,113295582,mineralisch
3299,,,,,,,,,,,,,,,,gravel,grade4,113295583,mineralisch
3300,,,,,,,,,,,,,,,,gravel,grade2,113295585,mineralisch
3301,,,,,,,,,,,,,,,,gravel,grade4,113295587,mineralisch
3302,,,,,,,,,,,,,,,,dirt,unknown,113295588,begrünt_erdig
3303,,,,,,,,,,,,,,,,unknown,grade2,113306771,unbekannt
3304,,,,,,,,,,,,,,,,fine_gravel,grade2,113306773,mineralisch
3305,,,,,,,,,,,,,,,,asphalt,unknown,113469355,versiegelt
3306,,,,,,,,,,,,,,,,ground,grade3,113503593,unbekannt
3307,,,,,,,,,,,,,,,,ground,grade5,113503595,unbekannt
3308,,,,,,,,,,,,,,,,unknown,grade5,113504587,unbekannt
3309,,,,,,,,,,,,,,,,unknown,grade1,113516620,unbekannt
3310,,,,,,,,,,,,,,,,unknown,grade1,113516621,unbekannt
3311,,,,,,,,,,,,,,,,asphalt,unknown,113524928,versiegelt
3312,,,,,,,,,,,,,,,,unknown,unknown,113524939,unbekannt
3313,,,,,,,,,,,,,,,,asphalt,unknown,113524948,versiegelt
3314,,,,,,,,,,,,,,,,gravel,grade2,113524957,mineralisch
3315,,,,,,,,,,,,,,,,unknown,grade3,113578267,unbekannt
3316,,,,,,,,,,,,,,,,unknown,grade5,113597808,unbekannt
3317,,,,,,,,,,,,,,,,unknown,grade3,113597830,unbekannt
3318,,,,,,,,,,,,,,,,unknown,grade3,113597839,unbekannt
3319,,,,,,,,,,,,,,,,unknown,grade3,113597841,unbekannt
3320,,,,,,,,,,,,,,,,unknown,grade5,113597848,unbekannt
3321,,,,,,,,,,,,,,,,unknown,grade4,113597854,unbekannt
3322,,,,,,,,,,,,,,,,asphalt,grade1,113628033,versiegelt
3323,,,,,,,,,,,,,,,,asphalt,grade1,113879618,versiegelt
3324,,,,,,,,,,,,,,,,grass,grade5,113879620,begrünt_erdig
3325,,,,,,,,,,,,,,,,gravel,grade2,113879621,mineralisch
3326,,,,,,,,,,,,,,,,grass,grade5,113879623,begrünt_erdig
3327,,,,,,,,,,,,,,,,asphalt,grade1,113879625,versiegelt
3328,,,,,,,,,,,,,,,,gravel,grade2,113879627,mineralisch
3329,,,,,,,,,,,,,,,,grass,grade5,113879629,begrünt_erdig
3330,,,,,,,,,,,,,,,,asphalt,grade1,113879631,versiegelt
3331,,,,,,,,,,,,,,,,grass,grade5,113879636,begrünt_erdig
3332,,,,,,,,,,,,,,,,gravel,grade3,113879638,mineralisch
3333,,,,,,,,,,,,,,,,gravel,grade2,113879642,mineralisch
3334,,,,,,,,,,,,,,,,grass,grade4,113891043,begrünt_erdig
3335,,,,,,,,,,,,,,,,gravel,grade2,114037280,mineralisch
3336,,,,,,,,,,,,,,,,gravel,grade2,114037281,mineralisch
3337,,,,,,,,,,,,,,,,unknown,grade3,114192464,unbekannt
3338,,,,,,,,,,,,,,,,grass,unknown,114192467,begrünt_erdig
3339,,,,,,,,,,,,,,,,grass,grade5,114192474,begrünt_erdig
3340,,,,,,,,,,,,,,,,gravel,grade2,114192479,mineralisch
3341,,,,,,,,,,,,,,,,gravel,grade2,114192505,mineralisch
3342,,,,,,,,,,,,,,,,grass,grade5,114192508,begrünt_erdig
3343,,,,,,,,,,,,,,,,unknown,grade2,114200258,unbekannt
3344,,,,,,,,,,,,,,,,gravel,grade2,114207877,mineralisch
3345,,,,,,,,,,,,,,,,unknown,grade3,114207889,unbekannt
3346,,,,,,,,,,,,,,,,asphalt,grade1,114255474,versiegelt
3347,,,,,,,,,,,,,,,,gravel,unknown,114255475,mineralisch
3348,,,,,,,,,,,,,,,,grass,grade5,114264623,begrünt_erdig
3349,,,,,,,,,,,,,,,,grass,grade5,114264625,begrünt_erdig
3350,,,,,,,,,,,,,,,,gravel,grade2,114264630,mineralisch
3351,,,,,,,,,,,,,,,,grass,grade5,114264632,begrünt_erdig
3352,,,,,,,,,,,,,,,,gravel,grade2,114264638,mineralisch
3353,,,,,,,,,,,,,,,,asphalt,unknown,114339930,versiegelt
3354,,,,,,,,,,,,,,,,asphalt,unknown,114340009,versiegelt
3355,,,,,,,,,,,,,,,,unknown,grade5,114555558,unbekannt
3356,,,,,,,,,,,,,,,,unknown,unknown,114555560,unbekannt
3357,,,,,,,,,,,,,,,,gravel,unknown,114596938,mineralisch
3358,,,,,,,,,,,,,,,,paved,unknown,114596944,versiegelt
3359,,,,,,,,,,,,,,,,paving_stones,unknown,114596960,unbekannt
3360,,,,,,,,,,,,,,,,grass,grade4,114596973,begrünt_erdig
3361,,,,,,,,,,,,,,,,paving_stones,unknown,114596996,unbekannt
3362,,,,,,,,,,,,,,,,grass,unknown,114597010,begrünt_erdig
3363,,,,,,,,,,,,,,,,paving_stones,unknown,114597022,unbekannt
3364,,,,,,,,,,,,,,,,asphalt,unknown,114724716,versiegelt
3365,,,,,,,,,,,,,,,,asphalt,unknown,114724718,versiegelt
3366,,,,,,,,,,,,,,,,ground,grade2,114724720,unbekannt
3367,,,,,,,,,,,,,,,,unknown,grade1,114724721,unbekannt
3368,,,,,,,,,,,,,,,,gravel,grade2,114724723,mineralisch
3369,,,,,,,,,,,,,,,,fine_gravel,grade2,114724724,mineralisch
3370,,,,,,,,,,,,,,,,gravel,grade2,114724725,mineralisch
3371,,,,,,,,,,,,,,,,gravel,grade2,114724727,mineralisch
3372,,,,,,,,,,,,,,,,asphalt,unknown,114724728,versiegelt
3373,,,,,,,,,,,,,,,,gravel,grade2,114724729,mineralisch
3374,,,,,,,,,,,,,,,,gravel,unknown,114995615,mineralisch
3375,,,,,,,,,,,,,,,,asphalt,unknown,115005385,versiegelt
3376,,,,,,,,,,,,,,,,grass,grade4,115602561,begrünt_erdig
3377,,,,,,,,,,,,,,,,gravel,grade2,115602562,mineralisch
3378,,,,,,,,,,,,,,,,grass,grade4,115602564,begrünt_erdig
3379,,,,,,,,,,,,,,,,gravel,grade3,115725935,mineralisch
3380,,,,,,,,,,,,,,,,ground,grade4,115725938,unbekannt
3381,,,,,,,,,,,,,,,,gravel,grade2,115725944,mineralisch
3382,,,,,,,,,,,,,,,,grass,grade5,115725949,begrünt_erdig
3383,,,,,,,,,,,,,,,,gravel,grade2,115725951,mineralisch
3384,,,,,,,,,,,,,,,,gravel,grade3,115725962,mineralisch
3385,,,,,,,,,,,,,,,,gravel,grade2,115725965,mineralisch
3386,,,,,,,,,,,,,,,,ground,grade4,115725967,unbekannt
3387,,,,,,,,,,,,,,,,gravel,grade2,115725970,mineralisch
3388,,,,,,,,,,,,,,,,gravel,grade3,115725974,mineralisch
3389,,,,,,,,,,,,,,,,grass,grade5,115725977,begrünt_erdig
3390,,,,,,,,,,,,,,,,gravel,grade3,115725979,mineralisch
3391,,,,,,,,,,,,,,,,grass,grade5,115725981,begrünt_erdig
3392,,,,,,,,,,,,,,,,fine_gravel,grade3,115725985,mineralisch
3393,,,,,,,,,,,,,,,,grass,unknown,115725988,begrünt_erdig
3394,,,,,,,,,,,,,,,,unknown,unknown,115928764,unbekannt
3395,,,,,,,,,,,,,,,,grass,unknown,115928766,begrünt_erdig
3396,,,,,,,,,,,,,,,,asphalt,unknown,115928768,versiegelt
3397,,,,,,,,,,,,,,,,asphalt,unknown,115928771,versiegelt
3398,,,,,,,,,,,,,,,,ground,grade4,115928774,unbekannt
3399,,,,,,,,,,,,,,,,asphalt,unknown,115964454,versiegelt
3400,,,,,,,,,,,,,,,,grass,grade5,116026330,begrünt_erdig
3401,,,,,,,,,,,,,,,,gravel,grade2,116026331,mineralisch
3402,,,,,,,,,,,,,,,,unknown,grade3,116026332,unbekannt
3403,,,,,,,,,,,,,,,,grass,grade5,116026333,begrünt_erdig
3404,,,,,,,,,,,,,,,,gravel,grade3,116026334,mineralisch
3405,,,,,,,,,,,,,,,,gravel,grade2,116026335,mineralisch
3406,,,,,,,,,,,,,,,,asphalt,unknown,116026336,versiegelt
3407,,,,,,,,,,,,,,,,asphalt,unknown,116026338,versiegelt
3408,,,,,,,,,,,,,,,,asphalt,grade1,116026339,versiegelt
3409,,,,,,,,,,,,,,,,asphalt,grade1,116026341,versiegelt
3410,,,,,,,,,,,,,,,,grass,grade5,116026343,begrünt_erdig
3411,,,,,,,,,,,,,,,,grass,unknown,116026345,begrünt_erdig
3412,,,,,,,,,,,,,,,,paved,grade2,116026346,versiegelt
3413,,,,,,,,,,,,,,,,grass,grade5,116026348,begrünt_erdig
3414,,,,,,,,,,,,,,,,gravel,grade2,116026349,mineralisch
3415,,,,,,,,,,,,,,,,unknown,grade3,117144408,unbekannt
3416,,,,,,,,,,,,,,,,gravel,grade2,117144410,mineralisch
3417,,,,,,,,,,,,,,,,gravel,grade2,117144414,mineralisch
3418,,,,,,,,,,,,,,,,asphalt,unknown,117390425,versiegelt
3419,,,,,,,,,,,,,,,,unknown,unknown,117390440,unbekannt
3420,,,,,,,,,,,,,,,,unknown,unknown,117391557,unbekannt
3421,,,,,,,,,,,,,,,,unknown,unknown,117391558,unbekannt
3422,,,,,,,,,,,,,,,,unknown,unknown,117391560,unbekannt
3423,,,,,,,,,,,,,,,,unknown,unknown,117391562,unbekannt
3424,,,,,,,,,,,,,,,,grass,grade5,117391563,begrünt_erdig
3425,,,,,,,,,,,,,,,,unknown,grade5,117391565,unbekannt
3426,,,,,,,,,,,,,,,,unknown,grade2,117391566,unbekannt
3427,,,,,,,,,,,,,,,,unknown,unknown,117391568,unbekannt
3428,,,,,,,,,,,,,,,,unknown,grade5,117391569,unbekannt
3429,,,,,,,,,,,,,,,,unknown,unknown,117391570,unbekannt
3430,,,,,,,,,,,,,,,,unknown,grade5,117391571,unbekannt
3431,,,,,,,,,,,,,,,,grass,grade5,117391572,begrünt_erdig
3432,,,,,,,,,,,,,,,,gravel_turf,grade5,117391573,unbekannt
3433,,,,,,,,,,,,,,,,gravel,grade2,117410073,mineralisch
3434,,,,,,,,,,,,,,,,grass,grade5,117410077,begrünt_erdig
3435,,,,,,,,,,,,,,,,grass,grade5,117410079,begrünt_erdig
3436,,,,,,,,,,,,,,,,asphalt,grade2,117410089,versiegelt
3437,,,,,,,,,,,,,,,,unknown,unknown,117470691,unbekannt
3438,,,,,,,,,,,,,,,,paving_stones,unknown,117701837,unbekannt
3439,,,,,,,,,,,,,,,,paving_stones,unknown,117701838,unbekannt
3440,,,,,,,,,,,,,,,,unknown,grade4,117701847,unbekannt
3441,,,,,,,,,,,,,,,,unknown,unknown,117701848,unbekannt
3442,,,,,,,,,,,,,,,,unknown,unknown,117701864,unbekannt
3443,,,,,,,,,,,,,,,,asphalt,unknown,117701920,versiegelt
3444,,,,,,,,,,,,,,,,asphalt,unknown,117701921,versiegelt
3445,,,,,,,,,,,,,,,,grass,unknown,117701922,begrünt_erdig
3446,,,,,,,,,,,,,,,,gravel,grade2,117719509,mineralisch
3447,,,,,,,,,,,,,,,,grass,unknown,117719520,begrünt_erdig
3448,,,,,,,,,,,,,,,,unknown,grade4,117719595,unbekannt
3449,,,,,,,,,,,,,,,,fine_gravel,grade3,117719600,mineralisch
3450,,,,,,,,,,,,,,,,unknown,grade3,117719609,unbekannt
3451,,,,,,,,,,,,,,,,fine_gravel,grade3,117719611,mineralisch
3452,,,,,,,,,,,,,,,,asphalt,unknown,117719613,versiegelt
3453,,,,,,,,,,,,,,,,asphalt,unknown,117719617,versiegelt
3454,,,,,,,,,,,,,,,,gravel,grade2,117719632,mineralisch
3455,,,,,,,,,,,,,,,,unknown,grade3,117719635,unbekannt
3456,,,,,,,,,,,,,,,,fine_gravel,grade2,117719636,mineralisch
3457,,,,,,,,,,,,,,,,fine_gravel,grade3,117719639,mineralisch
3458,,,,,,,,,,,,,,,,ground,grade3,117719656,unbekannt
3459,,,,,,,,,,,,,,,,gravel,grade2,117719670,mineralisch
3460,,,,,,,,,,,,,,,,unknown,grade3,117726929,unbekannt
3461,,,,,,,,,,,,,,,,unknown,unknown,117726978,unbekannt
3462,,,,,,,,,,,,,,,,earth,grade4,117727343,unbekannt
3463,,,,,,,,,,,,,,,,compacted,grade2,117727349,mineralisch
3464,,,,,,,,,,,,,,,,ground,grade4,117727431,unbekannt
3465,,,,,,,,,,,,,,,,ground,unknown,117727438,unbekannt
3466,,,,,,,,,,,,,,,,ground,unknown,117727441,unbekannt
3467,,,,,,,,,,,,,,,,asphalt,grade1,117727444,versiegelt
3468,,,,,,,,,,,,,,,,compacted,grade4,117727447,mineralisch
3469,,,,,,,,,,,,,,,,compacted,grade3,117727450,mineralisch
3470,,,,,,,,,,,,,,,,ground,grade4,117727452,unbekannt
3471,,,,,,,,,,,,,,,,asphalt,grade1,117727455,versiegelt
3472,,,,,,,,,,,,,,,,asphalt,grade1,117727459,versiegelt
3473,,,,,,,,,,,,,,,,asphalt,grade1,117727466,versiegelt
3474,,,,,,,,,,,,,,,,asphalt,grade1,117727481,versiegelt
3475,,,,,,,,,,,,,,,,paved,grade1,117727492,versiegelt
3476,,,,,,,,,,,,,,,,paved,grade1,117727500,versiegelt
3477,,,,,,,,,,,,,,,,gravel,grade2,117727503,mineralisch
3478,,,,,,,,,,,,,,,,grass,grade5,117734534,begrünt_erdig
3479,,,,,,,,,,,,,,,,unknown,grade3,117734539,unbekannt
3480,,,,,,,,,,,,,,,,unknown,grade1,117734671,unbekannt
3481,,,,,,,,,,,,,,,,gravel,grade2,117734674,mineralisch
3482,,,,,,,,,,,,,,,,unknown,grade2,117871954,unbekannt
3483,,,,,,,,,,,,,,,,compacted,grade2,117871955,mineralisch
3484,,,,,,,,,,,,,,,,ground,grade4,117871956,unbekannt
3485,,,,,,,,,,,,,,,,compacted,grade3,117871957,mineralisch
3486,,,,,,,,,,,,,,,,ground,grade3,117871958,unbekannt
3487,,,,,,,,,,,,,,,,compacted,grade2,117871959,mineralisch
3488,,,,,,,,,,,,,,,,compacted,grade2,117871960,mineralisch
3489,,,,,,,,,,,,,,,,unknown,grade2,117871961,unbekannt
3490,,,,,,,,,,,,,,,,paving_stones,unknown,117871962,unbekannt
3491,,,,,,,,,,,,,,,,gravel,grade2,117871963,mineralisch
3492,,,,,,,,,,,,,,,,unknown,grade3,117871964,unbekannt
3493,,,,,,,,,,,,,,,,gravel,grade2,117871965,mineralisch
3494,,,,,,,,,,,,,,,,compacted,grade2,117871966,mineralisch
3495,,,,,,,,,,,,,,,,compacted,grade2,117871967,mineralisch
3496,,,,,,,,,,,,,,,,gravel,grade2,117871969,mineralisch
3497,,,,,,,,,,,,,,,,compacted,grade3,117871970,mineralisch
3498,,,,,,,,,,,,,,,,compacted,grade2,117873495,mineralisch
3499,,,,,,,,,,,,,,,,compacted,grade3,118080110,mineralisch
3500,,,,,,,,,,,,,,,,unknown,unknown,118164857,unbekannt
3501,,,,,,,,,,,,,,,,asphalt,grade1,118165097,versiegelt
3502,,,,,,,,,,,,,,,,compacted,grade2,118165102,mineralisch
3503,,,,,,,,,,,,,,,,ground,grade5,118224052,unbekannt
3504,,,,,,,,,,,,,,,,ground,grade4,118224053,unbekannt
3505,,,,,,,,,,,,,,,,gravel,grade2,118224055,mineralisch
3506,,,,,,,,,,,,,,,,unknown,grade3,118224056,unbekannt
3507,,,,,,,,,,,,,,,,asphalt,grade1,118224057,versiegelt
3508,,,,,,,,,,,,,,,,asphalt,grade1,118224058,versiegelt
3509,,,,,,,,,,,,,,,,gravel,grade2,118224059,mineralisch
3510,,,,,,,,,,,,,,,,compacted,grade2,118231022,mineralisch
3511,,,,,,,,,,,,,,,,compacted,grade2,118231038,mineralisch
3512,,,,,,,,,,,,,,,,asphalt,grade1,118231042,versiegelt
3513,,,,,,,,,,,,,,,,compacted,grade2,118231045,mineralisch
3514,,,,,,,,,,,,,,,,asphalt,grade1,118231046,versiegelt
3515,,,,,,,,,,,,,,,,compacted,grade3,118231054,mineralisch
3516,,,,,,,,,,,,,,,,compacted,grade4,118231067,mineralisch
3517,,,,,,,,,,,,,,,,compacted,grade2,118231068,mineralisch
3518,,,,,,,,,,,,,,,,ground,grade4,118231113,unbekannt
3519,,,,,,,,,,,,,,,,unknown,grade3,118231114,unbekannt
3520,,,,,,,,,,,,,,,,gravel,grade3,118231119,mineralisch
3521,,,,,,,,,,,,,,,,grass,grade5,118231120,begrünt_erdig
3522,,,,,,,,,,,,,,,,compacted,grade2,118231124,mineralisch
3523,,,,,,,,,,,,,,,,grass,grade5,118231126,begrünt_erdig
3524,,,,,,,,,,,,,,,,unknown,unknown,118231133,unbekannt
3525,,,,,,,,,,,,,,,,grass,grade5,118231134,begrünt_erdig
3526,,,,,,,,,,,,,,,,ground,unknown,118231137,unbekannt
3527,,,,,,,,,,,,,,,,unknown,unknown,118231144,unbekannt
3528,,,,,,,,,,,,,,,,unknown,grade4,118231148,unbekannt
3529,,,,,,,,,,,,,,,,unknown,grade5,118231152,unbekannt
3530,,,,,,,,,,,,,,,,unknown,grade3,118231235,unbekannt
3531,,,,,,,,,,,,,,,,asphalt,unknown,118231247,versiegelt
3532,,,,,,,,,,,,,,,,grass,grade4,118233020,begrünt_erdig
3533,,,,,,,,,,,,,,,,gravel,grade3,118233022,mineralisch
3534,,,,,,,,,,,,,,,,grass,grade5,118233024,begrünt_erdig
3535,,,,,,,,,,,,,,,,unknown,grade1,118233026,unbekannt
3536,,,,,,,,,,,,,,,,grass,grade4,118233032,begrünt_erdig
3537,,,,,,,,,,,,,,,,grass,unknown,118233037,begrünt_erdig
3538,,,,,,,,,,,,,,,,unknown,grade3,118233040,unbekannt
3539,,,,,,,,,,,,,,,,grass,grade5,118233041,begrünt_erdig
3540,,,,,,,,,,,,,,,,unknown,grade4,118233042,unbekannt
3541,,,,,,,,,,,,,,,,unknown,grade4,118233048,unbekannt
3542,,,,,,,,,,,,,,,,grass,grade5,118233052,begrünt_erdig
3543,,,,,,,,,,,,,,,,unknown,grade3,118233054,unbekannt
3544,,,,,,,,,,,,,,,,unknown,grade4,118233057,unbekannt
3545,,,,,,,,,,,,,,,,ground,grade4,118233058,unbekannt
3546,,,,,,,,,,,,,,,,compacted,grade2,118233060,mineralisch
3547,,,,,,,,,,,,,,,,compacted,grade2,118233065,mineralisch
3548,,,,,,,,,,,,,,,,compacted,grade2,118233068,mineralisch
3549,,,,,,,,,,,,,,,,unknown,unknown,118234657,unbekannt
3550,,,,,,,,,,,,,,,,grass,grade4,118236541,begrünt_erdig
3551,,,,,,,,,,,,,,,,ground,unknown,118236542,unbekannt
3552,,,,,,,,,,,,,,,,grass,grade5,118236544,begrünt_erdig
3553,,,,,,,,,,,,,,,,grass,grade5,118241539,begrünt_erdig
3554,,,,,,,,,,,,,,,,unknown,grade3,118241543,unbekannt
3555,,,,,,,,,,,,,,,,asphalt,unknown,118241546,versiegelt
3556,,,,,,,,,,,,,,,,unknown,unknown,118241553,unbekannt
3557,,,,,,,,,,,,,,,,unknown,unknown,118241559,unbekannt
3558,,,,,,,,,,,,,,,,unknown,grade4,118241560,unbekannt
3559,,,,,,,,,,,,,,,,gravel,unknown,118241563,mineralisch
3560,,,,,,,,,,,,,,,,concrete,unknown,118241564,versiegelt
3561,,,,,,,,,,,,,,,,gravel,unknown,118241567,mineralisch
3562,,,,,,,,,,,,,,,,unknown,grade3,118241570,unbekannt
3563,,,,,,,,,,,,,,,,unknown,grade3,118241574,unbekannt
3564,,,,,,,,,,,,,,,,grass,grade5,118241575,begrünt_erdig
3565,,,,,,,,,,,,,,,,grass,grade4,118241577,begrünt_erdig
3566,,,,,,,,,,,,,,,,grass,grade5,118241580,begrünt_erdig
3567,,,,,,,,,,,,,,,,grass,grade4,118241581,begrünt_erdig
3568,,,,,,,,,,,,,,,,asphalt,unknown,118245847,versiegelt
3569,,,,,,,,,,,,,,,,asphalt,unknown,118245848,versiegelt
3570,,,,,,,,,,,,,,,,unknown,unknown,118247307,unbekannt
3571,,,,,,,,,,,,,,,,asphalt,unknown,118344110,versiegelt
3572,,,,,,,,,,,,,,,,unknown,unknown,118555307,unbekannt
3573,,,,,,,,,,,,,,,,unknown,unknown,118820848,unbekannt
3574,,,,,,,,,,,,,,,,asphalt,unknown,118820866,versiegelt
3575,,,,,,,,,,,,,,,,paved,unknown,118820868,versiegelt
3576,,,,,,,,,,,,,,,,asphalt,grade1,118961927,versiegelt
3577,,,,,,,,,,,,,,,,grass,grade5,119016322,begrünt_erdig
3578,,,,,,,,,,,,,,,,asphalt,unknown,119137732,versiegelt
3579,,,,,,,,,,,,,,,,asphalt,unknown,119210726,versiegelt
3580,,,,,,,,,,,,,,,,unknown,grade1,119210728,unbekannt
3581,,,,,,,,,,,,,,,,unknown,grade5,119210729,unbekannt
3582,,,,,,,,,,,,,,,,unknown,grade5,119210730,unbekannt
3583,,,,,,,,,,,,,,,,asphalt,unknown,119210733,versiegelt
3584,,,,,,,,,,,,,,,,gravel,unknown,119210735,mineralisch
3585,,,,,,,,,,,,,,,,asphalt,unknown,119210736,versiegelt
3586,,,,,,,,,,,,,,,,unknown,grade5,119210738,unbekannt
3587,,,,,,,,,,,,,,,,unknown,unknown,119237820,unbekannt
3588,,,,,,,,,,,,,,,,ground,unknown,119238530,unbekannt
3589,,,,,,,,,,,,,,,,unknown,grade4,119238531,unbekannt
3590,,,,,,,,,,,,,,,,grass,unknown,119243947,begrünt_erdig
3591,,,,,,,,,,,,,,,,compacted,unknown,119916779,mineralisch
3592,,,,,,,,,,,,,,,,asphalt; grass_paver,grade1,120044767,unbekannt
3593,,,,,,,,,,,,,,,,asphalt,unknown,120044787,versiegelt
3594,,,,,,,,,,,,,,,,grass,unknown,120044802,begrünt_erdig
3595,,,,,,,,,,,,,,,,grass,grade5,120044811,begrünt_erdig
3596,,,,,,,,,,,,,,,,asphalt,unknown,120044818,versiegelt
3597,,,,,,,,,,,,,,,,asphalt,unknown,120050554,versiegelt
3598,,,,,,,,,,,,,,,,asphalt,grade1,120050564,versiegelt
3599,,,,,,,,,,,,,,,,grass,unknown,120054479,begrünt_erdig
3600,,,,,,,,,,,,,,,,cobblestone,unknown,120139343,unbekannt
3601,,,,,,,,,,,,,,,,cobblestone,unknown,120139344,unbekannt
3602,,,,,,,,,,,,,,,,gravel,grade2,120480614,mineralisch
3603,,,,,,,,,,,,,,,,gravel,grade2,120480616,mineralisch
3604,,,,,,,,,,,,,,,,asphalt,grade1,120480620,versiegelt
3605,,,,,,,,,,,,,,,,asphalt,grade1,120480621,versiegelt
3606,,,,,,,,,,,,,,,,asphalt,unknown,120480623,versiegelt
3607,,,,,,,,,,,,,,,,asphalt,unknown,120480624,versiegelt
3608,,,,,,,,,,,,,,,,fine_gravel,unknown,120480628,mineralisch
3609,,,,,,,,,,,,,,,,unknown,unknown,120521533,unbekannt
3610,,,,,,,,,,,,,,,,unknown,unknown,120521534,unbekannt
3611,,,,,,,,,,,,,,,,unknown,grade1,120521535,unbekannt
3612,,,,,,,,,,,,,,,,gravel,unknown,120698056,mineralisch
3613,,,,,,,,,,,,,,,,grass,grade5,120733730,begrünt_erdig
3614,,,,,,,,,,,,,,,,asphalt,unknown,120733737,versiegelt
3615,,,,,,,,,,,,,,,,earth,grade4,121399766,unbekannt
3616,,,,,,,,,,,,,,,,fine_gravel,grade2,121399768,mineralisch
3617,,,,,,,,,,,,,,,,ground,grade3,121399772,unbekannt
3618,,,,,,,,,,,,,,,,gravel,grade2,121399774,mineralisch
3619,,,,,,,,,,,,,,,,gravel,grade2,121399775,mineralisch
3620,,,,,,,,,,,,,,,,asphalt,unknown,121826640,versiegelt
3621,,,,,,,,,,,,,,,,asphalt,grade1,122197633,versiegelt
3622,,,,,,,,,,,,,,,,asphalt,unknown,122197634,versiegelt
3623,,,,,,,,,,,,,,,,unknown,grade1,122197636,unbekannt
3624,,,,,,,,,,,,,,,,compacted,grade3,122301058,mineralisch
3625,,,,,,,,,,,,,,,,asphalt,grade1,122301070,versiegelt
3626,,,,,,,,,,,,,,,,compacted,unknown,122301143,mineralisch
3627,,,,,,,,,,,,,,,,unknown,grade1,122301148,unbekannt
3628,,,,,,,,,,,,,,,,compacted,grade2,122301149,mineralisch
3629,,,,,,,,,,,,,,,,grass,grade5,122301162,begrünt_erdig
3630,,,,,,,,,,,,,,,,dirt,unknown,122301180,begrünt_erdig
3631,,,,,,,,,,,,,,,,gravel,grade2,122475052,mineralisch
3632,,,,,,,,,,,,,,,,grass,grade5,122475053,begrünt_erdig
3633,,,,,,,,,,,,,,,,asphalt,grade1,122708575,versiegelt
3634,,,,,,,,,,,,,,,,asphalt,unknown,122722923,versiegelt
3635,,,,,,,,,,,,,,,,asphalt,unknown,122757546,versiegelt
3636,,,,,,,,,,,,,,,,asphalt,grade1,122763192,versiegelt
3637,,,,,,,,,,,,,,,,asphalt,grade1,122763193,versiegelt
3638,,,,,,,,,,,,,,,,asphalt,grade1,122763194,versiegelt
3639,,,,,,,,,,,,,,,,asphalt,grade2,122763195,versiegelt
3640,,,,,,,,,,,,,,,,asphalt,grade1,122763196,versiegelt
3641,,,,,,,,,,,,,,,,unknown,unknown,122766394,unbekannt
3642,,,,,,,,,,,,,,,,unknown,unknown,122766395,unbekannt
3643,,,,,,,,,,,,,,,,unknown,unknown,122766397,unbekannt
3644,,,,,,,,,,,,,,,,unknown,grade5,122768237,unbekannt
3645,,,,,,,,,,,,,,,,unknown,grade5,122768240,unbekannt
3646,,,,,,,,,,,,,,,,unknown,unknown,122772747,unbekannt
3647,,,,,,,,,,,,,,,,paving_stones,unknown,122772750,unbekannt
3648,,,,,,,,,,,,,,,,asphalt,unknown,122793506,versiegelt
3649,,,,,,,,,,,,,,,,compacted,grade2,123113926,mineralisch
3650,,,,,,,,,,,,,,,,compacted,grade2,123121006,mineralisch
3651,,,,,,,,,,,,,,,,compacted,grade2,123121007,mineralisch
3652,,,,,,,,,,,,,,,,asphalt,grade2,123121008,versiegelt
3653,,,,,,,,,,,,,,,,asphalt,grade1,123121009,versiegelt
3654,,,,,,,,,,,,,,,,unknown,grade2,123125527,unbekannt
3655,,,,,,,,,,,,,,,,compacted,grade2,123125528,mineralisch
3656,,,,,,,,,,,,,,,,asphalt,unknown,123173908,versiegelt
3657,,,,,,,,,,,,,,,,asphalt,unknown,123173909,versiegelt
3658,,,,,,,,,,,,,,,,gravel,unknown,123180483,mineralisch
3659,,,,,,,,,,,,,,,,gravel,unknown,123180484,mineralisch
3660,,,,,,,,,,,,,,,,unknown,unknown,123180486,unbekannt
3661,,,,,,,,,,,,,,,,unknown,unknown,123180488,unbekannt
3662,,,,,,,,,,,,,,,,unknown,unknown,123180491,unbekannt
3663,,,,,,,,,,,,,,,,unknown,unknown,123180492,unbekannt
3664,,,,,,,,,,,,,,,,asphalt,grade1,123180497,versiegelt
3665,,,,,,,,,,,,,,,,unknown,unknown,123180500,unbekannt
3666,,,,,,,,,,,,,,,,ground,grade4,123183449,unbekannt
3667,,,,,,,,,,,,,,,,asphalt,unknown,123455294,versiegelt
3668,,,,,,,,,,,,,,,,asphalt,unknown,123702366,versiegelt
3669,,,,,,,,,,,,,,,,gravel,grade4,123722905,mineralisch
3670,,,,,,,,,,,,,,,,gravel,grade1,123722910,mineralisch
3671,,,,,,,,,,,,,,,,compacted,grade2,123742237,mineralisch
3672,,,,,,,,,,,,,,,,asphalt,grade1,123928644,versiegelt
3673,,,,,,,,,,,,,,,,asphalt,grade1,123928696,versiegelt
3674,,,,,,,,,,,,,,,,grass,grade4,123928698,begrünt_erdig
3675,,,,,,,,,,,,,,,,unknown,unknown,123928703,unbekannt
3676,,,,,,,,,,,,,,,,asphalt,unknown,123928711,versiegelt
3677,,,,,,,,,,,,,,,,unknown,grade3,123928716,unbekannt
3678,,,,,,,,,,,,,,,,grass,grade5,123928731,begrünt_erdig
3679,,,,,,,,,,,,,,,,asphalt,unknown,123934095,versiegelt
3680,,,,,,,,,,,,,,,,compacted,grade3,123934127,mineralisch
3681,,,,,,,,,,,,,,,,grass,grade5,123941353,begrünt_erdig
3682,,,,,,,,,,,,,,,,asphalt,unknown,123958165,versiegelt
3683,,,,,,,,,,,,,,,,asphalt,unknown,123958166,versiegelt
3684,,,,,,,,,,,,,,,,asphalt,unknown,123958170,versiegelt
3685,,,,,,,,,,,,,,,,asphalt,grade1,124188268,versiegelt
3686,,,,,,,,,,,,,,,,asphalt,grade1,124188269,versiegelt
3687,,,,,,,,,,,,,,,,unknown,unknown,124385682,unbekannt
3688,,,,,,,,,,,,,,,,asphalt,unknown,124385713,versiegelt
3689,,,,,,,,,,,,,,,,asphalt,unknown,124385717,versiegelt
3690,,,,,,,,,,,,,,,,asphalt,unknown,124406800,versiegelt
3691,,,,,,,,,,,,,,,,asphalt,unknown,124521482,versiegelt
3692,,,,,,,,,,,,,,,,asphalt,unknown,124521485,versiegelt
3693,,,,,,,,,,,,,,,,asphalt,unknown,124521490,versiegelt
3694,,,,,,,,,,,,,,,,asphalt,unknown,125096623,versiegelt
3695,,,,,,,,,,,,,,,,gravel,grade2,125096626,mineralisch
3696,,,,,,,,,,,,,,,,asphalt,grade2,125096627,versiegelt
3697,,,,,,,,,,,,,,,,grass,grade5,125198847,begrünt_erdig
3698,,,,,,,,,,,,,,,,gravel,unknown,125198849,mineralisch
3699,,,,,,,,,,,,,,,,asphalt,unknown,125308296,versiegelt
3700,,,,,,,,,,,,,,,,asphalt,unknown,125308297,versiegelt
3701,,,,,,,,,,,,,,,,gravel,grade2,125685238,mineralisch
3702,,,,,,,,,,,,,,,,asphalt,grade3,125685239,versiegelt
3703,,,,,,,,,,,,,,,,asphalt,grade1,125685240,versiegelt
3704,,,,,,,,,,,,,,,,ground,grade3,125685241,unbekannt
3705,,,,,,,,,,,,,,,,asphalt,grade1,125685242,versiegelt
3706,,,,,,,,,,,,,,,,gravel,grade2,125685243,mineralisch
3707,,,,,,,,,,,,,,,,cobblestone,grade4,125685244,unbekannt
3708,,,,,,,,,,,,,,,,fine_gravel,grade3,125685245,mineralisch
3709,,,,,,,,,,,,,,,,grass,grade4,125685246,begrünt_erdig
3710,,,,,,,,,,,,,,,,gravel,grade2,125685247,mineralisch
3711,,,,,,,,,,,,,,,,paved,grade1,125853515,versiegelt
3712,,,,,,,,,,,,,,,,asphalt,unknown,126077638,versiegelt
3713,,,,,,,,,,,,,,,,gravel,grade2,126077648,mineralisch
3714,,,,,,,,,,,,,,,,unknown,unknown,126077651,unbekannt
3715,,,,,,,,,,,,,,,,grass,grade4,126077654,begrünt_erdig
3716,,,,,,,,,,,,,,,,gravel,grade2,126077658,mineralisch
3717,,,,,,,,,,,,,,,,fine_gravel,grade2,126077661,mineralisch
3718,,,,,,,,,,,,,,,,asphalt,grade1,126077665,versiegelt
3719,,,,,,,,,,,,,,,,asphalt,unknown,126077668,versiegelt
3720,,,,,,,,,,,,,,,,ground,grade3,126134601,unbekannt
3721,,,,,,,,,,,,,,,,asphalt,unknown,126134603,versiegelt
3722,,,,,,,,,,,,,,,,asphalt,grade1,126134611,versiegelt
3723,,,,,,,,,,,,,,,,grass,grade4,126134613,begrünt_erdig
3724,,,,,,,,,,,,,,,,grass,grade4,126134614,begrünt_erdig
3725,,,,,,,,,,,,,,,,grass,grade5,126134615,begrünt_erdig
3726,,,,,,,,,,,,,,,,grass,grade5,126134616,begrünt_erdig
3727,,,,,,,,,,,,,,,,gravel,grade2,126134618,mineralisch
3728,,,,,,,,,,,,,,,,gravel,unknown,126134619,mineralisch
3729,,,,,,,,,,,,,,,,gravel,unknown,126134621,mineralisch
3730,,,,,,,,,,,,,,,,gravel,unknown,126134622,mineralisch
3731,,,,,,,,,,,,,,,,gravel,unknown,126134623,mineralisch
3732,,,,,,,,,,,,,,,,gravel,grade2,126134624,mineralisch
3733,,,,,,,,,,,,,,,,paved,unknown,126134625,versiegelt
3734,,,,,,,,,,,,,,,,asphalt,grade1,126134626,versiegelt
3735,,,,,,,,,,,,,,,,gravel,unknown,126134629,mineralisch
3736,,,,,,,,,,,,,,,,grass,grade5,126134630,begrünt_erdig
3737,,,,,,,,,,,,,,,,gravel,unknown,126134631,mineralisch
3738,,,,,,,,,,,,,,,,concrete,grade1,126134633,versiegelt
3739,,,,,,,,,,,,,,,,grass,grade4,126134634,begrünt_erdig
3740,,,,,,,,,,,,,,,,asphalt,grade1,126134635,versiegelt
3741,,,,,,,,,,,,,,,,grass,grade5,126134636,begrünt_erdig
3742,,,,,,,,,,,,,,,,wood,unknown,126134637,unbekannt
3743,,,,,,,,,,,,,,,,asphalt,grade1,126134638,versiegelt
3744,,,,,,,,,,,,,,,,grass,grade5,126134639,begrünt_erdig
3745,,,,,,,,,,,,,,,,grass,grade4,126134640,begrünt_erdig
3746,,,,,,,,,,,,,,,,paving_stones,unknown,126134641,unbekannt
3747,,,,,,,,,,,,,,,,grass,grade4,126134642,begrünt_erdig
3748,,,,,,,,,,,,,,,,grass,grade5,126134643,begrünt_erdig
3749,,,,,,,,,,,,,,,,gravel,unknown,126134644,mineralisch
3750,,,,,,,,,,,,,,,,gravel,unknown,126134645,mineralisch
3751,,,,,,,,,,,,,,,,grass,grade4,126134646,begrünt_erdig
3752,,,,,,,,,,,,,,,,gravel,unknown,126134648,mineralisch
3753,,,,,,,,,,,,,,,,gravel,grade3,126134650,mineralisch
3754,,,,,,,,,,,,,,,,grass,grade5,126134651,begrünt_erdig
3755,,,,,,,,,,,,,,,,grass,grade5,126134652,begrünt_erdig
3756,,,,,,,,,,,,,,,,gravel,unknown,126134653,mineralisch
3757,,,,,,,,,,,,,,,,grass,grade5,126139989,begrünt_erdig
3758,,,,,,,,,,,,,,,,grass,grade5,126303484,begrünt_erdig
3759,,,,,,,,,,,,,,,,ground,grade2,126303485,unbekannt
3760,,,,,,,,,,,,,,,,unpaved,grade2,126303487,mineralisch
3761,,,,,,,,,,,,,,,,gravel,grade2,126303488,mineralisch
3762,,,,,,,,,,,,,,,,asphalt,grade1,126303489,versiegelt
3763,,,,,,,,,,,,,,,,grass,grade5,126303492,begrünt_erdig
3764,,,,,,,,,,,,,,,,grass,grade5,126303493,begrünt_erdig
3765,,,,,,,,,,,,,,,,asphalt,grade1,126303496,versiegelt
3766,,,,,,,,,,,,,,,,asphalt,unknown,126303497,versiegelt
3767,,,,,,,,,,,,,,,,asphalt,grade1,126303498,versiegelt
3768,,,,,,,,,,,,,,,,gravel,grade2,126303499,mineralisch
3769,,,,,,,,,,,,,,,,gravel,grade2,126303500,mineralisch
3770,,,,,,,,,,,,,,,,ground,unknown,126303501,unbekannt
3771,,,,,,,,,,,,,,,,ground,grade2,126303502,unbekannt
3772,,,,,,,,,,,,,,,,gravel,grade2,126304349,mineralisch
3773,,,,,,,,,,,,,,,,grass,grade5,126304351,begrünt_erdig
3774,,,,,,,,,,,,,,,,asphalt,grade1,126304352,versiegelt
3775,,,,,,,,,,,,,,,,asphalt,grade1,126304353,versiegelt
3776,,,,,,,,,,,,,,,,asphalt,grade1,126304354,versiegelt
3777,,,,,,,,,,,,,,,,ground,grade5,126304355,unbekannt
3778,,,,,,,,,,,,,,,,grass,grade5,126304356,begrünt_erdig
3779,,,,,,,,,,,,,,,,asphalt,grade1,126304357,versiegelt
3780,,,,,,,,,,,,,,,,asphalt,grade1,126345023,versiegelt
3781,,,,,,,,,,,,,,,,grass,grade5,126345024,begrünt_erdig
3782,,,,,,,,,,,,,,,,grass,grade4,126345026,begrünt_erdig
3783,,,,,,,,,,,,,,,,grass,grade5,126345031,begrünt_erdig
3784,,,,,,,,,,,,,,,,gravel,grade2,126345033,mineralisch
3785,,,,,,,,,,,,,,,,grass,grade5,126345034,begrünt_erdig
3786,,,,,,,,,,,,,,,,grass,grade5,126345039,begrünt_erdig
3787,,,,,,,,,,,,,,,,grass,grade4,126345040,begrünt_erdig
3788,,,,,,,,,,,,,,,,grass,grade5,126345043,begrünt_erdig
3789,,,,,,,,,,,,,,,,gravel,grade2,126345044,mineralisch
3790,,,,,,,,,,,,,,,,grass,grade5,126345046,begrünt_erdig
3791,,,,,,,,,,,,,,,,asphalt,unknown,126547674,versiegelt
3792,,,,,,,,,,,,,,,,asphalt,unknown,126547676,versiegelt
3793,,,,,,,,,,,,,,,,gravel,grade2,126573437,mineralisch
3794,,,,,,,,,,,,,,,,ground,grade3,126573438,unbekannt
3795,,,,,,,,,,,,,,,,grass,grade4,126573439,begrünt_erdig
3796,,,,,,,,,,,,,,,,gravel,grade2,126573440,mineralisch
3797,,,,,,,,,,,,,,,,gravel,grade2,126573441,mineralisch
3798,,,,,,,,,,,,,,,,gravel,grade2,126573442,mineralisch
3799,,,,,,,,,,,,,,,,gravel,grade2,126573443,mineralisch
3800,,,,,,,,,,,,,,,,gravel,grade2,126573444,mineralisch
3801,,,,,,,,,,,,,,,,gravel,grade2,126573445,mineralisch
3802,,,,,,,,,,,,,,,,gravel,grade2,126573446,mineralisch
3803,,,,,,,,,,,,,,,,asphalt,grade1,126573447,versiegelt
3804,,,,,,,,,,,,,,,,grass,grade4,126573448,begrünt_erdig
3805,,,,,,,,,,,,,,,,gravel,grade2,126573449,mineralisch
3806,,,,,,,,,,,,,,,,asphalt,grade1,126573450,versiegelt
3807,,,,,,,,,,,,,,,,asphalt,grade1,126573451,versiegelt
3808,,,,,,,,,,,,,,,,gravel,grade2,126573452,mineralisch
3809,,,,,,,,,,,,,,,,ground,grade4,126573453,unbekannt
3810,,,,,,,,,,,,,,,,compacted,grade2,126573454,mineralisch
3811,,,,,,,,,,,,,,,,asphalt,grade1,126573455,versiegelt
3812,,,,,,,,,,,,,,,,gravel,grade2,126573456,mineralisch
3813,,,,,,,,,,,,,,,,compacted,grade2,126573457,mineralisch
3814,,,,,,,,,,,,,,,,gravel,grade2,126573458,mineralisch
3815,,,,,,,,,,,,,,,,gravel,grade2,126573459,mineralisch
3816,,,,,,,,,,,,,,,,ground,grade3,126573460,unbekannt
3817,,,,,,,,,,,,,,,,gravel,grade2,126573461,mineralisch
3818,,,,,,,,,,,,,,,,ground,grade3,126573462,unbekannt
3819,,,,,,,,,,,,,,,,ground,unknown,126613816,unbekannt
3820,,,,,,,,,,,,,,,,gravel,unknown,126613819,mineralisch
3821,,,,,,,,,,,,,,,,gravel,grade2,126613821,mineralisch
3822,,,,,,,,,,,,,,,,grass,grade4,126613822,begrünt_erdig
3823,,,,,,,,,,,,,,,,ground,grade5,126613823,unbekannt
3824,,,,,,,,,,,,,,,,grass,grade4,126613826,begrünt_erdig
3825,,,,,,,,,,,,,,,,grass,grade4,126613827,begrünt_erdig
3826,,,,,,,,,,,,,,,,gravel,grade2,126613828,mineralisch
3827,,,,,,,,,,,,,,,,grass,grade4,126613830,begrünt_erdig
3828,,,,,,,,,,,,,,,,compacted,grade4,126613831,mineralisch
3829,,,,,,,,,,,,,,,,compacted,grade2,126717969,mineralisch
3830,,,,,,,,,,,,,,,,unknown,unknown,127226878,unbekannt
3831,,,,,,,,,,,,,,,,unknown,unknown,127226879,unbekannt
3832,,,,,,,,,,,,,,,,unknown,unknown,127226880,unbekannt
3833,,,,,,,,,,,,,,,,unknown,unknown,127226881,unbekannt
3834,,,,,,,,,,,,,,,,grass,unknown,127226882,begrünt_erdig
3835,,,,,,,,,,,,,,,,unknown,unknown,127240484,unbekannt
3836,,,,,,,,,,,,,,,,asphalt,unknown,127247887,versiegelt
3837,,,,,,,,,,,,,,,,asphalt,unknown,127247890,versiegelt
3838,,,,,,,,,,,,,,,,asphalt,unknown,127247892,versiegelt
3839,,,,,,,,,,,,,,,,asphalt,unknown,127247893,versiegelt
3840,,,,,,,,,,,,,,,,asphalt,unknown,127247895,versiegelt
3841,,,,,,,,,,,,,,,,asphalt,unknown,127247896,versiegelt
3842,,,,,,,,,,,,,,,,asphalt,unknown,127247898,versiegelt
3843,,,,,,,,,,,,,,,,asphalt,unknown,127247900,versiegelt
3844,,,,,,,,,,,,,,,,asphalt,unknown,127247901,versiegelt
3845,,,,,,,,,,,,,,,,asphalt,unknown,127247903,versiegelt
3846,,,,,,,,,,,,,,,,grass,grade5,127248588,begrünt_erdig
3847,,,,,,,,,,,,,,,,grass,grade5,127250466,begrünt_erdig
3848,,,,,,,,,,,,,,,,asphalt,grade1,127268014,versiegelt
3849,,,,,,,,,,,,,,,,mud,grade4,127268019,begrünt_erdig
3850,,,,,,,,,,,,,,,,asphalt,grade1,127268022,versiegelt
3851,,,,,,,,,,,,,,,,asphalt,grade1,127268024,versiegelt
3852,,,,,,,,,,,,,,,,asphalt,grade1,127268031,versiegelt
3853,,,,,,,,,,,,,,,,asphalt,grade1,127268032,versiegelt
3854,,,,,,,,,,,,,,,,ground,unknown,127268038,unbekannt
3855,,,,,,,,,,,,,,,,asphalt,grade1,127268039,versiegelt
3856,,,,,,,,,,,,,,,,ground,grade4,127268042,unbekannt
3857,,,,,,,,,,,,,,,,unpaved,unknown,127303375,mineralisch
3858,,,,,,,,,,,,,,,,gravel,unknown,127417266,mineralisch
3859,,,,,,,,,,,,,,,,asphalt,unknown,127661048,versiegelt
3860,,,,,,,,,,,,,,,,asphalt,unknown,127661049,versiegelt
3861,,,,,,,,,,,,,,,,unknown,unknown,127661058,unbekannt
3862,,,,,,,,,,,,,,,,ground,grade3,127674110,unbekannt
3863,,,,,,,,,,,,,,,,ground,grade3,127674111,unbekannt
3864,,,,,,,,,,,,,,,,grass,grade5,127674112,begrünt_erdig
3865,,,,,,,,,,,,,,,,earth,unknown,127674113,unbekannt
3866,,,,,,,,,,,,,,,,grass,grade5,127674114,begrünt_erdig
3867,,,,,,,,,,,,,,,,grass,grade5,127674115,begrünt_erdig
3868,,,,,,,,,,,,,,,,ground,grade3,127674116,unbekannt
3869,,,,,,,,,,,,,,,,mud,grade3,127674117,begrünt_erdig
3870,,,,,,,,,,,,,,,,unknown,grade2,127707792,unbekannt
3871,,,,,,,,,,,,,,,,unknown,grade1,127707793,unbekannt
3872,,,,,,,,,,,,,,,,gravel,grade2,128037296,mineralisch
3873,,,,,,,,,,,,,,,,gravel,grade2,128037297,mineralisch
3874,,,,,,,,,,,,,,,,gravel,grade2,128089847,mineralisch
3875,,,,,,,,,,,,,,,,gravel,grade2,128089848,mineralisch
3876,,,,,,,,,,,,,,,,gravel,grade2,128089850,mineralisch
3877,,,,,,,,,,,,,,,,ground,grade4,128089851,unbekannt
3878,,,,,,,,,,,,,,,,ground,grade3,128089852,unbekannt
3879,,,,,,,,,,,,,,,,compacted,grade2,128089853,mineralisch
3880,,,,,,,,,,,,,,,,ground,grade2,128089856,unbekannt
3881,,,,,,,,,,,,,,,,ground,grade2,128089857,unbekannt
3882,,,,,,,,,,,,,,,,grass,grade5,128089858,begrünt_erdig
3883,,,,,,,,,,,,,,,,gravel,grade2,128089859,mineralisch
3884,,,,,,,,,,,,,,,,gravel,grade4,128089861,mineralisch
3885,,,,,,,,,,,,,,,,compacted,grade2,128089862,mineralisch
3886,,,,,,,,,,,,,,,,compacted,grade2,128089864,mineralisch
3887,,,,,,,,,,,,,,,,ground,grade2,128089866,unbekannt
3888,,,,,,,,,,,,,,,,gravel,grade2,128089869,mineralisch
3889,,,,,,,,,,,,,,,,asphalt,grade1,128113320,versiegelt
3890,,,,,,,,,,,,,,,,gravel,grade2,128113324,mineralisch
3891,,,,,,,,,,,,,,,,gravel,grade2,128113326,mineralisch
3892,,,,,,,,,,,,,,,,ground,grade5,128113329,unbekannt
3893,,,,,,,,,,,,,,,,compacted,grade2,128113330,mineralisch
3894,,,,,,,,,,,,,,,,ground,grade5,128113335,unbekannt
3895,,,,,,,,,,,,,,,,gravel,grade2,128113336,mineralisch
3896,,,,,,,,,,,,,,,,gravel,grade2,128113337,mineralisch
3897,,,,,,,,,,,,,,,,gravel,grade2,128113342,mineralisch
3898,,,,,,,,,,,,,,,,gravel,grade2,128113344,mineralisch
3899,,,,,,,,,,,,,,,,gravel,grade2,128113346,mineralisch
3900,,,,,,,,,,,,,,,,gravel,grade2,128113349,mineralisch
3901,,,,,,,,,,,,,,,,ground,grade3,128113351,unbekannt
3902,,,,,,,,,,,,,,,,compacted,grade2,128113354,mineralisch
3903,,,,,,,,,,,,,,,,ground,grade2,128113355,unbekannt
3904,,,,,,,,,,,,,,,,unknown,grade4,128113356,unbekannt
3905,,,,,,,,,,,,,,,,gravel,grade2,128113357,mineralisch
3906,,,,,,,,,,,,,,,,gravel,grade2,128113359,mineralisch
3907,,,,,,,,,,,,,,,,compacted,grade2,128113361,mineralisch
3908,,,,,,,,,,,,,,,,gravel,grade2,128113362,mineralisch
3909,,,,,,,,,,,,,,,,grass,grade5,128113365,begrünt_erdig
3910,,,,,,,,,,,,,,,,ground,grade2,128113366,unbekannt
3911,,,,,,,,,,,,,,,,grass,grade5,128113369,begrünt_erdig
3912,,,,,,,,,,,,,,,,gravel,grade2,128113373,mineralisch
3913,,,,,,,,,,,,,,,,gravel,unknown,128113375,mineralisch
3914,,,,,,,,,,,,,,,,compacted,grade2,128113377,mineralisch
3915,,,,,,,,,,,,,,,,gravel,grade2,128113379,mineralisch
3916,,,,,,,,,,,,,,,,gravel,grade2,128113383,mineralisch
3917,,,,,,,,,,,,,,,,compacted,grade2,128113385,mineralisch
3918,,,,,,,,,,,,,,,,asphalt,unknown,128274621,versiegelt
3919,,,,,,,,,,,,,,,,asphalt,unknown,128274622,versiegelt
3920,,,,,,,,,,,,,,,,fine_gravel,grade2,128274623,mineralisch
3921,,,,,,,,,,,,,,,,gravel,grade3,128274624,mineralisch
3922,,,,,,,,,,,,,,,,gravel,grade3,128274625,mineralisch
3923,,,,,,,,,,,,,,,,gravel,grade3,128274626,mineralisch
3924,,,,,,,,,,,,,,,,gravel,grade3,128274627,mineralisch
3925,,,,,,,,,,,,,,,,ground,unknown,128274628,unbekannt
3926,,,,,,,,,,,,,,,,asphalt,unknown,128391629,versiegelt
3927,,,,,,,,,,,,,,,,gravel,grade4,128572436,mineralisch
3928,,,,,,,,,,,,,,,,gravel,grade4,128572438,mineralisch
3929,,,,,,,,,,,,,,,,grass,grade5,128572440,begrünt_erdig
3930,,,,,,,,,,,,,,,,gravel,grade2,128750537,mineralisch
3931,,,,,,,,,,,,,,,,pebblestone,grade2,128764780,unbekannt
3932,,,,,,,,,,,,,,,,concrete,unknown,129025025,versiegelt
3933,,,,,,,,,,,,,,,,gravel,grade2,129025029,mineralisch
3934,,,,,,,,,,,,,,,,asphalt,grade2,129025030,versiegelt
3935,,,,,,,,,,,,,,,,grass,grade4,129025031,begrünt_erdig
3936,,,,,,,,,,,,,,,,fine_gravel,grade2,129025035,mineralisch
3937,,,,,,,,,,,,,,,,compacted,grade3,129025037,mineralisch
3938,,,,,,,,,,,,,,,,gravel,grade2,129025038,mineralisch
3939,,,,,,,,,,,,,,,,gravel,grade2,129025039,mineralisch
3940,,,,,,,,,,,,,,,,gravel,grade2,129025040,mineralisch
3941,,,,,,,,,,,,,,,,grass,grade5,129147327,begrünt_erdig
3942,,,,,,,,,,,,,,,,ground,grade3,129147328,unbekannt
3943,,,,,,,,,,,,,,,,grass,grade5,129147329,begrünt_erdig
3944,,,,,,,,,,,,,,,,ground,grade3,129147330,unbekannt
3945,,,,,,,,,,,,,,,,gravel,grade2,129147331,mineralisch
3946,,,,,,,,,,,,,,,,gravel,grade2,129147338,mineralisch
3947,,,,,,,,,,,,,,,,ground,grade4,129147341,unbekannt
3948,,,,,,,,,,,,,,,,ground,grade3,129147342,unbekannt
3949,,,,,,,,,,,,,,,,ground,grade4,129147345,unbekannt
3950,,,,,,,,,,,,,,,,gravel,grade2,129147346,mineralisch
3951,,,,,,,,,,,,,,,,compacted,grade2,129147349,mineralisch
3952,,,,,,,,,,,,,,,,ground,unknown,129709361,unbekannt
3953,,,,,,,,,,,,,,,,ground,unknown,129709365,unbekannt
3954,,,,,,,,,,,,,,,,ground,unknown,129709366,unbekannt
3955,,,,,,,,,,,,,,,,unknown,unknown,129709367,unbekannt
3956,,,,,,,,,,,,,,,,gravel,grade2,129709368,mineralisch
3957,,,,,,,,,,,,,,,,unknown,unknown,129709369,unbekannt
3958,,,,,,,,,,,,,,,,compacted,grade2,129709370,mineralisch
3959,,,,,,,,,,,,,,,,unknown,unknown,129709371,unbekannt
3960,,,,,,,,,,,,,,,,unknown,unknown,129709372,unbekannt
3961,,,,,,,,,,,,,,,,unknown,unknown,129709373,unbekannt
3962,,,,,,,,,,,,,,,,unknown,unknown,129709376,unbekannt
3963,,,,,,,,,,,,,,,,compacted,unknown,129709377,mineralisch
3964,,,,,,,,,,,,,,,,gravel,grade2,129709378,mineralisch
3965,,,,,,,,,,,,,,,,asphalt,unknown,129787887,versiegelt
3966,,,,,,,,,,,,,,,,asphalt,grade2,129787888,versiegelt
3967,,,,,,,,,,,,,,,,asphalt,grade2,129787889,versiegelt
3968,,,,,,,,,,,,,,,,pebblestone,grade2,129787890,unbekannt
3969,,,,,,,,,,,,,,,,wood,unknown,129787891,unbekannt
3970,,,,,,,,,,,,,,,,wood,grade1,129787892,unbekannt
3971,,,,,,,,,,,,,,,,pebblestone,grade3,129787894,unbekannt
3972,,,,,,,,,,,,,,,,asphalt,grade2,129787895,versiegelt
3973,,,,,,,,,,,,,,,,asphalt,grade2,129787897,versiegelt
3974,,,,,,,,,,,,,,,,paving_stones,grade2,129787898,unbekannt
3975,,,,,,,,,,,,,,,,asphalt,grade2,129787899,versiegelt
3976,,,,,,,,,,,,,,,,asphalt,unknown,129787900,versiegelt
3977,,,,,,,,,,,,,,,,grass,unknown,129810043,begrünt_erdig
3978,,,,,,,,,,,,,,,,paving_stones,grade2,129810047,unbekannt
3979,,,,,,,,,,,,,,,,unknown,grade3,129810048,unbekannt
3980,,,,,,,,,,,,,,,,gravel,grade2,129889756,mineralisch
3981,,,,,,,,,,,,,,,,asphalt,unknown,129889757,versiegelt
3982,,,,,,,,,,,,,,,,unknown,unknown,129889759,unbekannt
3983,,,,,,,,,,,,,,,,paving_stones,unknown,129889761,unbekannt
3984,,,,,,,,,,,,,,,,asphalt,unknown,129889762,versiegelt
3985,,,,,,,,,,,,,,,,cobblestone,unknown,129919739,unbekannt
3986,,,,,,,,,,,,,,,,paving_stones,unknown,129919740,unbekannt
3987,,,,,,,,,,,,,,,,asphalt,unknown,129919741,versiegelt
3988,,,,,,,,,,,,,,,,cobblestone,unknown,129919742,unbekannt
3989,,,,,,,,,,,,,,,,asphalt,unknown,129919743,versiegelt
3990,,,,,,,,,,,,,,,,cobblestone,unknown,129919745,unbekannt
3991,,,,,,,,,,,,,,,,cobblestone,unknown,129919747,unbekannt
3992,,,,,,,,,,,,,,,,paving_stones,unknown,129919748,unbekannt
3993,,,,,,,,,,,,,,,,cobblestone,unknown,129919749,unbekannt
3994,,,,,,,,,,,,,,,,cobblestone,unknown,129919750,unbekannt
3995,,,,,,,,,,,,,,,,cobblestone,unknown,129919754,unbekannt
3996,,,,,,,,,,,,,,,,cobblestone,unknown,129919755,unbekannt
3997,,,,,,,,,,,,,,,,cobblestone,unknown,129919756,unbekannt
3998,,,,,,,,,,,,,,,,cobblestone,unknown,129919757,unbekannt
3999,,,,,,,,,,,,,,,,cobblestone,unknown,129919758,unbekannt
4000,,,,,,,,,,,,,,,,paving_stones,unknown,129919759,unbekannt
4001,,,,,,,,,,,,,,,,gravel,grade2,129998822,mineralisch
4002,,,,,,,,,,,,,,,,gravel,grade3,129998823,mineralisch
4003,,,,,,,,,,,,,,,,asphalt,unknown,130034504,versiegelt
4004,,,,,,,,,,,,,,,,grass,unknown,130034505,begrünt_erdig
4005,,,,,,,,,,,,,,,,gravel,grade2,130429367,mineralisch
4006,,,,,,,,,,,,,,,,compacted,grade2,130429683,mineralisch
4007,,,,,,,,,,,,,,,,unknown,unknown,130580810,unbekannt
4008,,,,,,,,,,,,,,,,asphalt,grade1,130678350,versiegelt
4009,,,,,,,,,,,,,,,,gravel,grade2,130792282,mineralisch
4010,,,,,,,,,,,,,,,,ground,unknown,130792286,unbekannt
4011,,,,,,,,,,,,,,,,grass,unknown,130792288,begrünt_erdig
4012,,,,,,,,,,,,,,,,asphalt,grade1,130792289,versiegelt
4013,,,,,,,,,,,,,,,,ground,unknown,130792290,unbekannt
4014,,,,,,,,,,,,,,,,ground,unknown,130792291,unbekannt
4015,,,,,,,,,,,,,,,,pebblestone,unknown,130792292,unbekannt
4016,,,,,,,,,,,,,,,,asphalt,grade2,130792295,versiegelt
4017,,,,,,,,,,,,,,,,asphalt,grade1,130792296,versiegelt
4018,,,,,,,,,,,,,,,,ground,unknown,130792298,unbekannt
4019,,,,,,,,,,,,,,,,ground,unknown,130792301,unbekannt
4020,,,,,,,,,,,,,,,,asphalt,grade1,130792302,versiegelt
4021,,,,,,,,,,,,,,,,wood,unknown,130792303,unbekannt
4022,,,,,,,,,,,,,,,,ground,unknown,130792304,unbekannt
4023,,,,,,,,,,,,,,,,asphalt,grade2,130792305,versiegelt
4024,,,,,,,,,,,,,,,,ground,unknown,130792306,unbekannt
4025,,,,,,,,,,,,,,,,concrete,grade2,130792307,versiegelt
4026,,,,,,,,,,,,,,,,asphalt,grade2,130792308,versiegelt
4027,,,,,,,,,,,,,,,,pebblestone,grade2,130792309,unbekannt
4028,,,,,,,,,,,,,,,,concrete,grade2,130792310,versiegelt
4029,,,,,,,,,,,,,,,,ground,unknown,130792313,unbekannt
4030,,,,,,,,,,,,,,,,fine_gravel,grade4,130792316,mineralisch
4031,,,,,,,,,,,,,,,,asphalt,unknown,130792317,versiegelt
4032,,,,,,,,,,,,,,,,fine_gravel,grade2,130792318,mineralisch
4033,,,,,,,,,,,,,,,,asphalt,unknown,130792320,versiegelt
4034,,,,,,,,,,,,,,,,asphalt,grade2,130792322,versiegelt
4035,,,,,,,,,,,,,,,,asphalt,unknown,130792323,versiegelt
4036,,,,,,,,,,,,,,,,ground,unknown,130792324,unbekannt
4037,,,,,,,,,,,,,,,,pebblestone,grade3,130792325,unbekannt
4038,,,,,,,,,,,,,,,,grass,grade4,130792326,begrünt_erdig
4039,,,,,,,,,,,,,,,,asphalt,grade3,130792327,versiegelt
4040,,,,,,,,,,,,,,,,asphalt,unknown,130792328,versiegelt
4041,,,,,,,,,,,,,,,,asphalt,grade1,130792329,versiegelt
4042,,,,,,,,,,,,,,,,asphalt,grade1,130905982,versiegelt
4043,,,,,,,,,,,,,,,,asphalt,grade1,130905983,versiegelt
4044,,,,,,,,,,,,,,,,asphalt,unknown,130905984,versiegelt
4045,,,,,,,,,,,,,,,,asphalt,unknown,130905988,versiegelt
4046,,,,,,,,,,,,,,,,wood,grade3,130905989,unbekannt
4047,,,,,,,,,,,,,,,,wood,unknown,130905990,unbekannt
4048,,,,,,,,,,,,,,,,pebblestone,grade2,130905993,unbekannt
4049,,,,,,,,,,,,,,,,ground,unknown,130905994,unbekannt
4050,,,,,,,,,,,,,,,,unpaved,unknown,130905996,mineralisch
4051,,,,,,,,,,,,,,,,compacted,unknown,130905998,mineralisch
4052,,,,,,,,,,,,,,,,pebblestone,unknown,130905999,unbekannt
4053,,,,,,,,,,,,,,,,asphalt,grade2,130906003,versiegelt
4054,,,,,,,,,,,,,,,,grass,grade3,130906004,begrünt_erdig
4055,,,,,,,,,,,,,,,,unknown,unknown,131075456,unbekannt
4056,,,,,,,,,,,,,,,,grass,unknown,131075460,begrünt_erdig
4057,,,,,,,,,,,,,,,,unknown,unknown,131199246,unbekannt
4058,,,,,,,,,,,,,,,,asphalt,unknown,131199247,versiegelt
4059,,,,,,,,,,,,,,,,gravel,grade4,131199248,mineralisch
4060,,,,,,,,,,,,,,,,asphalt,grade1,131238387,versiegelt
4061,,,,,,,,,,,,,,,,gravel,grade2,131238388,mineralisch
4062,,,,,,,,,,,,,,,,asphalt,grade1,131238389,versiegelt
4063,,,,,,,,,,,,,,,,grass,grade4,131238390,begrünt_erdig
4064,,,,,,,,,,,,,,,,grass,grade5,131238391,begrünt_erdig
4065,,,,,,,,,,,,,,,,asphalt,grade1,131238392,versiegelt
4066,,,,,,,,,,,,,,,,asphalt,grade1,131238393,versiegelt
4067,,,,,,,,,,,,,,,,gravel,unknown,131238394,mineralisch
4068,,,,,,,,,,,,,,,,asphalt,grade1,131238395,versiegelt
4069,,,,,,,,,,,,,,,,gravel,grade4,131238399,mineralisch
4070,,,,,,,,,,,,,,,,asphalt,grade1,131238400,versiegelt
4071,,,,,,,,,,,,,,,,asphalt,grade1,131238401,versiegelt
4072,,,,,,,,,,,,,,,,asphalt,grade1,131269919,versiegelt
4073,,,,,,,,,,,,,,,,asphalt,grade1,131351297,versiegelt
4074,,,,,,,,,,,,,,,,gravel,grade2,131351301,mineralisch
4075,,,,,,,,,,,,,,,,asphalt,grade1,131351302,versiegelt
4076,,,,,,,,,,,,,,,,asphalt,grade1,131351303,versiegelt
4077,,,,,,,,,,,,,,,,asphalt,grade1,131351304,versiegelt
4078,,,,,,,,,,,,,,,,asphalt,grade1,131351305,versiegelt
4079,,,,,,,,,,,,,,,,asphalt,unknown,131351306,versiegelt
4080,,,,,,,,,,,,,,,,grass,grade5,131351308,begrünt_erdig
4081,,,,,,,,,,,,,,,,gravel,grade2,131351310,mineralisch
4082,,,,,,,,,,,,,,,,asphalt,grade1,131351311,versiegelt
4083,,,,,,,,,,,,,,,,grass,grade5,131351312,begrünt_erdig
4084,,,,,,,,,,,,,,,,grass,grade5,131351313,begrünt_erdig
4085,,,,,,,,,,,,,,,,asphalt,grade1,131351314,versiegelt
4086,,,,,,,,,,,,,,,,grass,grade5,131351316,begrünt_erdig
4087,,,,,,,,,,,,,,,,grass,grade5,131351317,begrünt_erdig
4088,,,,,,,,,,,,,,,,gravel,grade2,131351320,mineralisch
4089,,,,,,,,,,,,,,,,asphalt,grade1,131351323,versiegelt
4090,,,,,,,,,,,,,,,,ground,grade3,131351324,unbekannt
4091,,,,,,,,,,,,,,,,unknown,grade3,131351325,unbekannt
4092,,,,,,,,,,,,,,,,grass,grade4,131351326,begrünt_erdig
4093,,,,,,,,,,,,,,,,gravel,grade2,131351327,mineralisch
4094,,,,,,,,,,,,,,,,grass,grade5,131351328,begrünt_erdig
4095,,,,,,,,,,,,,,,,grass,grade5,131351329,begrünt_erdig
4096,,,,,,,,,,,,,,,,grass,grade5,131351330,begrünt_erdig
4097,,,,,,,,,,,,,,,,asphalt,unknown,131480716,versiegelt
4098,,,,,,,,,,,,,,,,gravel,grade2,131480720,mineralisch
4099,,,,,,,,,,,,,,,,asphalt,grade1,131480723,versiegelt
4100,,,,,,,,,,,,,,,,gravel,grade2,131480724,mineralisch
4101,,,,,,,,,,,,,,,,asphalt-grass-asphalt,grade1,131555334,unbekannt
4102,,,,,,,,,,,,,,,,asphalt-grass-asphalt,grade1,131555335,unbekannt
4103,,,,,,,,,,,,,,,,asphalt,grade1,131555336,versiegelt
4104,,,,,,,,,,,,,,,,asphalt-grass-asphalt,grade1,131555337,unbekannt
4105,,,,,,,,,,,,,,,,asphalt,grade1,131555338,versiegelt
4106,,,,,,,,,,,,,,,,asphalt,grade1,131555339,versiegelt
4107,,,,,,,,,,,,,,,,grass,grade5,131555340,begrünt_erdig
4108,,,,,,,,,,,,,,,,asphalt-grass-asphalt,grade1,131555341,unbekannt
4109,,,,,,,,,,,,,,,,asphalt,grade1,131555342,versiegelt
4110,,,,,,,,,,,,,,,,asphalt;paving_stones,grade1,131555343,unbekannt
4111,,,,,,,,,,,,,,,,asphalt,unknown,131555344,versiegelt
4112,,,,,,,,,,,,,,,,asphalt,unknown,131555345,versiegelt
4113,,,,,,,,,,,,,,,,asphalt-grass-asphalt,grade1,131555346,unbekannt
4114,,,,,,,,,,,,,,,,paving_stones,unknown,131688402,unbekannt
4115,,,,,,,,,,,,,,,,grass,grade5,132012248,begrünt_erdig
4116,,,,,,,,,,,,,,,,gravel,grade2,132012250,mineralisch
4117,,,,,,,,,,,,,,,,ground,grade3,132012253,unbekannt
4118,,,,,,,,,,,,,,,,ground,grade4,132012260,unbekannt
4119,,,,,,,,,,,,,,,,cobblestone,grade2,132012262,unbekannt
4120,,,,,,,,,,,,,,,,ground,grade3,132012266,unbekannt
4121,,,,,,,,,,,,,,,,unknown,grade4,132012268,unbekannt
4122,,,,,,,,,,,,,,,,ground,unknown,132012275,unbekannt
4123,,,,,,,,,,,,,,,,gravel,grade2,132012280,mineralisch
4124,,,,,,,,,,,,,,,,unknown,grade2,132012281,unbekannt
4125,,,,,,,,,,,,,,,,asphalt,grade1,132012283,versiegelt
4126,,,,,,,,,,,,,,,,grass,unknown,132012286,begrünt_erdig
4127,,,,,,,,,,,,,,,,grass,grade5,132124424,begrünt_erdig
4128,,,,,,,,,,,,,,,,gravel,grade2,132124425,mineralisch
4129,,,,,,,,,,,,,,,,grass,grade5,132124426,begrünt_erdig
4130,,,,,,,,,,,,,,,,gravel,unknown,132124427,mineralisch
4131,,,,,,,,,,,,,,,,ground,grade5,132124428,unbekannt
4132,,,,,,,,,,,,,,,,gravel,grade2,132124429,mineralisch
4133,,,,,,,,,,,,,,,,gravel,grade2,132124430,mineralisch
4134,,,,,,,,,,,,,,,,fine_gravel,grade2,132124431,mineralisch
4135,,,,,,,,,,,,,,,,gravel,grade2,132124432,mineralisch
4136,,,,,,,,,,,,,,,,paving_stones,unknown,132124433,unbekannt
4137,,,,,,,,,,,,,,,,grass,grade5,132124434,begrünt_erdig
4138,,,,,,,,,,,,,,,,gravel,grade2,132124435,mineralisch
4139,,,,,,,,,,,,,,,,grass,grade5,132124436,begrünt_erdig
4140,,,,,,,,,,,,,,,,cobblestone,grade2,132124437,unbekannt
4141,,,,,,,,,,,,,,,,grass,grade5,132124438,begrünt_erdig
4142,,,,,,,,,,,,,,,,gravel,grade2,132124439,mineralisch
4143,,,,,,,,,,,,,,,,gravel,grade2,132124440,mineralisch
4144,,,,,,,,,,,,,,,,grass,grade5,132124441,begrünt_erdig
4145,,,,,,,,,,,,,,,,grass,grade5,132124442,begrünt_erdig
4146,,,,,,,,,,,,,,,,ground,grade5,132124443,unbekannt
4147,,,,,,,,,,,,,,,,grass,grade5,132250713,begrünt_erdig
4148,,,,,,,,,,,,,,,,grass,grade5,132250714,begrünt_erdig
4149,,,,,,,,,,,,,,,,asphalt,grade1,132547260,versiegelt
4150,,,,,,,,,,,,,,,,asphalt,grade1,132547261,versiegelt
4151,,,,,,,,,,,,,,,,gravel,grade2,132547262,mineralisch
4152,,,,,,,,,,,,,,,,asphalt,grade1,132547263,versiegelt
4153,,,,,,,,,,,,,,,,asphalt,grade1,132547264,versiegelt
4154,,,,,,,,,,,,,,,,gravel,grade1,132659581,mineralisch
4155,,,,,,,,,,,,,,,,asphalt-grass-asphalt,grade1,132659584,unbekannt
4156,,,,,,,,,,,,,,,,asphalt,grade1,132659586,versiegelt
4157,,,,,,,,,,,,,,,,asphalt-grass-asphalt,grade1,132659587,unbekannt
4158,,,,,,,,,,,,,,,,asphalt,grade1,132659590,versiegelt
4159,,,,,,,,,,,,,,,,asphalt-grass-asphalt,grade1,132659592,unbekannt
4160,,,,,,,,,,,,,,,,grass,grade5,132659593,begrünt_erdig
4161,,,,,,,,,,,,,,,,grass,grade5,132680918,begrünt_erdig
4162,,,,,,,,,,,,,,,,gravel,grade2,132975837,mineralisch
4163,,,,,,,,,,,,,,,,ground,grade4,133101713,unbekannt
4164,,,,,,,,,,,,,,,,gravel,grade4,133101714,mineralisch
4165,,,,,,,,,,,,,,,,ground,grade4,133101715,unbekannt
4166,,,,,,,,,,,,,,,,grass,grade5,133101722,begrünt_erdig
4167,,,,,,,,,,,,,,,,grass,grade5,133101723,begrünt_erdig
4168,,,,,,,,,,,,,,,,ground,grade4,133101726,unbekannt
4169,,,,,,,,,,,,,,,,gravel,grade2,133101727,mineralisch
4170,,,,,,,,,,,,,,,,asphalt,grade1,133101728,versiegelt
4171,,,,,,,,,,,,,,,,grass,grade5,133101731,begrünt_erdig
4172,,,,,,,,,,,,,,,,unpaved,grade3,133507613,mineralisch
4173,,,,,,,,,,,,,,,,unpaved,grade4,133514861,mineralisch
4174,,,,,,,,,,,,,,,,unpaved,unknown,133514863,mineralisch
4175,,,,,,,,,,,,,,,,grass,unknown,133516087,begrünt_erdig
4176,,,,,,,,,,,,,,,,asphalt,grade1,133516698,versiegelt
4177,,,,,,,,,,,,,,,,asphalt,grade1,133517264,versiegelt
4178,,,,,,,,,,,,,,,,compacted,grade3,133517265,mineralisch
4179,,,,,,,,,,,,,,,,gravel,grade2,133542348,mineralisch
4180,,,,,,,,,,,,,,,,asphalt,grade1,133542349,versiegelt
4181,,,,,,,,,,,,,,,,ground,grade3,133542351,unbekannt
4182,,,,,,,,,,,,,,,,gravel,grade2,133542352,mineralisch
4183,,,,,,,,,,,,,,,,asphalt,grade1,133542353,versiegelt
4184,,,,,,,,,,,,,,,,grass,grade5,133542354,begrünt_erdig
4185,,,,,,,,,,,,,,,,asphalt,grade1,133542355,versiegelt
4186,,,,,,,,,,,,,,,,grass,grade5,133542357,begrünt_erdig
4187,,,,,,,,,,,,,,,,unknown,unknown,133542358,unbekannt
4188,,,,,,,,,,,,,,,,asphalt,grade1,133542360,versiegelt
4189,,,,,,,,,,,,,,,,gravel,grade2,133542361,mineralisch
4190,,,,,,,,,,,,,,,,grass,grade5,133542362,begrünt_erdig
4191,,,,,,,,,,,,,,,,earth,unknown,133542363,unbekannt
4192,,,,,,,,,,,,,,,,grass,grade5,133542364,begrünt_erdig
4193,,,,,,,,,,,,,,,,ground,unknown,133542366,unbekannt
4194,,,,,,,,,,,,,,,,grass,grade5,133542370,begrünt_erdig
4195,,,,,,,,,,,,,,,,grass,grade5,133542371,begrünt_erdig
4196,,,,,,,,,,,,,,,,grass,grade5,133542372,begrünt_erdig
4197,,,,,,,,,,,,,,,,grass,grade5,133542377,begrünt_erdig
4198,,,,,,,,,,,,,,,,grass,grade5,133542379,begrünt_erdig
4199,,,,,,,,,,,,,,,,grass,grade5,133542381,begrünt_erdig
4200,,,,,,,,,,,,,,,,grass,grade5,133542391,begrünt_erdig
4201,,,,,,,,,,,,,,,,unknown,unknown,133542393,unbekannt
4202,,,,,,,,,,,,,,,,grass,grade4,133542398,begrünt_erdig
4203,,,,,,,,,,,,,,,,unknown,unknown,133542400,unbekannt
4204,,,,,,,,,,,,,,,,gravel,grade2,133542403,mineralisch
4205,,,,,,,,,,,,,,,,ground,unknown,133542409,unbekannt
4206,,,,,,,,,,,,,,,,gravel,unknown,133893299,mineralisch
4207,,,,,,,,,,,,,,,,gravel,unknown,133893300,mineralisch
4208,,,,,,,,,,,,,,,,ground,unknown,133893308,unbekannt
4209,,,,,,,,,,,,,,,,ground,unknown,133893309,unbekannt
4210,,,,,,,,,,,,,,,,gravel,unknown,133893310,mineralisch
4211,,,,,,,,,,,,,,,,asphalt,unknown,133893312,versiegelt
4212,,,,,,,,,,,,,,,,compacted,unknown,133893313,mineralisch
4213,,,,,,,,,,,,,,,,grass,grade5,133893314,begrünt_erdig
4214,,,,,,,,,,,,,,,,grass,grade5,134218683,begrünt_erdig
4215,,,,,,,,,,,,,,,,grass,grade5,134218684,begrünt_erdig
4216,,,,,,,,,,,,,,,,grass,grade5,134218685,begrünt_erdig
4217,,,,,,,,,,,,,,,,gravel,grade2,134417879,mineralisch
4218,,,,,,,,,,,,,,,,grass,grade5,134417880,begrünt_erdig
4219,,,,,,,,,,,,,,,,paving_stones,unknown,134565630,unbekannt
4220,,,,,,,,,,,,,,,,compacted,unknown,134565631,mineralisch
4221,,,,,,,,,,,,,,,,asphalt,grade1,134565632,versiegelt
4222,,,,,,,,,,,,,,,,asphalt,grade1,134836668,versiegelt
4223,,,,,,,,,,,,,,,,unknown,grade5,134949134,unbekannt
4224,,,,,,,,,,,,,,,,asphalt,grade1,135088292,versiegelt
4225,,,,,,,,,,,,,,,,asphalt,grade1,135088302,versiegelt
4226,,,,,,,,,,,,,,,,asphalt,grade1,135088316,versiegelt
4227,,,,,,,,,,,,,,,,asphalt,grade1,135088317,versiegelt
4228,,,,,,,,,,,,,,,,gravel,unknown,135227689,mineralisch
4229,,,,,,,,,,,,,,,,gravel,grade3,135227691,mineralisch
4230,,,,,,,,,,,,,,,,asphalt,grade1,135227692,versiegelt
4231,,,,,,,,,,,,,,,,unknown,unknown,135227693,unbekannt
4232,,,,,,,,,,,,,,,,grass,grade4,135227694,begrünt_erdig
4233,,,,,,,,,,,,,,,,sett,grade1,135227695,unbekannt
4234,,,,,,,,,,,,,,,,ground,grade5,135245043,unbekannt
4235,,,,,,,,,,,,,,,,compacted,grade2,135245044,mineralisch
4236,,,,,,,,,,,,,,,,asphalt,unknown,135309234,versiegelt
4237,,,,,,,,,,,,,,,,gravel,grade3,135309244,mineralisch
4238,,,,,,,,,,,,,,,,unknown,grade3,135332343,unbekannt
4239,,,,,,,,,,,,,,,,unknown,unknown,135332394,unbekannt
4240,,,,,,,,,,,,,,,,unknown,unknown,135332397,unbekannt
4241,,,,,,,,,,,,,,,,gravel,grade2,135332727,mineralisch
4242,,,,,,,,,,,,,,,,compacted,grade2,135332731,mineralisch
4243,,,,,,,,,,,,,,,,unpaved,grade2,135332801,mineralisch
4244,,,,,,,,,,,,,,,,ground,unknown,135332807,unbekannt
4245,,,,,,,,,,,,,,,,compacted,grade2,135335079,mineralisch
4246,,,,,,,,,,,,,,,,compacted,grade2,135335087,mineralisch
4247,,,,,,,,,,,,,,,,grass,grade5,135335090,begrünt_erdig
4248,,,,,,,,,,,,,,,,ground,grade4,135335091,unbekannt
4249,,,,,,,,,,,,,,,,ground,grade3,135335092,unbekannt
4250,,,,,,,,,,,,,,,,unknown,grade2,135335094,unbekannt
4251,,,,,,,,,,,,,,,,asphalt,grade1,135335095,versiegelt
4252,,,,,,,,,,,,,,,,grass,unknown,135335096,begrünt_erdig
4253,,,,,,,,,,,,,,,,unknown,unknown,135335097,unbekannt
4254,,,,,,,,,,,,,,,,unknown,unknown,135335098,unbekannt
4255,,,,,,,,,,,,,,,,unknown,grade4,135335099,unbekannt
4256,,,,,,,,,,,,,,,,unknown,grade4,135335100,unbekannt
4257,,,,,,,,,,,,,,,,unknown,grade4,135335101,unbekannt
4258,,,,,,,,,,,,,,,,unknown,grade5,135335102,unbekannt
4259,,,,,,,,,,,,,,,,unpaved,grade3,135335103,mineralisch
4260,,,,,,,,,,,,,,,,concrete:plates,grade1,135335922,unbekannt
4261,,,,,,,,,,,,,,,,gravel,unknown,135672370,mineralisch
4262,,,,,,,,,,,,,,,,compacted,grade3,135672371,mineralisch
4263,,,,,,,,,,,,,,,,ground,grade3,135672374,unbekannt
4264,,,,,,,,,,,,,,,,asphalt,grade1,135693011,versiegelt
4265,,,,,,,,,,,,,,,,fine_gravel,grade2,135693012,mineralisch
4266,,,,,,,,,,,,,,,,compacted,unknown,135807627,mineralisch
4267,,,,,,,,,,,,,,,,unknown,unknown,135807628,unbekannt
4268,,,,,,,,,,,,,,,,unknown,unknown,135807629,unbekannt
4269,,,,,,,,,,,,,,,,unknown,unknown,135807630,unbekannt
4270,,,,,,,,,,,,,,,,compacted,grade2,135807631,mineralisch
4271,,,,,,,,,,,,,,,,paved,grade1,135807632,versiegelt
4272,,,,,,,,,,,,,,,,unknown,unknown,135807633,unbekannt
4273,,,,,,,,,,,,,,,,asphalt,unknown,135887265,versiegelt
4274,,,,,,,,,,,,,,,,asphalt,unknown,135887266,versiegelt
4275,,,,,,,,,,,,,,,,unknown,grade3,135887268,unbekannt
4276,,,,,,,,,,,,,,,,gravel,grade4,135887269,mineralisch
4277,,,,,,,,,,,,,,,,asphalt,grade1,135887270,versiegelt
4278,,,,,,,,,,,,,,,,paving_stones,unknown,135996161,unbekannt
4279,,,,,,,,,,,,,,,,unknown,unknown,135996162,unbekannt
4280,,,,,,,,,,,,,,,,asphalt,grade1,136110494,versiegelt
4281,,,,,,,,,,,,,,,,gravel,grade3,136110500,mineralisch
4282,,,,,,,,,,,,,,,,asphalt,grade1,136110503,versiegelt
4283,,,,,,,,,,,,,,,,asphalt,grade1,136666773,versiegelt
4284,,,,,,,,,,,,,,,,unknown,grade3,136666776,unbekannt
4285,,,,,,,,,,,,,,,,gravel,grade2,137152559,mineralisch
4286,,,,,,,,,,,,,,,,paving_stones,unknown,137152569,unbekannt
4287,,,,,,,,,,,,,,,,asphalt,unknown,137728533,versiegelt
4288,,,,,,,,,,,,,,,,asphalt,unknown,137728534,versiegelt
4289,,,,,,,,,,,,,,,,asphalt,unknown,137728536,versiegelt
4290,,,,,,,,,,,,,,,,unknown,unknown,138236963,unbekannt
4291,,,,,,,,,,,,,,,,grass,grade2,138591092,begrünt_erdig
4292,,,,,,,,,,,,,,,,asphalt,unknown,139521542,versiegelt
4293,,,,,,,,,,,,,,,,asphalt,unknown,139521544,versiegelt
4294,,,,,,,,,,,,,,,,gravel,grade3,139521546,mineralisch
4295,,,,,,,,,,,,,,,,gravel,grade3,139521547,mineralisch
4296,,,,,,,,,,,,,,,,asphalt,unknown,139521548,versiegelt
4297,,,,,,,,,,,,,,,,unknown,unknown,139531043,unbekannt
4298,,,,,,,,,,,,,,,,unknown,unknown,139531044,unbekannt
4299,,,,,,,,,,,,,,,,gravel,grade3,139531045,mineralisch
4300,,,,,,,,,,,,,,,,unknown,unknown,139531046,unbekannt
4301,,,,,,,,,,,,,,,,unknown,grade3,139531047,unbekannt
4302,,,,,,,,,,,,,,,,unknown,grade5,139531048,unbekannt
4303,,,,,,,,,,,,,,,,gravel,grade2,139531057,mineralisch
4304,,,,,,,,,,,,,,,,gravel,grade2,139531058,mineralisch
4305,,,,,,,,,,,,,,,,sett,unknown,139754144,unbekannt
4306,,,,,,,,,,,,,,,,unknown,unknown,139754151,unbekannt
4307,,,,,,,,,,,,,,,,unknown,unknown,139754155,unbekannt
4308,,,,,,,,,,,,,,,,asphalt,grade1,139761253,versiegelt
4309,,,,,,,,,,,,,,,,asphalt,grade2,139761259,versiegelt
4310,,,,,,,,,,,,,,,,unknown,grade1,139761268,unbekannt
4311,,,,,,,,,,,,,,,,unknown,grade3,139761270,unbekannt
4312,,,,,,,,,,,,,,,,unknown,grade1,139761280,unbekannt
4313,,,,,,,,,,,,,,,,unknown,grade2,139761287,unbekannt
4314,,,,,,,,,,,,,,,,asphalt,unknown,139844688,versiegelt
4315,,,,,,,,,,,,,,,,asphalt,unknown,139844706,versiegelt
4316,,,,,,,,,,,,,,,,asphalt,unknown,139844707,versiegelt
4317,,,,,,,,,,,,,,,,asphalt,unknown,139844708,versiegelt
4318,,,,,,,,,,,,,,,,asphalt,unknown,139844709,versiegelt
4319,,,,,,,,,,,,,,,,gravel,grade2,139844712,mineralisch
4320,,,,,,,,,,,,,,,,asphalt,grade1,139844713,versiegelt
4321,,,,,,,,,,,,,,,,unknown,grade1,139844714,unbekannt
4322,,,,,,,,,,,,,,,,unknown,unknown,139844715,unbekannt
4323,,,,,,,,,,,,,,,,unknown,grade1,139844716,unbekannt
4324,,,,,,,,,,,,,,,,unknown,unknown,139844717,unbekannt
4325,,,,,,,,,,,,,,,,asphalt,grade1,139844718,versiegelt
4326,,,,,,,,,,,,,,,,gravel,grade2,139844719,mineralisch
4327,,,,,,,,,,,,,,,,asphalt,grade1,139844720,versiegelt
4328,,,,,,,,,,,,,,,,grass,grade5,139844721,begrünt_erdig
4329,,,,,,,,,,,,,,,,asphalt,grade1,139844722,versiegelt
4330,,,,,,,,,,,,,,,,ground,grade4,139844723,unbekannt
4331,,,,,,,,,,,,,,,,asphalt,grade1,139844724,versiegelt
4332,,,,,,,,,,,,,,,,paving_stones,unknown,139844725,unbekannt
4333,,,,,,,,,,,,,,,,unknown,unknown,139844726,unbekannt
4334,,,,,,,,,,,,,,,,unknown,grade1,139844727,unbekannt
4335,,,,,,,,,,,,,,,,asphalt,grade1,139844728,versiegelt
4336,,,,,,,,,,,,,,,,grass,grade5,139844729,begrünt_erdig
4337,,,,,,,,,,,,,,,,grass,grade5,139844730,begrünt_erdig
4338,,,,,,,,,,,,,,,,grass,grade5,139844732,begrünt_erdig
4339,,,,,,,,,,,,,,,,grass,grade5,139844733,begrünt_erdig
4340,,,,,,,,,,,,,,,,asphalt,grade1,139844734,versiegelt
4341,,,,,,,,,,,,,,,,asphalt,grade1,139844738,versiegelt
4342,,,,,,,,,,,,,,,,grass,grade5,139844739,begrünt_erdig
4343,,,,,,,,,,,,,,,,ground,grade4,139844743,unbekannt
4344,,,,,,,,,,,,,,,,asphalt,grade1,139844744,versiegelt
4345,,,,,,,,,,,,,,,,asphalt,grade1,139844746,versiegelt
4346,,,,,,,,,,,,,,,,pebblestone,unknown,139857320,unbekannt
4347,,,,,,,,,,,,,,,,asphalt,unknown,140134000,versiegelt
4348,,,,,,,,,,,,,,,,gravel,grade2,140134034,mineralisch
4349,,,,,,,,,,,,,,,,asphalt,unknown,140134036,versiegelt
4350,,,,,,,,,,,,,,,,asphalt,unknown,140134038,versiegelt
4351,,,,,,,,,,,,,,,,unknown,unknown,140134039,unbekannt
4352,,,,,,,,,,,,,,,,asphalt,unknown,140136787,versiegelt
4353,,,,,,,,,,,,,,,,unknown,unknown,140136788,unbekannt
4354,,,,,,,,,,,,,,,,asphalt,unknown,140297514,versiegelt
4355,,,,,,,,,,,,,,,,asphalt,grade1,140377509,versiegelt
4356,,,,,,,,,,,,,,,,asphalt,grade1,140377513,versiegelt
4357,,,,,,,,,,,,,,,,compacted,grade2,140377515,mineralisch
4358,,,,,,,,,,,,,,,,unknown,unknown,140422392,unbekannt
4359,,,,,,,,,,,,,,,,unknown,unknown,140422394,unbekannt
4360,,,,,,,,,,,,,,,,asphalt,unknown,140897532,versiegelt
4361,,,,,,,,,,,,,,,,asphalt,unknown,140897534,versiegelt
4362,,,,,,,,,,,,,,,,unknown,grade1,140897536,unbekannt
4363,,,,,,,,,,,,,,,,asphalt,unknown,140897543,versiegelt
4364,,,,,,,,,,,,,,,,unknown,unknown,140897551,unbekannt
4365,,,,,,,,,,,,,,,,asphalt,unknown,140897553,versiegelt
4366,,,,,,,,,,,,,,,,asphalt,unknown,140897554,versiegelt
4367,,,,,,,,,,,,,,,,asphalt,unknown,140897568,versiegelt
4368,,,,,,,,,,,,,,,,unknown,grade2,140897575,unbekannt
4369,,,,,,,,,,,,,,,,unknown,unknown,140907775,unbekannt
4370,,,,,,,,,,,,,,,,unknown,unknown,140907776,unbekannt
4371,,,,,,,,,,,,,,,,unknown,unknown,140907777,unbekannt
4372,,,,,,,,,,,,,,,,unknown,unknown,140907778,unbekannt
4373,,,,,,,,,,,,,,,,unknown,unknown,140907779,unbekannt
4374,,,,,,,,,,,,,,,,unknown,unknown,140907780,unbekannt
4375,,,,,,,,,,,,,,,,unknown,unknown,140907781,unbekannt
4376,,,,,,,,,,,,,,,,asphalt,unknown,140907782,versiegelt
4377,,,,,,,,,,,,,,,,unknown,unknown,140907784,unbekannt
4378,,,,,,,,,,,,,,,,unknown,unknown,140912075,unbekannt
4379,,,,,,,,,,,,,,,,asphalt,unknown,140912077,versiegelt
4380,,,,,,,,,,,,,,,,asphalt,grade1,141109512,versiegelt
4381,,,,,,,,,,,,,,,,asphalt,unknown,141139305,versiegelt
4382,,,,,,,,,,,,,,,,asphalt,grade1,141146759,versiegelt
4383,,,,,,,,,,,,,,,,asphalt,grade1,141147086,versiegelt
4384,,,,,,,,,,,,,,,,compacted,grade2,141147474,mineralisch
4385,,,,,,,,,,,,,,,,fine_gravel,grade2,141147475,mineralisch
4386,,,,,,,,,,,,,,,,paving_stones,unknown,141219230,unbekannt
4387,,,,,,,,,,,,,,,,asphalt,unknown,141239739,versiegelt
4388,,,,,,,,,,,,,,,,fine_gravel,grade3,141401167,mineralisch
4389,,,,,,,,,,,,,,,,unknown,unknown,141446077,unbekannt
4390,,,,,,,,,,,,,,,,asphalt,unknown,141446081,versiegelt
4391,,,,,,,,,,,,,,,,asphalt,unknown,141446082,versiegelt
4392,,,,,,,,,,,,,,,,asphalt,unknown,141446086,versiegelt
4393,,,,,,,,,,,,,,,,asphalt,unknown,141481166,versiegelt
4394,,,,,,,,,,,,,,,,gravel,grade3,141481179,mineralisch
4395,,,,,,,,,,,,,,,,asphalt,unknown,141481187,versiegelt
4396,,,,,,,,,,,,,,,,asphalt,unknown,141481190,versiegelt
4397,,,,,,,,,,,,,,,,unknown,unknown,141481194,unbekannt
4398,,,,,,,,,,,,,,,,cobblestone,unknown,141481195,unbekannt
4399,,,,,,,,,,,,,,,,asphalt,unknown,141571375,versiegelt
4400,,,,,,,,,,,,,,,,ground,grade2,141571376,unbekannt
4401,,,,,,,,,,,,,,,,asphalt,unknown,141627594,versiegelt
4402,,,,,,,,,,,,,,,,asphalt,unknown,141627596,versiegelt
4403,,,,,,,,,,,,,,,,asphalt,unknown,141627599,versiegelt
4404,,,,,,,,,,,,,,,,asphalt,unknown,141627600,versiegelt
4405,,,,,,,,,,,,,,,,asphalt,unknown,141627602,versiegelt
4406,,,,,,,,,,,,,,,,asphalt,unknown,141632731,versiegelt
4407,,,,,,,,,,,,,,,,paving_stones,unknown,141632736,unbekannt
4408,,,,,,,,,,,,,,,,unknown,grade3,141697922,unbekannt
4409,,,,,,,,,,,,,,,,asphalt,unknown,141766409,versiegelt
4410,,,,,,,,,,,,,,,,unknown,unknown,141775792,unbekannt
4411,,,,,,,,,,,,,,,,paving_stones,unknown,141775794,unbekannt
4412,,,,,,,,,,,,,,,,paving_stones,unknown,141775801,unbekannt
4413,,,,,,,,,,,,,,,,cobblestone,unknown,141775806,unbekannt
4414,,,,,,,,,,,,,,,,asphalt,unknown,141870148,versiegelt
4415,,,,,,,,,,,,,,,,asphalt,unknown,141870190,versiegelt
4416,,,,,,,,,,,,,,,,asphalt,unknown,141870192,versiegelt
4417,,,,,,,,,,,,,,,,ground,grade3,141870204,unbekannt
4418,,,,,,,,,,,,,,,,unknown,unknown,141879015,unbekannt
4419,,,,,,,,,,,,,,,,unknown,grade3,141879045,unbekannt
4420,,,,,,,,,,,,,,,,asphalt,unknown,141879049,versiegelt
4421,,,,,,,,,,,,,,,,paving_stones,unknown,141891521,unbekannt
4422,,,,,,,,,,,,,,,,unknown,unknown,141891525,unbekannt
4423,,,,,,,,,,,,,,,,unknown,unknown,141953888,unbekannt
4424,,,,,,,,,,,,,,,,asphalt,unknown,141953914,versiegelt
4425,,,,,,,,,,,,,,,,paving_stones,unknown,142184270,unbekannt
4426,,,,,,,,,,,,,,,,ground,grade4,142189371,unbekannt
4427,,,,,,,,,,,,,,,,asphalt,unknown,142189411,versiegelt
4428,,,,,,,,,,,,,,,,asphalt,unknown,142189457,versiegelt
4429,,,,,,,,,,,,,,,,asphalt,unknown,142309223,versiegelt
4430,,,,,,,,,,,,,,,,paving_stones,unknown,142311247,unbekannt
4431,,,,,,,,,,,,,,,,unknown,unknown,142311255,unbekannt
4432,,,,,,,,,,,,,,,,asphalt,unknown,142973196,versiegelt
4433,,,,,,,,,,,,,,,,asphalt,unknown,143129548,versiegelt
4434,,,,,,,,,,,,,,,,unknown,unknown,143129549,unbekannt
4435,,,,,,,,,,,,,,,,gravel,grade2,143915192,mineralisch
4436,,,,,,,,,,,,,,,,grass,grade5,144034250,begrünt_erdig
4437,,,,,,,,,,,,,,,,unknown,unknown,144034254,unbekannt
4438,,,,,,,,,,,,,,,,unknown,grade5,144035162,unbekannt
4439,,,,,,,,,,,,,,,,unknown,grade5,144035163,unbekannt
4440,,,,,,,,,,,,,,,,unknown,grade5,144035166,unbekannt
4441,,,,,,,,,,,,,,,,unknown,grade5,144035167,unbekannt
4442,,,,,,,,,,,,,,,,unknown,grade5,144035168,unbekannt
4443,,,,,,,,,,,,,,,,grass,grade5,144544902,begrünt_erdig
4444,,,,,,,,,,,,,,,,grass,grade5,144544903,begrünt_erdig
4445,,,,,,,,,,,,,,,,unknown,unknown,144544905,unbekannt
4446,,,,,,,,,,,,,,,,unknown,grade5,144544906,unbekannt
4447,,,,,,,,,,,,,,,,grass,grade5,144710880,begrünt_erdig
4448,,,,,,,,,,,,,,,,grass,grade5,144710882,begrünt_erdig
4449,,,,,,,,,,,,,,,,unknown,unknown,144710883,unbekannt
4450,,,,,,,,,,,,,,,,unknown,unknown,144710884,unbekannt
4451,,,,,,,,,,,,,,,,grass,grade5,144710885,begrünt_erdig
4452,,,,,,,,,,,,,,,,grass,grade5,144713059,begrünt_erdig
4453,,,,,,,,,,,,,,,,grass,grade5,144713060,begrünt_erdig
4454,,,,,,,,,,,,,,,,grass,grade5,144713061,begrünt_erdig
4455,,,,,,,,,,,,,,,,grass,grade5,144713062,begrünt_erdig
4456,,,,,,,,,,,,,,,,grass,grade5,144713063,begrünt_erdig
4457,,,,,,,,,,,,,,,,grass,grade5,144713064,begrünt_erdig
4458,,,,,,,,,,,,,,,,unknown,unknown,146073812,unbekannt
4459,,,,,,,,,,,,,,,,asphalt,unknown,146825824,versiegelt
4460,,,,,,,,,,,,,,,,paved,grade1,148769089,versiegelt
4461,,,,,,,,,,,,,,,,paved,grade1,148769101,versiegelt
4462,,,,,,,,,,,,,,,,ground,unknown,149488735,unbekannt
4463,,,,,,,,,,,,,,,,ground,unknown,149488736,unbekannt
4464,,,,,,,,,,,,,,,,unknown,unknown,149488737,unbekannt
4465,,,,,,,,,,,,,,,,grass,unknown,149488738,begrünt_erdig
4466,,,,,,,,,,,,,,,,unknown,unknown,149488739,unbekannt
4467,,,,,,,,,,,,,,,,unknown,unknown,149488740,unbekannt
4468,,,,,,,,,,,,,,,,unknown,unknown,149488741,unbekannt
4469,,,,,,,,,,,,,,,,ground,grade5,149488742,unbekannt
4470,,,,,,,,,,,,,,,,compacted,grade1,149488744,mineralisch
4471,,,,,,,,,,,,,,,,unknown,grade4,149488745,unbekannt
4472,,,,,,,,,,,,,,,,unknown,unknown,149488746,unbekannt
4473,,,,,,,,,,,,,,,,unknown,unknown,149488747,unbekannt
4474,,,,,,,,,,,,,,,,gravel,grade2,149781378,mineralisch
4475,,,,,,,,,,,,,,,,gravel,grade2,149781382,mineralisch
4476,,,,,,,,,,,,,,,,gravel,grade2,149781391,mineralisch
4477,,,,,,,,,,,,,,,,wood,unknown,149932472,unbekannt
4478,,,,,,,,,,,,,,,,wood,unknown,149932479,unbekannt
4479,,,,,,,,,,,,,,,,wood,unknown,149932487,unbekannt
4480,,,,,,,,,,,,,,,,wood,unknown,149932489,unbekannt
4481,,,,,,,,,,,,,,,,wood,unknown,149932492,unbekannt
4482,,,,,,,,,,,,,,,,wood,unknown,150063573,unbekannt
4483,,,,,,,,,,,,,,,,gravel,unknown,150063575,mineralisch
4484,,,,,,,,,,,,,,,,gravel,unknown,150063576,mineralisch
4485,,,,,,,,,,,,,,,,wood,unknown,150063577,unbekannt
4486,,,,,,,,,,,,,,,,wood,unknown,150063579,unbekannt
4487,,,,,,,,,,,,,,,,wood,unknown,150276396,unbekannt
4488,,,,,,,,,,,,,,,,gravel,grade2,150276399,mineralisch
4489,,,,,,,,,,,,,,,,gravel,grade2,150276404,mineralisch
4490,,,,,,,,,,,,,,,,gravel,unknown,150276405,mineralisch
4491,,,,,,,,,,,,,,,,gravel,unknown,150276406,mineralisch
4492,,,,,,,,,,,,,,,,gravel,grade2,150276407,mineralisch
4493,,,,,,,,,,,,,,,,wood,unknown,150276408,unbekannt
4494,,,,,,,,,,,,,,,,wood,unknown,150276409,unbekannt
4495,,,,,,,,,,,,,,,,fine_gravel,grade2,151083545,mineralisch
4496,,,,,,,,,,,,,,,,unknown,unknown,152303190,unbekannt
4497,,,,,,,,,,,,,,,,grass,grade5,152326597,begrünt_erdig
4498,,,,,,,,,,,,,,,,asphalt,grade1,152326599,versiegelt
4499,,,,,,,,,,,,,,,,asphalt,grade1,152326600,versiegelt
4500,,,,,,,,,,,,,,,,gravel,grade2,152326601,mineralisch
4501,,,,,,,,,,,,,,,,asphalt,grade1,152472386,versiegelt
4502,,,,,,,,,,,,,,,,grass,grade5,152472387,begrünt_erdig
4503,,,,,,,,,,,,,,,,unknown,grade3,152472388,unbekannt
4504,,,,,,,,,,,,,,,,gravel,grade3,152472389,mineralisch
4505,,,,,,,,,,,,,,,,gravel,grade2,152472391,mineralisch
4506,,,,,,,,,,,,,,,,gravel,grade2,152472392,mineralisch
4507,,,,,,,,,,,,,,,,gravel,grade2,152472393,mineralisch
4508,,,,,,,,,,,,,,,,asphalt,grade1,152472394,versiegelt
4509,,,,,,,,,,,,,,,,gravel,grade2,152472395,mineralisch
4510,,,,,,,,,,,,,,,,gravel,grade3,152472396,mineralisch
4511,,,,,,,,,,,,,,,,paving_stones,unknown,153884049,unbekannt
4512,,,,,,,,,,,,,,,,paving_stones,unknown,153884052,unbekannt
4513,,,,,,,,,,,,,,,,paving_stones,unknown,153884056,unbekannt
4514,,,,,,,,,,,,,,,,gravel,grade2,153884059,mineralisch
4515,,,,,,,,,,,,,,,,compacted,grade2,153884064,mineralisch
4516,,,,,,,,,,,,,,,,asphalt,grade1,154564342,versiegelt
4517,,,,,,,,,,,,,,,,grass,grade5,154564343,begrünt_erdig
4518,,,,,,,,,,,,,,,,unknown,unknown,154564344,unbekannt
4519,,,,,,,,,,,,,,,,unknown,unknown,154564346,unbekannt
4520,,,,,,,,,,,,,,,,asphalt,grade1,154564348,versiegelt
4521,,,,,,,,,,,,,,,,unknown,unknown,154564354,unbekannt
4522,,,,,,,,,,,,,,,,unknown,unknown,154564357,unbekannt
4523,,,,,,,,,,,,,,,,unknown,unknown,154564358,unbekannt
4524,,,,,,,,,,,,,,,,unknown,grade1,154564362,unbekannt
4525,,,,,,,,,,,,,,,,unknown,unknown,154564370,unbekannt
4526,,,,,,,,,,,,,,,,unknown,unknown,154564373,unbekannt
4527,,,,,,,,,,,,,,,,gravel,grade2,154580044,mineralisch
4528,,,,,,,,,,,,,,,,gravel,grade2,154581702,mineralisch
4529,,,,,,,,,,,,,,,,unknown,unknown,154581706,unbekannt
4530,,,,,,,,,,,,,,,,asphalt,unknown,154583620,versiegelt
4531,,,,,,,,,,,,,,,,asphalt,unknown,154806680,versiegelt
4532,,,,,,,,,,,,,,,,asphalt,unknown,154806688,versiegelt
4533,,,,,,,,,,,,,,,,asphalt,unknown,154806689,versiegelt
4534,,,,,,,,,,,,,,,,asphalt,unknown,154806690,versiegelt
4535,,,,,,,,,,,,,,,,gravel;fine_gravel,grade2,154806693,unbekannt
4536,,,,,,,,,,,,,,,,gravel,grade2,154806697,mineralisch
4537,,,,,,,,,,,,,,,,gravel,grade3,156059787,mineralisch
4538,,,,,,,,,,,,,,,,unknown,grade3,156059789,unbekannt
4539,,,,,,,,,,,,,,,,fine_gravel,grade3,156059793,mineralisch
4540,,,,,,,,,,,,,,,,grass,grade4,156238082,begrünt_erdig
4541,,,,,,,,,,,,,,,,grass,grade4,156238084,begrünt_erdig
4542,,,,,,,,,,,,,,,,ground,grade3,156662214,unbekannt
4543,,,,,,,,,,,,,,,,ground,grade3,156662215,unbekannt
4544,,,,,,,,,,,,,,,,gravel,grade3,156662216,mineralisch
4545,,,,,,,,,,,,,,,,ground,grade5,156662217,unbekannt
4546,,,,,,,,,,,,,,,,gravel,grade2,156662218,mineralisch
4547,,,,,,,,,,,,,,,,gravel,grade2,156662219,mineralisch
4548,,,,,,,,,,,,,,,,gravel,grade2,156662220,mineralisch
4549,,,,,,,,,,,,,,,,gravel,grade2,156662221,mineralisch
4550,,,,,,,,,,,,,,,,pebblestone,unknown,156662222,unbekannt
4551,,,,,,,,,,,,,,,,gravel,grade2,156662223,mineralisch
4552,,,,,,,,,,,,,,,,wood,unknown,156798091,unbekannt
4553,,,,,,,,,,,,,,,,concrete,unknown,156798092,versiegelt
4554,,,,,,,,,,,,,,,,grass,unknown,156798094,begrünt_erdig
4555,,,,,,,,,,,,,,,,grass,unknown,156798095,begrünt_erdig
4556,,,,,,,,,,,,,,,,grass,grade5,156798096,begrünt_erdig
4557,,,,,,,,,,,,,,,,gravel,grade4,156798097,mineralisch
4558,,,,,,,,,,,,,,,,grass,grade4,156798098,begrünt_erdig
4559,,,,,,,,,,,,,,,,gravel,grade2,157315591,mineralisch
4560,,,,,,,,,,,,,,,,wood,unknown,157315592,unbekannt
4561,,,,,,,,,,,,,,,,grass,grade4,157315593,begrünt_erdig
4562,,,,,,,,,,,,,,,,grass,grade5,157315596,begrünt_erdig
4563,,,,,,,,,,,,,,,,asphalt,grade1,157315597,versiegelt
4564,,,,,,,,,,,,,,,,asphalt,grade1,157315598,versiegelt
4565,,,,,,,,,,,,,,,,asphalt,grade1,157315599,versiegelt
4566,,,,,,,,,,,,,,,,asphalt,unknown,157377110,versiegelt
4567,,,,,,,,,,,,,,,,cobblestone,unknown,158193843,unbekannt
4568,,,,,,,,,,,,,,,,unknown,unknown,158209388,unbekannt
4569,,,,,,,,,,,,,,,,unknown,unknown,158209390,unbekannt
4570,,,,,,,,,,,,,,,,unknown,unknown,158209391,unbekannt
4571,,,,,,,,,,,,,,,,unknown,grade3,158942167,unbekannt
4572,,,,,,,,,,,,,,,,asphalt,unknown,159545869,versiegelt
4573,,,,,,,,,,,,,,,,asphalt,unknown,159545870,versiegelt
4574,,,,,,,,,,,,,,,,unknown,unknown,159550936,unbekannt
4575,,,,,,,,,,,,,,,,unknown,unknown,159550939,unbekannt
4576,,,,,,,,,,,,,,,,asphalt,unknown,159550940,versiegelt
4577,,,,,,,,,,,,,,,,grass,grade5,159550941,begrünt_erdig
4578,,,,,,,,,,,,,,,,unknown,unknown,159587281,unbekannt
4579,,,,,,,,,,,,,,,,unknown,unknown,159587283,unbekannt
4580,,,,,,,,,,,,,,,,unknown,unknown,159587285,unbekannt
4581,,,,,,,,,,,,,,,,asphalt,grade1,159589360,versiegelt
4582,,,,,,,,,,,,,,,,gravel,grade2,159589361,mineralisch
4583,,,,,,,,,,,,,,,,asphalt,unknown,159590842,versiegelt
4584,,,,,,,,,,,,,,,,unknown,grade1,159591506,unbekannt
4585,,,,,,,,,,,,,,,,asphalt,grade1,159651305,versiegelt
4586,,,,,,,,,,,,,,,,grass,grade5,159651350,begrünt_erdig
4587,,,,,,,,,,,,,,,,grass,grade5,159651351,begrünt_erdig
4588,,,,,,,,,,,,,,,,grass,grade5,159651353,begrünt_erdig
4589,,,,,,,,,,,,,,,,grass,grade5,159651355,begrünt_erdig
4590,,,,,,,,,,,,,,,,grass,grade5,159651359,begrünt_erdig
4591,,,,,,,,,,,,,,,,grass,grade5,159651360,begrünt_erdig
4592,,,,,,,,,,,,,,,,grass,grade5,159651361,begrünt_erdig
4593,,,,,,,,,,,,,,,,grass,grade5,159651363,begrünt_erdig
4594,,,,,,,,,,,,,,,,grass,grade5,159651365,begrünt_erdig
4595,,,,,,,,,,,,,,,,grass,grade5,159651369,begrünt_erdig
4596,,,,,,,,,,,,,,,,grass,grade5,159651372,begrünt_erdig
4597,,,,,,,,,,,,,,,,grass,grade5,159652043,begrünt_erdig
4598,,,,,,,,,,,,,,,,grass,grade5,159652045,begrünt_erdig
4599,,,,,,,,,,,,,,,,grass,grade5,159652047,begrünt_erdig
4600,,,,,,,,,,,,,,,,gravel,grade2,159652049,mineralisch
4601,,,,,,,,,,,,,,,,unknown,unknown,159656874,unbekannt
4602,,,,,,,,,,,,,,,,unknown,unknown,159656876,unbekannt
4603,,,,,,,,,,,,,,,,unknown,unknown,159656877,unbekannt
4604,,,,,,,,,,,,,,,,unknown,unknown,159656878,unbekannt
4605,,,,,,,,,,,,,,,,unknown,unknown,159656880,unbekannt
4606,,,,,,,,,,,,,,,,unknown,unknown,159656881,unbekannt
4607,,,,,,,,,,,,,,,,unknown,unknown,159656882,unbekannt
4608,,,,,,,,,,,,,,,,unknown,unknown,159656883,unbekannt
4609,,,,,,,,,,,,,,,,asphalt,unknown,159701209,versiegelt
4610,,,,,,,,,,,,,,,,grass,unknown,159701215,begrünt_erdig
4611,,,,,,,,,,,,,,,,unknown,unknown,159701217,unbekannt
4612,,,,,,,,,,,,,,,,ground,unknown,159701219,unbekannt
4613,,,,,,,,,,,,,,,,unknown,unknown,160251748,unbekannt
4614,,,,,,,,,,,,,,,,cobblestone,unknown,160618546,unbekannt
4615,,,,,,,,,,,,,,,,cobblestone,unknown,160618547,unbekannt
4616,,,,,,,,,,,,,,,,gravel,unknown,160631365,mineralisch
4617,,,,,,,,,,,,,,,,gravel,unknown,160631367,mineralisch
4618,,,,,,,,,,,,,,,,asphalt,unknown,160641448,versiegelt
4619,,,,,,,,,,,,,,,,gravel,grade2,160651595,mineralisch
4620,,,,,,,,,,,,,,,,grass,grade4,161480031,begrünt_erdig
4621,,,,,,,,,,,,,,,,asphalt,grade1,161480032,versiegelt
4622,,,,,,,,,,,,,,,,wood,grade1,161480033,unbekannt
4623,,,,,,,,,,,,,,,,asphalt,unknown,161480034,versiegelt
4624,,,,,,,,,,,,,,,,unknown,unknown,161486584,unbekannt
4625,,,,,,,,,,,,,,,,asphalt,unknown,161486587,versiegelt
4626,,,,,,,,,,,,,,,,unknown,unknown,161486590,unbekannt
4627,,,,,,,,,,,,,,,,unknown,unknown,161486592,unbekannt
4628,,,,,,,,,,,,,,,,compacted,unknown,161486593,mineralisch
4629,,,,,,,,,,,,,,,,unknown,grade3,161573743,unbekannt
4630,,,,,,,,,,,,,,,,unknown,unknown,161605868,unbekannt
4631,,,,,,,,,,,,,,,,gravel,unknown,161605869,mineralisch
4632,,,,,,,,,,,,,,,,gravel,unknown,161605870,mineralisch
4633,,,,,,,,,,,,,,,,unknown,unknown,161812883,unbekannt
4634,,,,,,,,,,,,,,,,unknown,grade1,161821965,unbekannt
4635,,,,,,,,,,,,,,,,unknown,grade2,161821966,unbekannt
4636,,,,,,,,,,,,,,,,unknown,grade1,161821968,unbekannt
4637,,,,,,,,,,,,,,,,unknown,unknown,161821970,unbekannt
4638,,,,,,,,,,,,,,,,paving_stones,unknown,162027717,unbekannt
4639,,,,,,,,,,,,,,,,asphalt,grade1,162448807,versiegelt
4640,,,,,,,,,,,,,,,,unknown,unknown,162448808,unbekannt
4641,,,,,,,,,,,,,,,,unknown,unknown,162618993,unbekannt
4642,,,,,,,,,,,,,,,,unknown,unknown,162619106,unbekannt
4643,,,,,,,,,,,,,,,,asphalt,unknown,162619107,versiegelt
4644,,,,,,,,,,,,,,,,asphalt,unknown,162622269,versiegelt
4645,,,,,,,,,,,,,,,,asphalt,unknown,162622270,versiegelt
4646,,,,,,,,,,,,,,,,grass,unknown,162801997,begrünt_erdig
4647,,,,,,,,,,,,,,,,concrete,unknown,162924060,versiegelt
4648,,,,,,,,,,,,,,,,unknown,unknown,162924062,unbekannt
4649,,,,,,,,,,,,,,,,unknown,unknown,162924064,unbekannt
4650,,,,,,,,,,,,,,,,asphalt,unknown,162949444,versiegelt
4651,,,,,,,,,,,,,,,,unknown,unknown,163138905,unbekannt
4652,,,,,,,,,,,,,,,,unknown,unknown,163138906,unbekannt
4653,,,,,,,,,,,,,,,,asphalt,unknown,163138907,versiegelt
4654,,,,,,,,,,,,,,,,gravel,grade2,163138908,mineralisch
4655,,,,,,,,,,,,,,,,pebblestone,unknown,164197127,unbekannt
4656,,,,,,,,,,,,,,,,asphalt,unknown,164381992,versiegelt
4657,,,,,,,,,,,,,,,,asphalt,unknown,164409369,versiegelt
4658,,,,,,,,,,,,,,,,asphalt,unknown,164409379,versiegelt
4659,,,,,,,,,,,,,,,,unknown,grade3,165424623,unbekannt
4660,,,,,,,,,,,,,,,,grass,grade4,165425341,begrünt_erdig
4661,,,,,,,,,,,,,,,,paving_stones,unknown,166104076,unbekannt
4662,,,,,,,,,,,,,,,,paving_stones,unknown,166104079,unbekannt
4663,,,,,,,,,,,,,,,,asphalt,unknown,166248928,versiegelt
4664,,,,,,,,,,,,,,,,unknown,unknown,166468367,unbekannt
4665,,,,,,,,,,,,,,,,gravel,unknown,166637028,mineralisch
4666,,,,,,,,,,,,,,,,asphalt,unknown,166637029,versiegelt
4667,,,,,,,,,,,,,,,,unknown,unknown,166982962,unbekannt
4668,,,,,,,,,,,,,,,,gravel,unknown,167906005,mineralisch
4669,,,,,,,,,,,,,,,,asphalt,unknown,167906006,versiegelt
4670,,,,,,,,,,,,,,,,asphalt,grade3,167906007,versiegelt
4671,,,,,,,,,,,,,,,,gravel,unknown,168627654,mineralisch
4672,,,,,,,,,,,,,,,,unknown,unknown,168627656,unbekannt
4673,,,,,,,,,,,,,,,,gravel,grade2,168966459,mineralisch
4674,,,,,,,,,,,,,,,,grass,grade5,168966462,begrünt_erdig
4675,,,,,,,,,,,,,,,,asphalt,grade1,169689983,versiegelt
4676,,,,,,,,,,,,,,,,unknown,grade1,169689984,unbekannt
4677,,,,,,,,,,,,,,,,concrete,grade1,169689985,versiegelt
4678,,,,,,,,,,,,,,,,unknown,unknown,169690295,unbekannt
4679,,,,,,,,,,,,,,,,unknown,unknown,169896300,unbekannt
4680,,,,,,,,,,,,,,,,asphalt,unknown,170127561,versiegelt
4681,,,,,,,,,,,,,,,,unknown,grade1,170127568,unbekannt
4682,,,,,,,,,,,,,,,,concrete:plates,grade1,171489263,unbekannt
4683,,,,,,,,,,,,,,,,concrete:plates,grade1,171489264,unbekannt
4684,,,,,,,,,,,,,,,,asphalt,grade1,171489265,versiegelt
4685,,,,,,,,,,,,,,,,concrete:plates,grade1,171489266,unbekannt
4686,,,,,,,,,,,,,,,,unknown,unknown,171489267,unbekannt
4687,,,,,,,,,,,,,,,,asphalt,unknown,171489270,versiegelt
4688,,,,,,,,,,,,,,,,unknown,unknown,171530731,unbekannt
4689,,,,,,,,,,,,,,,,concrete:plates,grade1,171530735,unbekannt
4690,,,,,,,,,,,,,,,,concrete:plates,grade1,171530736,unbekannt
4691,,,,,,,,,,,,,,,,unknown,grade2,171530737,unbekannt
4692,,,,,,,,,,,,,,,,concrete:plates,grade1,171530738,unbekannt
4693,,,,,,,,,,,,,,,,unknown,grade5,171530739,unbekannt
4694,,,,,,,,,,,,,,,,asphalt,unknown,171557030,versiegelt
4695,,,,,,,,,,,,,,,,asphalt,grade1,171557034,versiegelt
4696,,,,,,,,,,,,,,,,unknown,unknown,171557035,unbekannt
4697,,,,,,,,,,,,,,,,cobblestone,unknown,171557036,unbekannt
4698,,,,,,,,,,,,,,,,unknown,unknown,171557037,unbekannt
4699,,,,,,,,,,,,,,,,asphalt,unknown,171561077,versiegelt
4700,,,,,,,,,,,,,,,,unknown,grade3,171561091,unbekannt
4701,,,,,,,,,,,,,,,,unknown,unknown,171561092,unbekannt
4702,,,,,,,,,,,,,,,,unknown,grade3,171561093,unbekannt
4703,,,,,,,,,,,,,,,,unknown,grade3,171561094,unbekannt
4704,,,,,,,,,,,,,,,,asphalt,unknown,171567679,versiegelt
4705,,,,,,,,,,,,,,,,unknown,unknown,171572997,unbekannt
4706,,,,,,,,,,,,,,,,asphalt,unknown,171573015,versiegelt
4707,,,,,,,,,,,,,,,,asphalt,unknown,171573016,versiegelt
4708,,,,,,,,,,,,,,,,unknown,unknown,171573017,unbekannt
4709,,,,,,,,,,,,,,,,unknown,unknown,171574972,unbekannt
4710,,,,,,,,,,,,,,,,unknown,unknown,171574973,unbekannt
4711,,,,,,,,,,,,,,,,unknown,unknown,171574980,unbekannt
4712,,,,,,,,,,,,,,,,unknown,unknown,171574982,unbekannt
4713,,,,,,,,,,,,,,,,unknown,unknown,171719469,unbekannt
4714,,,,,,,,,,,,,,,,unknown,unknown,171719470,unbekannt
4715,,,,,,,,,,,,,,,,unknown,unknown,171719476,unbekannt
4716,,,,,,,,,,,,,,,,unknown,unknown,171719480,unbekannt
4717,,,,,,,,,,,,,,,,unknown,unknown,171719481,unbekannt
4718,,,,,,,,,,,,,,,,unknown,unknown,171721657,unbekannt
4719,,,,,,,,,,,,,,,,unknown,unknown,171721658,unbekannt
4720,,,,,,,,,,,,,,,,asphalt,unknown,171721659,versiegelt
4721,,,,,,,,,,,,,,,,asphalt,grade1,171721660,versiegelt
4722,,,,,,,,,,,,,,,,asphalt,unknown,171747156,versiegelt
4723,,,,,,,,,,,,,,,,unknown,unknown,171747157,unbekannt
4724,,,,,,,,,,,,,,,,asphalt,unknown,171747158,versiegelt
4725,,,,,,,,,,,,,,,,unknown,unknown,171747159,unbekannt
4726,,,,,,,,,,,,,,,,paving_stones,unknown,172691770,unbekannt
4727,,,,,,,,,,,,,,,,paving_stones,unknown,172691775,unbekannt
4728,,,,,,,,,,,,,,,,paving_stones,unknown,173750890,unbekannt
4729,,,,,,,,,,,,,,,,asphalt,unknown,175630244,versiegelt
4730,,,,,,,,,,,,,,,,gravel,grade2,175630245,mineralisch
4731,,,,,,,,,,,,,,,,asphalt,grade1,175630246,versiegelt
4732,,,,,,,,,,,,,,,,asphalt,grade1,175630247,versiegelt
4733,,,,,,,,,,,,,,,,asphalt,unknown,175630248,versiegelt
4734,,,,,,,,,,,,,,,,grass,unknown,175630249,begrünt_erdig
4735,,,,,,,,,,,,,,,,asphalt,unknown,175630250,versiegelt
4736,,,,,,,,,,,,,,,,paving_stones,unknown,175630251,unbekannt
4737,,,,,,,,,,,,,,,,asphalt,unknown,175630252,versiegelt
4738,,,,,,,,,,,,,,,,gravel,grade2,175630253,mineralisch
4739,,,,,,,,,,,,,,,,grass,grade4,175633352,begrünt_erdig
4740,,,,,,,,,,,,,,,,grass,grade5,175633353,begrünt_erdig
4741,,,,,,,,,,,,,,,,paved,grade1,175633354,versiegelt
4742,,,,,,,,,,,,,,,,asphalt,grade1,175633355,versiegelt
4743,,,,,,,,,,,,,,,,wood,unknown,175633356,unbekannt
4744,,,,,,,,,,,,,,,,unknown,grade3,176570145,unbekannt
4745,,,,,,,,,,,,,,,,unknown,unknown,176570685,unbekannt
4746,,,,,,,,,,,,,,,,unknown,unknown,176576719,unbekannt
4747,,,,,,,,,,,,,,,,asphalt,unknown,177377489,versiegelt
4748,,,,,,,,,,,,,,,,asphalt,unknown,177377490,versiegelt
4749,,,,,,,,,,,,,,,,grass,grade5,178003670,begrünt_erdig
4750,,,,,,,,,,,,,,,,grass,grade5,178006975,begrünt_erdig
4751,,,,,,,,,,,,,,,,gravel,grade2,178006982,mineralisch
4752,,,,,,,,,,,,,,,,unknown,grade5,178006984,unbekannt
4753,,,,,,,,,,,,,,,,gravel,grade2,178006992,mineralisch
4754,,,,,,,,,,,,,,,,grass,grade5,178006994,begrünt_erdig
4755,,,,,,,,,,,,,,,,grass,grade5,178006997,begrünt_erdig
4756,,,,,,,,,,,,,,,,grass,grade5,178007004,begrünt_erdig
4757,,,,,,,,,,,,,,,,gravel,grade2,178007005,mineralisch
4758,,,,,,,,,,,,,,,,grass,grade5,178007015,begrünt_erdig
4759,,,,,,,,,,,,,,,,grass,grade5,178007019,begrünt_erdig
4760,,,,,,,,,,,,,,,,gravel,grade2,178007029,mineralisch
4761,,,,,,,,,,,,,,,,unknown,unknown,178155951,unbekannt
4762,,,,,,,,,,,,,,,,unknown,unknown,178155952,unbekannt
4763,,,,,,,,,,,,,,,,gravel,grade2,178372788,mineralisch
4764,,,,,,,,,,,,,,,,unknown,grade2,178409963,unbekannt
4765,,,,,,,,,,,,,,,,gravel,grade2,178409964,mineralisch
4766,,,,,,,,,,,,,,,,paving_stones,unknown,178417047,unbekannt
4767,,,,,,,,,,,,,,,,grass,unknown,178417049,begrünt_erdig
4768,,,,,,,,,,,,,,,,grass,grade5,178417885,begrünt_erdig
4769,,,,,,,,,,,,,,,,asphalt,unknown,178548178,versiegelt
4770,,,,,,,,,,,,,,,,wood,unknown,178559991,unbekannt
4771,,,,,,,,,,,,,,,,asphalt,unknown,178718856,versiegelt
4772,,,,,,,,,,,,,,,,asphalt,grade1,178718858,versiegelt
4773,,,,,,,,,,,,,,,,asphalt,grade1,178718859,versiegelt
4774,,,,,,,,,,,,,,,,grass,grade5,178718860,begrünt_erdig
4775,,,,,,,,,,,,,,,,asphalt,grade1,178718861,versiegelt
4776,,,,,,,,,,,,,,,,asphalt,grade1,178718862,versiegelt
4777,,,,,,,,,,,,,,,,unknown,unknown,179186555,unbekannt
4778,,,,,,,,,,,,,,,,asphalt,unknown,179891436,versiegelt
4779,,,,,,,,,,,,,,,,asphalt,unknown,179891440,versiegelt
4780,,,,,,,,,,,,,,,,asphalt,grade1,179891442,versiegelt
4781,,,,,,,,,,,,,,,,asphalt,grade1,179891443,versiegelt
4782,,,,,,,,,,,,,,,,asphalt,grade1,180260662,versiegelt
4783,,,,,,,,,,,,,,,,asphalt,grade1,180268170,versiegelt
4784,,,,,,,,,,,,,,,,grass,grade5,180488602,begrünt_erdig
4785,,,,,,,,,,,,,,,,gravel,grade2,180763319,mineralisch
4786,,,,,,,,,,,,,,,,asphalt,unknown,181067152,versiegelt
4787,,,,,,,,,,,,,,,,gravel,grade2,181072115,mineralisch
4788,,,,,,,,,,,,,,,,gravel,grade2,181072119,mineralisch
4789,,,,,,,,,,,,,,,,grass,grade5,181252644,begrünt_erdig
4790,,,,,,,,,,,,,,,,grass,grade5,181252645,begrünt_erdig
4791,,,,,,,,,,,,,,,,unknown,grade5,181252646,unbekannt
4792,,,,,,,,,,,,,,,,ground,grade5,181252647,unbekannt
4793,,,,,,,,,,,,,,,,grass,grade5,181354229,begrünt_erdig
4794,,,,,,,,,,,,,,,,unknown,grade2,181354230,unbekannt
4795,,,,,,,,,,,,,,,,grass,grade5,181876743,begrünt_erdig
4796,,,,,,,,,,,,,,,,grass,grade5,181876747,begrünt_erdig
4797,,,,,,,,,,,,,,,,gravel,grade2,181876750,mineralisch
4798,,,,,,,,,,,,,,,,ground,unknown,181876753,unbekannt
4799,,,,,,,,,,,,,,,,grass,grade5,181924122,begrünt_erdig
4800,,,,,,,,,,,,,,,,grass,grade5,181924123,begrünt_erdig
4801,,,,,,,,,,,,,,,,grass,grade5,181924124,begrünt_erdig
4802,,,,,,,,,,,,,,,,grass,grade5,181924125,begrünt_erdig
4803,,,,,,,,,,,,,,,,grass,grade5,181924127,begrünt_erdig
4804,,,,,,,,,,,,,,,,grass,grade5,181924128,begrünt_erdig
4805,,,,,,,,,,,,,,,,unknown,grade5,181924129,unbekannt
4806,,,,,,,,,,,,,,,,grass,grade5,181924132,begrünt_erdig
4807,,,,,,,,,,,,,,,,grass,grade5,181924133,begrünt_erdig
4808,,,,,,,,,,,,,,,,gravel,grade2,181924135,mineralisch
4809,,,,,,,,,,,,,,,,grass,grade5,181924136,begrünt_erdig
4810,,,,,,,,,,,,,,,,grass,grade5,181924138,begrünt_erdig
4811,,,,,,,,,,,,,,,,gravel,grade2,181924139,mineralisch
4812,,,,,,,,,,,,,,,,gravel,grade2,181924140,mineralisch
4813,,,,,,,,,,,,,,,,gravel,grade2,181924141,mineralisch
4814,,,,,,,,,,,,,,,,grass,grade5,181924142,begrünt_erdig
4815,,,,,,,,,,,,,,,,grass,grade5,181924143,begrünt_erdig
4816,,,,,,,,,,,,,,,,grass,grade5,181924144,begrünt_erdig
4817,,,,,,,,,,,,,,,,grass,grade5,181924145,begrünt_erdig
4818,,,,,,,,,,,,,,,,grass,grade5,181924146,begrünt_erdig
4819,,,,,,,,,,,,,,,,gravel,grade2,181924147,mineralisch
4820,,,,,,,,,,,,,,,,gravel,grade2,181924148,mineralisch
4821,,,,,,,,,,,,,,,,grass,grade5,181924150,begrünt_erdig
4822,,,,,,,,,,,,,,,,gravel,grade2,181924151,mineralisch
4823,,,,,,,,,,,,,,,,grass,grade5,181924152,begrünt_erdig
4824,,,,,,,,,,,,,,,,grass,grade5,181924153,begrünt_erdig
4825,,,,,,,,,,,,,,,,gravel,grade2,181924155,mineralisch
4826,,,,,,,,,,,,,,,,grass,grade5,181924156,begrünt_erdig
4827,,,,,,,,,,,,,,,,unknown,unknown,181924157,unbekannt
4828,,,,,,,,,,,,,,,,gravel,grade2,181924158,mineralisch
4829,,,,,,,,,,,,,,,,grass,grade5,181924159,begrünt_erdig
4830,,,,,,,,,,,,,,,,grass,grade5,181924160,begrünt_erdig
4831,,,,,,,,,,,,,,,,unknown,unknown,182440535,unbekannt
4832,,,,,,,,,,,,,,,,unknown,unknown,182440537,unbekannt
4833,,,,,,,,,,,,,,,,compacted,unknown,182440541,mineralisch
4834,,,,,,,,,,,,,,,,unknown,unknown,182440549,unbekannt
4835,,,,,,,,,,,,,,,,unknown,unknown,182440551,unbekannt
4836,,,,,,,,,,,,,,,,unknown,unknown,182440555,unbekannt
4837,,,,,,,,,,,,,,,,unknown,grade4,182449133,unbekannt
4838,,,,,,,,,,,,,,,,unknown,grade3,182449135,unbekannt
4839,,,,,,,,,,,,,,,,unknown,unknown,182449136,unbekannt
4840,,,,,,,,,,,,,,,,asphalt,grade1,182449138,versiegelt
4841,,,,,,,,,,,,,,,,asphalt,grade1,182449140,versiegelt
4842,,,,,,,,,,,,,,,,unknown,unknown,182449143,unbekannt
4843,,,,,,,,,,,,,,,,unknown,grade4,182449145,unbekannt
4844,,,,,,,,,,,,,,,,unknown,grade4,182449153,unbekannt
4845,,,,,,,,,,,,,,,,grass,grade5,182449166,begrünt_erdig
4846,,,,,,,,,,,,,,,,unknown,unknown,182449170,unbekannt
4847,,,,,,,,,,,,,,,,compacted,grade3,182451078,mineralisch
4848,,,,,,,,,,,,,,,,unknown,unknown,182451079,unbekannt
4849,,,,,,,,,,,,,,,,unknown,unknown,182451080,unbekannt
4850,,,,,,,,,,,,,,,,unknown,unknown,182451081,unbekannt
4851,,,,,,,,,,,,,,,,unknown,unknown,182451082,unbekannt
4852,,,,,,,,,,,,,,,,unknown,grade3,182451083,unbekannt
4853,,,,,,,,,,,,,,,,ground,unknown,182451084,unbekannt
4854,,,,,,,,,,,,,,,,unknown,unknown,182451086,unbekannt
4855,,,,,,,,,,,,,,,,unknown,unknown,182451779,unbekannt
4856,,,,,,,,,,,,,,,,compacted,grade2,182451781,mineralisch
4857,,,,,,,,,,,,,,,,unknown,unknown,182451782,unbekannt
4858,,,,,,,,,,,,,,,,unknown,grade2,182451783,unbekannt
4859,,,,,,,,,,,,,,,,compacted,grade4,182510116,mineralisch
4860,,,,,,,,,,,,,,,,unknown,grade1,182510117,unbekannt
4861,,,,,,,,,,,,,,,,unknown,unknown,182514278,unbekannt
4862,,,,,,,,,,,,,,,,asphalt,grade1,182514280,versiegelt
4863,,,,,,,,,,,,,,,,grass,grade4,182514281,begrünt_erdig
4864,,,,,,,,,,,,,,,,unknown,grade5,182517350,unbekannt
4865,,,,,,,,,,,,,,,,asphalt,unknown,183655392,versiegelt
4866,,,,,,,,,,,,,,,,asphalt,unknown,183655393,versiegelt
4867,,,,,,,,,,,,,,,,asphalt,unknown,183655398,versiegelt
4868,,,,,,,,,,,,,,,,compacted,unknown,183655399,mineralisch
4869,,,,,,,,,,,,,,,,unknown,unknown,183655400,unbekannt
4870,,,,,,,,,,,,,,,,asphalt,unknown,184148306,versiegelt
4871,,,,,,,,,,,,,,,,asphalt,grade1,184148307,versiegelt
4872,,,,,,,,,,,,,,,,asphalt,grade1,184765690,versiegelt
4873,,,,,,,,,,,,,,,,unknown,grade2,184765691,unbekannt
4874,,,,,,,,,,,,,,,,compacted,grade2,184765692,mineralisch
4875,,,,,,,,,,,,,,,,ground,unknown,184765694,unbekannt
4876,,,,,,,,,,,,,,,,asphalt,grade1,184765696,versiegelt
4877,,,,,,,,,,,,,,,,ground,grade5,184765698,unbekannt
4878,,,,,,,,,,,,,,,,unknown,grade4,184765699,unbekannt
4879,,,,,,,,,,,,,,,,unknown,grade4,184765700,unbekannt
4880,,,,,,,,,,,,,,,,asphalt,grade1,184765702,versiegelt
4881,,,,,,,,,,,,,,,,ground,unknown,184765703,unbekannt
4882,,,,,,,,,,,,,,,,unknown,grade4,184765704,unbekannt
4883,,,,,,,,,,,,,,,,gravel,grade3,184765705,mineralisch
4884,,,,,,,,,,,,,,,,unknown,unknown,184965602,unbekannt
4885,,,,,,,,,,,,,,,,unknown,unknown,184965606,unbekannt
4886,,,,,,,,,,,,,,,,asphalt,unknown,184965610,versiegelt
4887,,,,,,,,,,,,,,,,unknown,unknown,184965613,unbekannt
4888,,,,,,,,,,,,,,,,unknown,unknown,184965615,unbekannt
4889,,,,,,,,,,,,,,,,asphalt,unknown,184965617,versiegelt
4890,,,,,,,,,,,,,,,,unknown,grade1,185201557,unbekannt
4891,,,,,,,,,,,,,,,,grass,grade4,185460685,begrünt_erdig
4892,,,,,,,,,,,,,,,,unknown,grade4,185460686,unbekannt
4893,,,,,,,,,,,,,,,,gravel,grade3,185460687,mineralisch
4894,,,,,,,,,,,,,,,,grass,grade3,185460688,begrünt_erdig
4895,,,,,,,,,,,,,,,,asphalt,grade1,185460689,versiegelt
4896,,,,,,,,,,,,,,,,grass,grade4,185460690,begrünt_erdig
4897,,,,,,,,,,,,,,,,asphalt,grade1,185460691,versiegelt
4898,,,,,,,,,,,,,,,,asphalt,unknown,185460692,versiegelt
4899,,,,,,,,,,,,,,,,gravel,grade2,185479058,mineralisch
4900,,,,,,,,,,,,,,,,compacted,grade3,185479059,mineralisch
4901,,,,,,,,,,,,,,,,asphalt,grade1,185497909,versiegelt
4902,,,,,,,,,,,,,,,,unknown,unknown,186053144,unbekannt
4903,,,,,,,,,,,,,,,,grass,unknown,186053145,begrünt_erdig
4904,,,,,,,,,,,,,,,,unknown,grade4,186075856,unbekannt
4905,,,,,,,,,,,,,,,,gravel,grade2,186075857,mineralisch
4906,,,,,,,,,,,,,,,,unknown,grade4,186075863,unbekannt
4907,,,,,,,,,,,,,,,,grass,grade4,186075864,begrünt_erdig
4908,,,,,,,,,,,,,,,,unknown,grade2,186075874,unbekannt
4909,,,,,,,,,,,,,,,,gravel,grade2,186075876,mineralisch
4910,,,,,,,,,,,,,,,,asphalt,grade1,186202365,versiegelt
4911,,,,,,,,,,,,,,,,grass,grade5,186381500,begrünt_erdig
4912,,,,,,,,,,,,,,,,grass,grade5,186507511,begrünt_erdig
4913,,,,,,,,,,,,,,,,gravel,grade2,186571358,mineralisch
4914,,,,,,,,,,,,,,,,gravel,grade2,186571359,mineralisch
4915,,,,,,,,,,,,,,,,asphalt,grade2,186766881,versiegelt
4916,,,,,,,,,,,,,,,,gravel,grade2,186766882,mineralisch
4917,,,,,,,,,,,,,,,,asphalt,grade1,186796380,versiegelt
4918,,,,,,,,,,,,,,,,asphalt,unknown,186796382,versiegelt
4919,,,,,,,,,,,,,,,,unknown,grade5,186891514,unbekannt
4920,,,,,,,,,,,,,,,,grass,grade5,186891518,begrünt_erdig
4921,,,,,,,,,,,,,,,,grass,grade5,186891523,begrünt_erdig
4922,,,,,,,,,,,,,,,,grass,grade5,186891528,begrünt_erdig
4923,,,,,,,,,,,,,,,,grass,grade5,186891535,begrünt_erdig
4924,,,,,,,,,,,,,,,,ground,grade4,186950933,unbekannt
4925,,,,,,,,,,,,,,,,ground,grade4,186950937,unbekannt
4926,,,,,,,,,,,,,,,,grass,grade5,186951572,begrünt_erdig
4927,,,,,,,,,,,,,,,,grass,unknown,186952579,begrünt_erdig
4928,,,,,,,,,,,,,,,,grass,unknown,186952581,begrünt_erdig
4929,,,,,,,,,,,,,,,,grass,unknown,186952582,begrünt_erdig
4930,,,,,,,,,,,,,,,,grass,unknown,186952583,begrünt_erdig
4931,,,,,,,,,,,,,,,,unknown,grade5,186953044,unbekannt
4932,,,,,,,,,,,,,,,,grass,grade5,186953535,begrünt_erdig
4933,,,,,,,,,,,,,,,,unpaved,unknown,186955020,mineralisch
4934,,,,,,,,,,,,,,,,unpaved,unknown,186955022,mineralisch
4935,,,,,,,,,,,,,,,,unpaved,unknown,186955024,mineralisch
4936,,,,,,,,,,,,,,,,unknown,grade5,186955029,unbekannt
4937,,,,,,,,,,,,,,,,unpaved,unknown,186955239,mineralisch
4938,,,,,,,,,,,,,,,,asphalt,grade1,186956341,versiegelt
4939,,,,,,,,,,,,,,,,gravel,grade2,186956342,mineralisch
4940,,,,,,,,,,,,,,,,grass,unknown,186956548,begrünt_erdig
4941,,,,,,,,,,,,,,,,grass,grade5,186956549,begrünt_erdig
4942,,,,,,,,,,,,,,,,gravel,grade2,186957030,mineralisch
4943,,,,,,,,,,,,,,,,grass,unknown,186957031,begrünt_erdig
4944,,,,,,,,,,,,,,,,asphalt,grade1,187301657,versiegelt
4945,,,,,,,,,,,,,,,,ground,grade2,187301658,unbekannt
4946,,,,,,,,,,,,,,,,asphalt-grass-asphalt,grade1,187378035,unbekannt
4947,,,,,,,,,,,,,,,,fine_gravel,grade2,187527795,mineralisch
4948,,,,,,,,,,,,,,,,grass,grade2,187527796,begrünt_erdig
4949,,,,,,,,,,,,,,,,ground,grade5,187548244,unbekannt
4950,,,,,,,,,,,,,,,,mud,grade5,187548247,begrünt_erdig
4951,,,,,,,,,,,,,,,,earth,grade4,187641356,unbekannt
4952,,,,,,,,,,,,,,,,unknown,grade4,187825909,unbekannt
4953,,,,,,,,,,,,,,,,asphalt,unknown,187857927,versiegelt
4954,,,,,,,,,,,,,,,,asphalt,unknown,187857930,versiegelt
4955,,,,,,,,,,,,,,,,asphalt,unknown,187857931,versiegelt
4956,,,,,,,,,,,,,,,,asphalt,unknown,187857934,versiegelt
4957,,,,,,,,,,,,,,,,asphalt,unknown,187857941,versiegelt
4958,,,,,,,,,,,,,,,,unknown,unknown,187857942,unbekannt
4959,,,,,,,,,,,,,,,,fine_gravel,unknown,187857944,mineralisch
4960,,,,,,,,,,,,,,,,paving_stones,unknown,187857945,unbekannt
4961,,,,,,,,,,,,,,,,asphalt,unknown,187857946,versiegelt
4962,,,,,,,,,,,,,,,,asphalt,unknown,187866326,versiegelt
4963,,,,,,,,,,,,,,,,asphalt,unknown,187871787,versiegelt
4964,,,,,,,,,,,,,,,,asphalt,unknown,187978906,versiegelt
4965,,,,,,,,,,,,,,,,asphalt,grade1,187995674,versiegelt
4966,,,,,,,,,,,,,,,,asphalt,unknown,187995675,versiegelt
4967,,,,,,,,,,,,,,,,unknown,grade1,188121926,unbekannt
4968,,,,,,,,,,,,,,,,unknown,grade1,188121928,unbekannt
4969,,,,,,,,,,,,,,,,asphalt,unknown,188489743,versiegelt
4970,,,,,,,,,,,,,,,,cobblestone,unknown,188642444,unbekannt
4971,,,,,,,,,,,,,,,,paving_stones,unknown,188642448,unbekannt
4972,,,,,,,,,,,,,,,,grass,grade5,189209420,begrünt_erdig
4973,,,,,,,,,,,,,,,,grass,grade5,189653539,begrünt_erdig
4974,,,,,,,,,,,,,,,,grass,grade5,189760214,begrünt_erdig
4975,,,,,,,,,,,,,,,,paving_stones,unknown,189815642,unbekannt
4976,,,,,,,,,,,,,,,,unknown,unknown,189815643,unbekannt
4977,,,,,,,,,,,,,,,,paving_stones,unknown,189815645,unbekannt
4978,,,,,,,,,,,,,,,,paving_stones,unknown,190024104,unbekannt
4979,,,,,,,,,,,,,,,,paving_stones,unknown,190024105,unbekannt
4980,,,,,,,,,,,,,,,,unknown,unknown,190024106,unbekannt
4981,,,,,,,,,,,,,,,,compacted,unknown,190024107,mineralisch
4982,,,,,,,,,,,,,,,,asphalt,unknown,190292880,versiegelt
4983,,,,,,,,,,,,,,,,unknown,unknown,190292883,unbekannt
4984,,,,,,,,,,,,,,,,asphalt,unknown,190495411,versiegelt
4985,,,,,,,,,,,,,,,,gravel,grade2,190655589,mineralisch
4986,,,,,,,,,,,,,,,,unknown,grade5,190655590,unbekannt
4987,,,,,,,,,,,,,,,,unknown,grade5,190655592,unbekannt
4988,,,,,,,,,,,,,,,,unknown,grade5,190655593,unbekannt
4989,,,,,,,,,,,,,,,,unknown,unknown,190655594,unbekannt
4990,,,,,,,,,,,,,,,,unknown,grade5,190655595,unbekannt
4991,,,,,,,,,,,,,,,,asphalt,grade1,190659250,versiegelt
4992,,,,,,,,,,,,,,,,grass,grade4,190659251,begrünt_erdig
4993,,,,,,,,,,,,,,,,asphalt,unknown,191434478,versiegelt
4994,,,,,,,,,,,,,,,,gravel,unknown,191434481,mineralisch
4995,,,,,,,,,,,,,,,,unknown,unknown,191973417,unbekannt
4996,,,,,,,,,,,,,,,,unknown,unknown,191973418,unbekannt
4997,,,,,,,,,,,,,,,,unknown,unknown,191973419,unbekannt
4998,,,,,,,,,,,,,,,,gravel,unknown,192133663,mineralisch
4999,,,,,,,,,,,,,,,,unknown,unknown,192142390,unbekannt
5000,,,,,,,,,,,,,,,,unknown,unknown,192148288,unbekannt
5001,,,,,,,,,,,,,,,,unknown,unknown,192148289,unbekannt
5002,,,,,,,,,,,,,,,,unknown,unknown,192148291,unbekannt
5003,,,,,,,,,,,,,,,,unknown,unknown,192220902,unbekannt
5004,,,,,,,,,,,,,,,,gravel,unknown,192222656,mineralisch
5005,,,,,,,,,,,,,,,,unknown,unknown,192356995,unbekannt
5006,,,,,,,,,,,,,,,,unknown,unknown,192356996,unbekannt
5007,,,,,,,,,,,,,,,,unknown,unknown,192356997,unbekannt
5008,,,,,,,,,,,,,,,,unknown,unknown,192356998,unbekannt
5009,,,,,,,,,,,,,,,,unknown,unknown,192356999,unbekannt
5010,,,,,,,,,,,,,,,,unknown,unknown,192357000,unbekannt
5011,,,,,,,,,,,,,,,,unknown,unknown,192357001,unbekannt
5012,,,,,,,,,,,,,,,,unknown,unknown,192357002,unbekannt
5013,,,,,,,,,,,,,,,,ground,unknown,192358811,unbekannt
5014,,,,,,,,,,,,,,,,unknown,grade1,192360831,unbekannt
5015,,,,,,,,,,,,,,,,paving_stones,unknown,192426031,unbekannt
5016,,,,,,,,,,,,,,,,unknown,grade5,192611165,unbekannt
5017,,,,,,,,,,,,,,,,ground,grade5,192611166,unbekannt
5018,,,,,,,,,,,,,,,,grass,unknown,192761065,begrünt_erdig
5019,,,,,,,,,,,,,,,,earth,unknown,192761068,unbekannt
5020,,,,,,,,,,,,,,,,unknown,grade4,193198713,unbekannt
5021,,,,,,,,,,,,,,,,paving_stones,unknown,193337011,unbekannt
5022,,,,,,,,,,,,,,,,paving_stones,unknown,193344678,unbekannt
5023,,,,,,,,,,,,,,,,unknown,unknown,193384922,unbekannt
5024,,,,,,,,,,,,,,,,unknown,unknown,193384924,unbekannt
5025,,,,,,,,,,,,,,,,unknown,unknown,193384931,unbekannt
5026,,,,,,,,,,,,,,,,unknown,unknown,193476133,unbekannt
5027,,,,,,,,,,,,,,,,paving_stones,unknown,193561504,unbekannt
5028,,,,,,,,,,,,,,,,ground,grade2,193732591,unbekannt
5029,,,,,,,,,,,,,,,,grass,grade5,193732592,begrünt_erdig
5030,,,,,,,,,,,,,,,,asphalt,unknown,193760852,versiegelt
5031,,,,,,,,,,,,,,,,asphalt,grade1,193857678,versiegelt
5032,,,,,,,,,,,,,,,,grass,grade5,193857679,begrünt_erdig
5033,,,,,,,,,,,,,,,,gravel,grade3,193857681,mineralisch
5034,,,,,,,,,,,,,,,,grass,grade5,193861389,begrünt_erdig
5035,,,,,,,,,,,,,,,,compacted,unknown,193945699,mineralisch
5036,,,,,,,,,,,,,,,,grass,grade4,193945700,begrünt_erdig
5037,,,,,,,,,,,,,,,,ground,grade4,193945701,unbekannt
5038,,,,,,,,,,,,,,,,gravel,grade3,193945702,mineralisch
5039,,,,,,,,,,,,,,,,grass,grade5,194096944,begrünt_erdig
5040,,,,,,,,,,,,,,,,asphalt,grade1,194163785,versiegelt
5041,,,,,,,,,,,,,,,,unknown,grade2,194174976,unbekannt
5042,,,,,,,,,,,,,,,,asphalt,unknown,194193492,versiegelt
5043,,,,,,,,,,,,,,,,unknown,unknown,194275517,unbekannt
5044,,,,,,,,,,,,,,,,unknown,grade5,194369992,unbekannt
5045,,,,,,,,,,,,,,,,grass,grade5,194776586,begrünt_erdig
5046,,,,,,,,,,,,,,,,grass,unknown,194776587,begrünt_erdig
5047,,,,,,,,,,,,,,,,grass,grade5,194832183,begrünt_erdig
5048,,,,,,,,,,,,,,,,unknown,unknown,195097471,unbekannt
5049,,,,,,,,,,,,,,,,unknown,unknown,195097476,unbekannt
5050,,,,,,,,,,,,,,,,grass,grade5,195288663,begrünt_erdig
5051,,,,,,,,,,,,,,,,unknown,unknown,195424339,unbekannt
5052,,,,,,,,,,,,,,,,cobblestone,unknown,195996172,unbekannt
5053,,,,,,,,,,,,,,,,cobblestone,unknown,195996174,unbekannt
5054,,,,,,,,,,,,,,,,cobblestone,unknown,195996178,unbekannt
5055,,,,,,,,,,,,,,,,cobblestone,unknown,195996182,unbekannt
5056,,,,,,,,,,,,,,,,cobblestone,unknown,195996184,unbekannt
5057,,,,,,,,,,,,,,,,unknown,unknown,196170400,unbekannt
5058,,,,,,,,,,,,,,,,paving_stones,unknown,196174291,unbekannt
5059,,,,,,,,,,,,,,,,asphalt,unknown,196195611,versiegelt
5060,,,,,,,,,,,,,,,,asphalt,unknown,196195612,versiegelt
5061,,,,,,,,,,,,,,,,unknown,unknown,196252030,unbekannt
5062,,,,,,,,,,,,,,,,unknown,unknown,196252031,unbekannt
5063,,,,,,,,,,,,,,,,grass,unknown,196252032,begrünt_erdig
5064,,,,,,,,,,,,,,,,grass,unknown,196252033,begrünt_erdig
5065,,,,,,,,,,,,,,,,gravel,grade2,196252034,mineralisch
5066,,,,,,,,,,,,,,,,unknown,unknown,196252035,unbekannt
5067,,,,,,,,,,,,,,,,grass,unknown,196252036,begrünt_erdig
5068,,,,,,,,,,,,,,,,grass,grade5,196269432,begrünt_erdig
5069,,,,,,,,,,,,,,,,unknown,grade2,196489521,unbekannt
5070,,,,,,,,,,,,,,,,unknown,unknown,196536827,unbekannt
5071,,,,,,,,,,,,,,,,unknown,unknown,196653388,unbekannt
5072,,,,,,,,,,,,,,,,paving_stones,unknown,197054192,unbekannt
5073,,,,,,,,,,,,,,,,unknown,unknown,197524676,unbekannt
5074,,,,,,,,,,,,,,,,unknown,grade2,197560305,unbekannt
5075,,,,,,,,,,,,,,,,unknown,grade5,197560306,unbekannt
5076,,,,,,,,,,,,,,,,grass,grade5,197560307,begrünt_erdig
5077,,,,,,,,,,,,,,,,unknown,grade1,197560308,unbekannt
5078,,,,,,,,,,,,,,,,grass,grade5,197560309,begrünt_erdig
5079,,,,,,,,,,,,,,,,grass,grade5,197560310,begrünt_erdig
5080,,,,,,,,,,,,,,,,paving_stones,unknown,197637894,unbekannt
5081,,,,,,,,,,,,,,,,paving_stones,unknown,197637895,unbekannt
5082,,,,,,,,,,,,,,,,unknown,unknown,197668217,unbekannt
5083,,,,,,,,,,,,,,,,unknown,unknown,197975756,unbekannt
5084,,,,,,,,,,,,,,,,asphalt,grade1,197979339,versiegelt
5085,,,,,,,,,,,,,,,,unknown,unknown,198081063,unbekannt
5086,,,,,,,,,,,,,,,,unknown,unknown,198186383,unbekannt
5087,,,,,,,,,,,,,,,,unknown,unknown,198186385,unbekannt
5088,,,,,,,,,,,,,,,,asphalt,grade1,198299838,versiegelt
5089,,,,,,,,,,,,,,,,grass,unknown,198301899,begrünt_erdig
5090,,,,,,,,,,,,,,,,grass,grade5,198424959,begrünt_erdig
5091,,,,,,,,,,,,,,,,grass,grade3,198424961,begrünt_erdig
5092,,,,,,,,,,,,,,,,gravel,grade2,198530592,mineralisch
5093,,,,,,,,,,,,,,,,asphalt,grade1,198596360,versiegelt
5094,,,,,,,,,,,,,,,,asphalt,unknown,198610665,versiegelt
5095,,,,,,,,,,,,,,,,unknown,unknown,198626709,unbekannt
5096,,,,,,,,,,,,,,,,unknown,unknown,198671931,unbekannt
5097,,,,,,,,,,,,,,,,gravel,grade2,198726837,mineralisch
5098,,,,,,,,,,,,,,,,gravel,grade2,198726838,mineralisch
5099,,,,,,,,,,,,,,,,compacted,unknown,198726839,mineralisch
5100,,,,,,,,,,,,,,,,unknown,unknown,198745651,unbekannt
5101,,,,,,,,,,,,,,,,unknown,unknown,198745652,unbekannt
5102,,,,,,,,,,,,,,,,unknown,unknown,198848460,unbekannt
5103,,,,,,,,,,,,,,,,unknown,unknown,198978844,unbekannt
5104,,,,,,,,,,,,,,,,asphalt,unknown,198989356,versiegelt
5105,,,,,,,,,,,,,,,,asphalt,unknown,198990378,versiegelt
5106,,,,,,,,,,,,,,,,grass,grade5,199044881,begrünt_erdig
5107,,,,,,,,,,,,,,,,grass,grade4,199187655,begrünt_erdig
5108,,,,,,,,,,,,,,,,unknown,unknown,199250003,unbekannt
5109,,,,,,,,,,,,,,,,unknown,unknown,199250005,unbekannt
5110,,,,,,,,,,,,,,,,unknown,unknown,199272891,unbekannt
5111,,,,,,,,,,,,,,,,unknown,unknown,199683514,unbekannt
5112,,,,,,,,,,,,,,,,unknown,unknown,199683523,unbekannt
5113,,,,,,,,,,,,,,,,unknown,unknown,199896055,unbekannt
5114,,,,,,,,,,,,,,,,unknown,unknown,199896057,unbekannt
5115,,,,,,,,,,,,,,,,unknown,unknown,199896061,unbekannt
5116,,,,,,,,,,,,,,,,unknown,unknown,199896063,unbekannt
5117,,,,,,,,,,,,,,,,unknown,unknown,199896064,unbekannt
5118,,,,,,,,,,,,,,,,unknown,unknown,199896065,unbekannt
5119,,,,,,,,,,,,,,,,unknown,unknown,199896066,unbekannt
5120,,,,,,,,,,,,,,,,unknown,unknown,199896067,unbekannt
5121,,,,,,,,,,,,,,,,unknown,unknown,199896072,unbekannt
5122,,,,,,,,,,,,,,,,unknown,unknown,199896073,unbekannt
5123,,,,,,,,,,,,,,,,unknown,unknown,199900980,unbekannt
5124,,,,,,,,,,,,,,,,ground,grade4,200118457,unbekannt
5125,,,,,,,,,,,,,,,,ground,grade3,200118459,unbekannt
5126,,,,,,,,,,,,,,,,ground,grade3,200129051,unbekannt
5127,,,,,,,,,,,,,,,,grass,unknown,200129054,begrünt_erdig
5128,,,,,,,,,,,,,,,,compacted,grade3,200133907,mineralisch
5129,,,,,,,,,,,,,,,,asphalt,unknown,200335039,versiegelt
5130,,,,,,,,,,,,,,,,unknown,unknown,201951858,unbekannt
5131,,,,,,,,,,,,,,,,grass,grade5,201951859,begrünt_erdig
5132,,,,,,,,,,,,,,,,asphalt,grade2,201963224,versiegelt
5133,,,,,,,,,,,,,,,,asphalt,grade2,201963226,versiegelt
5134,,,,,,,,,,,,,,,,grass,grade5,202126587,begrünt_erdig
5135,,,,,,,,,,,,,,,,unknown,grade3,202754044,unbekannt
5136,,,,,,,,,,,,,,,,ground,grade5,202754081,unbekannt
5137,,,,,,,,,,,,,,,,grass,grade5,203007367,begrünt_erdig
5138,,,,,,,,,,,,,,,,unknown,grade4,203401247,unbekannt
5139,,,,,,,,,,,,,,,,unknown,grade1,203401249,unbekannt
5140,,,,,,,,,,,,,,,,grass,unknown,203401258,begrünt_erdig
5141,,,,,,,,,,,,,,,,gravel,grade2,203866803,mineralisch
5142,,,,,,,,,,,,,,,,grass,grade5,203988694,begrünt_erdig
5143,,,,,,,,,,,,,,,,asphalt,grade1,203988696,versiegelt
5144,,,,,,,,,,,,,,,,asphalt,grade1,203988698,versiegelt
5145,,,,,,,,,,,,,,,,unknown,unknown,204172493,unbekannt
5146,,,,,,,,,,,,,,,,unknown,grade1,204172494,unbekannt
5147,,,,,,,,,,,,,,,,unknown,grade5,204172495,unbekannt
5148,,,,,,,,,,,,,,,,unknown,grade3,204172496,unbekannt
5149,,,,,,,,,,,,,,,,unknown,grade5,204172498,unbekannt
5150,,,,,,,,,,,,,,,,ground,grade5,204172499,unbekannt
5151,,,,,,,,,,,,,,,,unknown,unknown,204172501,unbekannt
5152,,,,,,,,,,,,,,,,unknown,grade5,204172502,unbekannt
5153,,,,,,,,,,,,,,,,asphalt,grade1,204172503,versiegelt
5154,,,,,,,,,,,,,,,,unknown,grade5,204172504,unbekannt
5155,,,,,,,,,,,,,,,,grass,grade3,204172505,begrünt_erdig
5156,,,,,,,,,,,,,,,,unknown,grade5,204172506,unbekannt
5157,,,,,,,,,,,,,,,,unknown,grade5,204172507,unbekannt
5158,,,,,,,,,,,,,,,,unknown,grade5,204172508,unbekannt
5159,,,,,,,,,,,,,,,,asphalt,grade1,204172509,versiegelt
5160,,,,,,,,,,,,,,,,unknown,unknown,204172510,unbekannt
5161,,,,,,,,,,,,,,,,unknown,unknown,204172511,unbekannt
5162,,,,,,,,,,,,,,,,unknown,grade5,204172513,unbekannt
5163,,,,,,,,,,,,,,,,unknown,grade5,204172514,unbekannt
5164,,,,,,,,,,,,,,,,ground,grade5,204172515,unbekannt
5165,,,,,,,,,,,,,,,,unknown,grade5,204172516,unbekannt
5166,,,,,,,,,,,,,,,,unknown,grade3,204172517,unbekannt
5167,,,,,,,,,,,,,,,,unknown,grade5,204172518,unbekannt
5168,,,,,,,,,,,,,,,,unknown,grade5,204172519,unbekannt
5169,,,,,,,,,,,,,,,,unknown,grade5,204172520,unbekannt
5170,,,,,,,,,,,,,,,,unknown,grade1,204172521,unbekannt
5171,,,,,,,,,,,,,,,,unknown,grade5,204172522,unbekannt
5172,,,,,,,,,,,,,,,,unknown,grade5,204172524,unbekannt
5173,,,,,,,,,,,,,,,,unknown,grade5,204172525,unbekannt
5174,,,,,,,,,,,,,,,,compacted,unknown,204172527,mineralisch
5175,,,,,,,,,,,,,,,,unknown,grade5,204172528,unbekannt
5176,,,,,,,,,,,,,,,,unknown,grade3,204172529,unbekannt
5177,,,,,,,,,,,,,,,,unknown,grade5,204172530,unbekannt
5178,,,,,,,,,,,,,,,,unknown,grade5,204172531,unbekannt
5179,,,,,,,,,,,,,,,,ground,grade5,204172532,unbekannt
5180,,,,,,,,,,,,,,,,unknown,unknown,204578421,unbekannt
5181,,,,,,,,,,,,,,,,unknown,unknown,204578422,unbekannt
5182,,,,,,,,,,,,,,,,unknown,grade5,204690563,unbekannt
5183,,,,,,,,,,,,,,,,ground,grade5,204691565,unbekannt
5184,,,,,,,,,,,,,,,,gravel,grade2,204805176,mineralisch
5185,,,,,,,,,,,,,,,,asphalt,grade1,204931819,versiegelt
5186,,,,,,,,,,,,,,,,unknown,unknown,204934935,unbekannt
5187,,,,,,,,,,,,,,,,unknown,unknown,204934936,unbekannt
5188,,,,,,,,,,,,,,,,unknown,unknown,204934937,unbekannt
5189,,,,,,,,,,,,,,,,asphalt,grade1,205760960,versiegelt
5190,,,,,,,,,,,,,,,,unknown,grade2,206719537,unbekannt
5191,,,,,,,,,,,,,,,,ground,grade2,206719609,unbekannt
5192,,,,,,,,,,,,,,,,unknown,grade1,206719610,unbekannt
5193,,,,,,,,,,,,,,,,unknown,grade1,206719612,unbekannt
5194,,,,,,,,,,,,,,,,unknown,grade5,206719613,unbekannt
5195,,,,,,,,,,,,,,,,unknown,grade2,206719615,unbekannt
5196,,,,,,,,,,,,,,,,unknown,grade5,206719616,unbekannt
5197,,,,,,,,,,,,,,,,grass,grade5,206719620,begrünt_erdig
5198,,,,,,,,,,,,,,,,unknown,grade2,206719621,unbekannt
5199,,,,,,,,,,,,,,,,grass,unknown,206719622,begrünt_erdig
5200,,,,,,,,,,,,,,,,unknown,unknown,206719625,unbekannt
5201,,,,,,,,,,,,,,,,grass,unknown,206719626,begrünt_erdig
5202,,,,,,,,,,,,,,,,unknown,grade4,206719627,unbekannt
5203,,,,,,,,,,,,,,,,unknown,grade5,206719628,unbekannt
5204,,,,,,,,,,,,,,,,gravel,grade2,206719630,mineralisch
5205,,,,,,,,,,,,,,,,unknown,unknown,206719632,unbekannt
5206,,,,,,,,,,,,,,,,unknown,grade2,206719633,unbekannt
5207,,,,,,,,,,,,,,,,unknown,grade1,206719634,unbekannt
5208,,,,,,,,,,,,,,,,unknown,grade5,206719635,unbekannt
5209,,,,,,,,,,,,,,,,grass,unknown,206719637,begrünt_erdig
5210,,,,,,,,,,,,,,,,unknown,grade2,206719638,unbekannt
5211,,,,,,,,,,,,,,,,unknown,grade1,206719640,unbekannt
5212,,,,,,,,,,,,,,,,unknown,grade5,206719641,unbekannt
5213,,,,,,,,,,,,,,,,unknown,unknown,206719643,unbekannt
5214,,,,,,,,,,,,,,,,unknown,grade5,206719644,unbekannt
5215,,,,,,,,,,,,,,,,grass,unknown,206719645,begrünt_erdig
5216,,,,,,,,,,,,,,,,unknown,unknown,206719646,unbekannt
5217,,,,,,,,,,,,,,,,unknown,grade1,206719647,unbekannt
5218,,,,,,,,,,,,,,,,unknown,unknown,206719648,unbekannt
5219,,,,,,,,,,,,,,,,unknown,unknown,206719649,unbekannt
5220,,,,,,,,,,,,,,,,unknown,grade5,206719650,unbekannt
5221,,,,,,,,,,,,,,,,unknown,grade5,206719651,unbekannt
5222,,,,,,,,,,,,,,,,unknown,grade2,206719652,unbekannt
5223,,,,,,,,,,,,,,,,unknown,unknown,206719653,unbekannt
5224,,,,,,,,,,,,,,,,unknown,unknown,206719654,unbekannt
5225,,,,,,,,,,,,,,,,unknown,grade5,206719656,unbekannt
5226,,,,,,,,,,,,,,,,ground,grade5,206719657,unbekannt
5227,,,,,,,,,,,,,,,,unknown,grade1,206720916,unbekannt
5228,,,,,,,,,,,,,,,,unknown,unknown,206720917,unbekannt
5229,,,,,,,,,,,,,,,,unknown,grade5,206720918,unbekannt
5230,,,,,,,,,,,,,,,,unknown,grade1,206720919,unbekannt
5231,,,,,,,,,,,,,,,,unknown,grade3,206720920,unbekannt
5232,,,,,,,,,,,,,,,,unknown,grade5,206720921,unbekannt
5233,,,,,,,,,,,,,,,,unknown,grade1,206720922,unbekannt
5234,,,,,,,,,,,,,,,,unknown,grade1,206720923,unbekannt
5235,,,,,,,,,,,,,,,,unknown,grade5,206720924,unbekannt
5236,,,,,,,,,,,,,,,,unknown,grade1,206720925,unbekannt
5237,,,,,,,,,,,,,,,,unknown,grade5,206720926,unbekannt
5238,,,,,,,,,,,,,,,,unknown,grade5,206720927,unbekannt
5239,,,,,,,,,,,,,,,,unknown,grade5,206720928,unbekannt
5240,,,,,,,,,,,,,,,,unknown,grade5,206720929,unbekannt
5241,,,,,,,,,,,,,,,,unknown,grade1,206720930,unbekannt
5242,,,,,,,,,,,,,,,,unknown,grade5,206720931,unbekannt
5243,,,,,,,,,,,,,,,,unknown,grade5,206720932,unbekannt
5244,,,,,,,,,,,,,,,,unknown,grade5,206720933,unbekannt
5245,,,,,,,,,,,,,,,,unknown,grade5,206720934,unbekannt
5246,,,,,,,,,,,,,,,,unknown,grade5,206720935,unbekannt
5247,,,,,,,,,,,,,,,,unknown,grade5,206720936,unbekannt
5248,,,,,,,,,,,,,,,,unknown,grade5,206720937,unbekannt
5249,,,,,,,,,,,,,,,,unknown,grade5,206720938,unbekannt
5250,,,,,,,,,,,,,,,,unknown,grade5,206720939,unbekannt
5251,,,,,,,,,,,,,,,,unknown,grade5,206720940,unbekannt
5252,,,,,,,,,,,,,,,,unknown,grade5,206724111,unbekannt
5253,,,,,,,,,,,,,,,,asphalt,grade1,206724112,versiegelt
5254,,,,,,,,,,,,,,,,unknown,grade1,206724113,unbekannt
5255,,,,,,,,,,,,,,,,unknown,grade3,206724116,unbekannt
5256,,,,,,,,,,,,,,,,unknown,grade5,206724117,unbekannt
5257,,,,,,,,,,,,,,,,unknown,grade5,206724119,unbekannt
5258,,,,,,,,,,,,,,,,unknown,grade5,206724121,unbekannt
5259,,,,,,,,,,,,,,,,unknown,unknown,206724122,unbekannt
5260,,,,,,,,,,,,,,,,unknown,grade5,206724123,unbekannt
5261,,,,,,,,,,,,,,,,unknown,grade3,206724124,unbekannt
5262,,,,,,,,,,,,,,,,unknown,grade5,206724125,unbekannt
5263,,,,,,,,,,,,,,,,unknown,unknown,206724126,unbekannt
5264,,,,,,,,,,,,,,,,unknown,grade5,206724127,unbekannt
5265,,,,,,,,,,,,,,,,unknown,grade5,206724128,unbekannt
5266,,,,,,,,,,,,,,,,unknown,grade5,206724129,unbekannt
5267,,,,,,,,,,,,,,,,unknown,grade1,206724130,unbekannt
5268,,,,,,,,,,,,,,,,unknown,grade5,206724131,unbekannt
5269,,,,,,,,,,,,,,,,unknown,grade5,206724132,unbekannt
5270,,,,,,,,,,,,,,,,unknown,grade4,206724133,unbekannt
5271,,,,,,,,,,,,,,,,unknown,grade3,206724134,unbekannt
5272,,,,,,,,,,,,,,,,unknown,grade5,206724135,unbekannt
5273,,,,,,,,,,,,,,,,unknown,grade5,206724136,unbekannt
5274,,,,,,,,,,,,,,,,unknown,grade5,206724137,unbekannt
5275,,,,,,,,,,,,,,,,unknown,grade5,206724139,unbekannt
5276,,,,,,,,,,,,,,,,unknown,grade3,206724140,unbekannt
5277,,,,,,,,,,,,,,,,gravel,grade2,206725372,mineralisch
5278,,,,,,,,,,,,,,,,asphalt,grade1,206725374,versiegelt
5279,,,,,,,,,,,,,,,,unknown,unknown,206869190,unbekannt
5280,,,,,,,,,,,,,,,,asphalt,unknown,206896451,versiegelt
5281,,,,,,,,,,,,,,,,paving_stones,unknown,206897001,unbekannt
5282,,,,,,,,,,,,,,,,paving_stones,unknown,206897002,unbekannt
5283,,,,,,,,,,,,,,,,paving_stones,unknown,206897003,unbekannt
5284,,,,,,,,,,,,,,,,paving_stones,unknown,206897004,unbekannt
5285,,,,,,,,,,,,,,,,gravel,unknown,207165392,mineralisch
5286,,,,,,,,,,,,,,,,unknown,unknown,207811062,unbekannt
5287,,,,,,,,,,,,,,,,grass,grade5,207855210,begrünt_erdig
5288,,,,,,,,,,,,,,,,unknown,grade2,207860542,unbekannt
5289,,,,,,,,,,,,,,,,unknown,grade1,207876749,unbekannt
5290,,,,,,,,,,,,,,,,unknown,grade1,207876750,unbekannt
5291,,,,,,,,,,,,,,,,unknown,grade1,207876752,unbekannt
5292,,,,,,,,,,,,,,,,unknown,grade3,207878178,unbekannt
5293,,,,,,,,,,,,,,,,unknown,unknown,207971913,unbekannt
5294,,,,,,,,,,,,,,,,unknown,unknown,207971914,unbekannt
5295,,,,,,,,,,,,,,,,unknown,unknown,207971915,unbekannt
5296,,,,,,,,,,,,,,,,unknown,unknown,207971916,unbekannt
5297,,,,,,,,,,,,,,,,unknown,unknown,207971917,unbekannt
5298,,,,,,,,,,,,,,,,unknown,unknown,207971918,unbekannt
5299,,,,,,,,,,,,,,,,unknown,unknown,207990245,unbekannt
5300,,,,,,,,,,,,,,,,grass,grade5,208707113,begrünt_erdig
5301,,,,,,,,,,,,,,,,unknown,unknown,208764205,unbekannt
5302,,,,,,,,,,,,,,,,asphalt,unknown,208764206,versiegelt
5303,,,,,,,,,,,,,,,,grass,grade5,208846097,begrünt_erdig
5304,,,,,,,,,,,,,,,,asphalt,grade1,208853881,versiegelt
5305,,,,,,,,,,,,,,,,unknown,unknown,209148170,unbekannt
5306,,,,,,,,,,,,,,,,unknown,unknown,209265160,unbekannt
5307,,,,,,,,,,,,,,,,grass,grade4,209757637,begrünt_erdig
5308,,,,,,,,,,,,,,,,gravel,unknown,210204630,mineralisch
5309,,,,,,,,,,,,,,,,grass,grade5,210386201,begrünt_erdig
5310,,,,,,,,,,,,,,,,unknown,grade5,210581435,unbekannt
5311,,,,,,,,,,,,,,,,unknown,unknown,210647933,unbekannt
5312,,,,,,,,,,,,,,,,unknown,unknown,210647934,unbekannt
5313,,,,,,,,,,,,,,,,grass,grade5,213796256,begrünt_erdig
5314,,,,,,,,,,,,,,,,asphalt,unknown,214175681,versiegelt
5315,,,,,,,,,,,,,,,,asphalt,unknown,214175684,versiegelt
5316,,,,,,,,,,,,,,,,unknown,unknown,214817156,unbekannt
5317,,,,,,,,,,,,,,,,grass,grade4,214817157,begrünt_erdig
5318,,,,,,,,,,,,,,,,unknown,unknown,214817162,unbekannt
5319,,,,,,,,,,,,,,,,unknown,unknown,214817165,unbekannt
5320,,,,,,,,,,,,,,,,asphalt,unknown,215830625,versiegelt
5321,,,,,,,,,,,,,,,,grass,grade5,216651781,begrünt_erdig
5322,,,,,,,,,,,,,,,,grass,grade4,216940195,begrünt_erdig
5323,,,,,,,,,,,,,,,,grass,grade5,216940196,begrünt_erdig
5324,,,,,,,,,,,,,,,,asphalt,grade1,217209756,versiegelt
5325,,,,,,,,,,,,,,,,gravel,grade2,217209757,mineralisch
5326,,,,,,,,,,,,,,,,asphalt,grade1,217209758,versiegelt
5327,,,,,,,,,,,,,,,,unknown,grade5,217209759,unbekannt
5328,,,,,,,,,,,,,,,,grass,grade4,217209760,begrünt_erdig
5329,,,,,,,,,,,,,,,,asphalt,grade1,217209761,versiegelt
5330,,,,,,,,,,,,,,,,gravel,grade2,217209762,mineralisch
5331,,,,,,,,,,,,,,,,grass,grade4,217209765,begrünt_erdig
5332,,,,,,,,,,,,,,,,gravel,grade3,217209769,mineralisch
5333,,,,,,,,,,,,,,,,unknown,unknown,217311179,unbekannt
5334,,,,,,,,,,,,,,,,gravel,grade2,217345498,mineralisch
5335,,,,,,,,,,,,,,,,grass,grade5,217346290,begrünt_erdig
5336,,,,,,,,,,,,,,,,gravel,grade2,217352408,mineralisch
5337,,,,,,,,,,,,,,,,asphalt,unknown,218521125,versiegelt
5338,,,,,,,,,,,,,,,,asphalt,unknown,218521128,versiegelt
5339,,,,,,,,,,,,,,,,asphalt,unknown,218521129,versiegelt
5340,,,,,,,,,,,,,,,,paving_stones,unknown,218571981,unbekannt
5341,,,,,,,,,,,,,,,,unknown,grade5,218789564,unbekannt
5342,,,,,,,,,,,,,,,,gravel,grade2,219447603,mineralisch
5343,,,,,,,,,,,,,,,,unknown,grade4,220264528,unbekannt
5344,,,,,,,,,,,,,,,,ground,unknown,220264535,unbekannt
5345,,,,,,,,,,,,,,,,grass,unknown,220264540,begrünt_erdig
5346,,,,,,,,,,,,,,,,ground,grade4,220264547,unbekannt
5347,,,,,,,,,,,,,,,,ground,unknown,220265914,unbekannt
5348,,,,,,,,,,,,,,,,unknown,unknown,220920864,unbekannt
5349,,,,,,,,,,,,,,,,unknown,unknown,220924043,unbekannt
5350,,,,,,,,,,,,,,,,unknown,unknown,220940794,unbekannt
5351,,,,,,,,,,,,,,,,unknown,grade5,221870240,unbekannt
5352,,,,,,,,,,,,,,,,unknown,grade1,221870243,unbekannt
5353,,,,,,,,,,,,,,,,unknown,grade5,221870244,unbekannt
5354,,,,,,,,,,,,,,,,grass,grade5,221870245,begrünt_erdig
5355,,,,,,,,,,,,,,,,unknown,grade3,221870247,unbekannt
5356,,,,,,,,,,,,,,,,grass,grade5,221870248,begrünt_erdig
5357,,,,,,,,,,,,,,,,unknown,grade3,221870250,unbekannt
5358,,,,,,,,,,,,,,,,grass,grade5,221870252,begrünt_erdig
5359,,,,,,,,,,,,,,,,unknown,grade3,221870253,unbekannt
5360,,,,,,,,,,,,,,,,grass,grade5,221870255,begrünt_erdig
5361,,,,,,,,,,,,,,,,unknown,grade5,221870257,unbekannt
5362,,,,,,,,,,,,,,,,unknown,grade5,221870258,unbekannt
5363,,,,,,,,,,,,,,,,grass,grade5,221870260,begrünt_erdig
5364,,,,,,,,,,,,,,,,unknown,unknown,221870261,unbekannt
5365,,,,,,,,,,,,,,,,unknown,grade5,221870262,unbekannt
5366,,,,,,,,,,,,,,,,unknown,grade5,221870264,unbekannt
5367,,,,,,,,,,,,,,,,unknown,grade5,221870265,unbekannt
5368,,,,,,,,,,,,,,,,unknown,unknown,221962071,unbekannt
5369,,,,,,,,,,,,,,,,unknown,unknown,221962072,unbekannt
5370,,,,,,,,,,,,,,,,unknown,grade5,221962073,unbekannt
5371,,,,,,,,,,,,,,,,unknown,grade5,221962074,unbekannt
5372,,,,,,,,,,,,,,,,unknown,grade4,221962075,unbekannt
5373,,,,,,,,,,,,,,,,unknown,unknown,221962076,unbekannt
5374,,,,,,,,,,,,,,,,unknown,unknown,221962077,unbekannt
5375,,,,,,,,,,,,,,,,asphalt,unknown,222027617,versiegelt
5376,,,,,,,,,,,,,,,,asphalt,unknown,222027619,versiegelt
5377,,,,,,,,,,,,,,,,asphalt,grade1,222027621,versiegelt
5378,,,,,,,,,,,,,,,,asphalt,grade1,222027624,versiegelt
5379,,,,,,,,,,,,,,,,asphalt,grade1,222027626,versiegelt
5380,,,,,,,,,,,,,,,,asphalt,unknown,222064736,versiegelt
5381,,,,,,,,,,,,,,,,asphalt,unknown,222557048,versiegelt
5382,,,,,,,,,,,,,,,,gravel,grade2,222694870,mineralisch
5383,,,,,,,,,,,,,,,,asphalt,unknown,223064831,versiegelt
5384,,,,,,,,,,,,,,,,unknown,grade4,223115192,unbekannt
5385,,,,,,,,,,,,,,,,unknown,grade3,223115194,unbekannt
5386,,,,,,,,,,,,,,,,unknown,grade3,223115195,unbekannt
5387,,,,,,,,,,,,,,,,gravel,grade2,223173082,mineralisch
5388,,,,,,,,,,,,,,,,gravel,grade3,223173083,mineralisch
5389,,,,,,,,,,,,,,,,unknown,unknown,223962811,unbekannt
5390,,,,,,,,,,,,,,,,unknown,unknown,224102781,unbekannt
5391,,,,,,,,,,,,,,,,unknown,unknown,224955968,unbekannt
5392,,,,,,,,,,,,,,,,unknown,grade2,224969614,unbekannt
5393,,,,,,,,,,,,,,,,paving_stones,grade1,225470599,unbekannt
5394,,,,,,,,,,,,,,,,asphalt,unknown,225605966,versiegelt
5395,,,,,,,,,,,,,,,,asphalt,unknown,225605967,versiegelt
5396,,,,,,,,,,,,,,,,asphalt,unknown,225610586,versiegelt
5397,,,,,,,,,,,,,,,,asphalt,unknown,225611477,versiegelt
5398,,,,,,,,,,,,,,,,earth,unknown,225710604,unbekannt
5399,,,,,,,,,,,,,,,,gravel,grade2,225710605,mineralisch
5400,,,,,,,,,,,,,,,,earth,unknown,225710609,unbekannt
5401,,,,,,,,,,,,,,,,unknown,unknown,227674093,unbekannt
5402,,,,,,,,,,,,,,,,unknown,unknown,227674094,unbekannt
5403,,,,,,,,,,,,,,,,asphalt,unknown,227674095,versiegelt
5404,,,,,,,,,,,,,,,,unknown,unknown,227674096,unbekannt
5405,,,,,,,,,,,,,,,,unknown,unknown,227674097,unbekannt
5406,,,,,,,,,,,,,,,,asphalt,unknown,227674098,versiegelt
5407,,,,,,,,,,,,,,,,unknown,unknown,227674099,unbekannt
5408,,,,,,,,,,,,,,,,unknown,unknown,227674102,unbekannt
5409,,,,,,,,,,,,,,,,asphalt,unknown,227674103,versiegelt
5410,,,,,,,,,,,,,,,,grass,grade5,227928062,begrünt_erdig
5411,,,,,,,,,,,,,,,,unknown,unknown,227954905,unbekannt
5412,,,,,,,,,,,,,,,,asphalt,unknown,227954906,versiegelt
5413,,,,,,,,,,,,,,,,gravel,grade2,228055279,mineralisch
5414,,,,,,,,,,,,,,,,gravel,grade2,228055284,mineralisch
5415,,,,,,,,,,,,,,,,unknown,unknown,229939659,unbekannt
5416,,,,,,,,,,,,,,,,unknown,unknown,229939660,unbekannt
5417,,,,,,,,,,,,,,,,unknown,unknown,229939661,unbekannt
5418,,,,,,,,,,,,,,,,unknown,unknown,229939662,unbekannt
5419,,,,,,,,,,,,,,,,unknown,unknown,229939663,unbekannt
5420,,,,,,,,,,,,,,,,unknown,unknown,229939665,unbekannt
5421,,,,,,,,,,,,,,,,unknown,unknown,229939666,unbekannt
5422,,,,,,,,,,,,,,,,unknown,unknown,229939667,unbekannt
5423,,,,,,,,,,,,,,,,unknown,unknown,229939668,unbekannt
5424,,,,,,,,,,,,,,,,asphalt,unknown,230187455,versiegelt
5425,,,,,,,,,,,,,,,,unknown,unknown,232115760,unbekannt
5426,,,,,,,,,,,,,,,,grass,grade4,232473827,begrünt_erdig
5427,,,,,,,,,,,,,,,,grass,grade5,233618611,begrünt_erdig
5428,,,,,,,,,,,,,,,,unknown,unknown,233821220,unbekannt
5429,,,,,,,,,,,,,,,,asphalt,unknown,233830132,versiegelt
5430,,,,,,,,,,,,,,,,paving_stones,unknown,234884470,unbekannt
5431,,,,,,,,,,,,,,,,pebblestone,unknown,234887886,unbekannt
5432,,,,,,,,,,,,,,,,compacted,unknown,234912147,mineralisch
5433,,,,,,,,,,,,,,,,asphalt,grade1,234912148,versiegelt
5434,,,,,,,,,,,,,,,,compacted,unknown,234912150,mineralisch
5435,,,,,,,,,,,,,,,,asphalt,unknown,234914317,versiegelt
5436,,,,,,,,,,,,,,,,ground,grade5,236597062,unbekannt
5437,,,,,,,,,,,,,,,,asphalt,grade1,236597064,versiegelt
5438,,,,,,,,,,,,,,,,unknown,grade5,236597066,unbekannt
5439,,,,,,,,,,,,,,,,unknown,grade5,236597068,unbekannt
5440,,,,,,,,,,,,,,,,unknown,unknown,236597069,unbekannt
5441,,,,,,,,,,,,,,,,unknown,unknown,236597071,unbekannt
5442,,,,,,,,,,,,,,,,ground,unknown,236597073,unbekannt
5443,,,,,,,,,,,,,,,,ground,grade5,236597076,unbekannt
5444,,,,,,,,,,,,,,,,unknown,unknown,236597077,unbekannt
5445,,,,,,,,,,,,,,,,unknown,grade2,236597079,unbekannt
5446,,,,,,,,,,,,,,,,unknown,grade5,236597081,unbekannt
5447,,,,,,,,,,,,,,,,unknown,grade5,236597082,unbekannt
5448,,,,,,,,,,,,,,,,unknown,grade5,236597084,unbekannt
5449,,,,,,,,,,,,,,,,gravel,grade2,236597085,mineralisch
5450,,,,,,,,,,,,,,,,gravel,unknown,236597088,mineralisch
5451,,,,,,,,,,,,,,,,asphalt,grade1,236597089,versiegelt
5452,,,,,,,,,,,,,,,,unknown,unknown,236597091,unbekannt
5453,,,,,,,,,,,,,,,,unknown,grade2,236597093,unbekannt
5454,,,,,,,,,,,,,,,,unknown,grade2,236597097,unbekannt
5455,,,,,,,,,,,,,,,,unknown,grade5,236597098,unbekannt
5456,,,,,,,,,,,,,,,,unknown,grade5,236605898,unbekannt
5457,,,,,,,,,,,,,,,,unknown,unknown,236605899,unbekannt
5458,,,,,,,,,,,,,,,,unknown,unknown,236605901,unbekannt
5459,,,,,,,,,,,,,,,,unknown,unknown,236605903,unbekannt
5460,,,,,,,,,,,,,,,,unknown,unknown,236605904,unbekannt
5461,,,,,,,,,,,,,,,,unknown,unknown,236605906,unbekannt
5462,,,,,,,,,,,,,,,,unknown,grade5,236605908,unbekannt
5463,,,,,,,,,,,,,,,,unknown,grade5,236605910,unbekannt
5464,,,,,,,,,,,,,,,,unknown,unknown,237506914,unbekannt
5465,,,,,,,,,,,,,,,,unknown,unknown,237532870,unbekannt
5466,,,,,,,,,,,,,,,,unknown,unknown,237532871,unbekannt
5467,,,,,,,,,,,,,,,,compacted,unknown,237673913,mineralisch
5468,,,,,,,,,,,,,,,,gravel,grade2,237855308,mineralisch
5469,,,,,,,,,,,,,,,,asphalt,unknown,237855309,versiegelt
5470,,,,,,,,,,,,,,,,unknown,unknown,238307635,unbekannt
5471,,,,,,,,,,,,,,,,unknown,unknown,238409355,unbekannt
5472,,,,,,,,,,,,,,,,grass,unknown,238496071,begrünt_erdig
5473,,,,,,,,,,,,,,,,unknown,unknown,238496075,unbekannt
5474,,,,,,,,,,,,,,,,grass,unknown,238499344,begrünt_erdig
5475,,,,,,,,,,,,,,,,earth,unknown,238778061,unbekannt
5476,,,,,,,,,,,,,,,,fine_gravel,grade2,238886895,mineralisch
5477,,,,,,,,,,,,,,,,fine_gravel,grade2,238886896,mineralisch
5478,,,,,,,,,,,,,,,,gravel,grade2,238886897,mineralisch
5479,,,,,,,,,,,,,,,,fine_gravel,grade3,238886898,mineralisch
5480,,,,,,,,,,,,,,,,gravel,grade2,238886899,mineralisch
5481,,,,,,,,,,,,,,,,fine_gravel,grade3,238886900,mineralisch
5482,,,,,,,,,,,,,,,,fine_gravel,grade2,238886901,mineralisch
5483,,,,,,,,,,,,,,,,gravel,grade3,238886902,mineralisch
5484,,,,,,,,,,,,,,,,unknown,grade2,238886903,unbekannt
5485,,,,,,,,,,,,,,,,fine_gravel,grade2,238886904,mineralisch
5486,,,,,,,,,,,,,,,,gravel,grade2,238886905,mineralisch
5487,,,,,,,,,,,,,,,,fine_gravel,grade2,238886906,mineralisch
5488,,,,,,,,,,,,,,,,gravel,grade2,238886907,mineralisch
5489,,,,,,,,,,,,,,,,asphalt,unknown,238893544,versiegelt
5490,,,,,,,,,,,,,,,,gravel,grade4,238893545,mineralisch
5491,,,,,,,,,,,,,,,,fine_gravel,grade3,238893548,mineralisch
5492,,,,,,,,,,,,,,,,fine_gravel,grade2,238893551,mineralisch
5493,,,,,,,,,,,,,,,,gravel,grade2,238893553,mineralisch
5494,,,,,,,,,,,,,,,,fine_gravel,grade2,238893558,mineralisch
5495,,,,,,,,,,,,,,,,unknown,unknown,238893562,unbekannt
5496,,,,,,,,,,,,,,,,asphalt,grade1,238893565,versiegelt
5497,,,,,,,,,,,,,,,,paving_stones,unknown,238893567,unbekannt
5498,,,,,,,,,,,,,,,,gravel,grade3,238893570,mineralisch
5499,,,,,,,,,,,,,,,,fine_gravel,grade4,238893576,mineralisch
5500,,,,,,,,,,,,,,,,ground,unknown,238893581,unbekannt
5501,,,,,,,,,,,,,,,,grass,grade5,238893585,begrünt_erdig
5502,,,,,,,,,,,,,,,,asphalt,grade1,238893590,versiegelt
5503,,,,,,,,,,,,,,,,gravel,grade3,238947315,mineralisch
5504,,,,,,,,,,,,,,,,grass,grade5,238947316,begrünt_erdig
5505,,,,,,,,,,,,,,,,fine_gravel,grade2,238947317,mineralisch
5506,,,,,,,,,,,,,,,,ground,unknown,238947318,unbekannt
5507,,,,,,,,,,,,,,,,fine_gravel,grade2,238976804,mineralisch
5508,,,,,,,,,,,,,,,,unknown,grade2,239360159,unbekannt
5509,,,,,,,,,,,,,,,,unknown,grade2,239360160,unbekannt
5510,,,,,,,,,,,,,,,,unknown,grade4,239360161,unbekannt
5511,,,,,,,,,,,,,,,,unknown,unknown,239937030,unbekannt
5512,,,,,,,,,,,,,,,,unknown,unknown,239958052,unbekannt
5513,,,,,,,,,,,,,,,,grass,grade4,239958053,begrünt_erdig
5514,,,,,,,,,,,,,,,,compacted,grade3,240522289,mineralisch
5515,,,,,,,,,,,,,,,,asphalt,unknown,240522298,versiegelt
5516,,,,,,,,,,,,,,,,unknown,grade3,240531101,unbekannt
5517,,,,,,,,,,,,,,,,unknown,grade2,240531107,unbekannt
5518,,,,,,,,,,,,,,,,compacted,grade3,240531108,mineralisch
5519,,,,,,,,,,,,,,,,gravel,grade2,240531109,mineralisch
5520,,,,,,,,,,,,,,,,unknown,grade2,240531110,unbekannt
5521,,,,,,,,,,,,,,,,unknown,grade3,240531114,unbekannt
5522,,,,,,,,,,,,,,,,compacted,grade2,240531115,mineralisch
5523,,,,,,,,,,,,,,,,asphalt,grade1,240531116,versiegelt
5524,,,,,,,,,,,,,,,,unknown,unknown,240531117,unbekannt
5525,,,,,,,,,,,,,,,,asphalt,unknown,240531118,versiegelt
5526,,,,,,,,,,,,,,,,compacted,grade2,240531119,mineralisch
5527,,,,,,,,,,,,,,,,unknown,grade4,240659133,unbekannt
5528,,,,,,,,,,,,,,,,unknown,grade5,240659134,unbekannt
5529,,,,,,,,,,,,,,,,unknown,grade5,240659135,unbekannt
5530,,,,,,,,,,,,,,,,unknown,grade5,240659136,unbekannt
5531,,,,,,,,,,,,,,,,unknown,grade4,240659137,unbekannt
5532,,,,,,,,,,,,,,,,unknown,grade4,240659138,unbekannt
5533,,,,,,,,,,,,,,,,unknown,grade4,240659139,unbekannt
5534,,,,,,,,,,,,,,,,unknown,grade4,240659140,unbekannt
5535,,,,,,,,,,,,,,,,unknown,grade4,240659141,unbekannt
5536,,,,,,,,,,,,,,,,unknown,grade5,240659142,unbekannt
5537,,,,,,,,,,,,,,,,unknown,grade5,240659143,unbekannt
5538,,,,,,,,,,,,,,,,ground,grade4,240915243,unbekannt
5539,,,,,,,,,,,,,,,,asphalt,grade1,242735212,versiegelt
5540,,,,,,,,,,,,,,,,unknown,grade3,242735213,unbekannt
5541,,,,,,,,,,,,,,,,unknown,grade4,242735214,unbekannt
5542,,,,,,,,,,,,,,,,dirt,grade4,242735216,begrünt_erdig
5543,,,,,,,,,,,,,,,,asphalt,unknown,242735219,versiegelt
5544,,,,,,,,,,,,,,,,asphalt,unknown,242735221,versiegelt
5545,,,,,,,,,,,,,,,,unknown,unknown,242736414,unbekannt
5546,,,,,,,,,,,,,,,,unknown,unknown,242736415,unbekannt
5547,,,,,,,,,,,,,,,,unknown,unknown,242736416,unbekannt
5548,,,,,,,,,,,,,,,,ground,grade3,242842694,unbekannt
5549,,,,,,,,,,,,,,,,grass,grade5,243212844,begrünt_erdig
5550,,,,,,,,,,,,,,,,grass,grade5,243212846,begrünt_erdig
5551,,,,,,,,,,,,,,,,grass,grade5,243212848,begrünt_erdig
5552,,,,,,,,,,,,,,,,grass,grade5,243212850,begrünt_erdig
5553,,,,,,,,,,,,,,,,compacted,grade2,245050588,mineralisch
5554,,,,,,,,,,,,,,,,grass,grade5,245050589,begrünt_erdig
5555,,,,,,,,,,,,,,,,asphalt,unknown,252283874,versiegelt
5556,,,,,,,,,,,,,,,,gravel,grade2,252522654,mineralisch
5557,,,,,,,,,,,,,,,,ground,unknown,252522655,unbekannt
5558,,,,,,,,,,,,,,,,ground,unknown,252522658,unbekannt
5559,,,,,,,,,,,,,,,,ground,grade3,252522661,unbekannt
5560,,,,,,,,,,,,,,,,unknown,grade3,252592188,unbekannt
5561,,,,,,,,,,,,,,,,ground,grade3,252738212,unbekannt
5562,,,,,,,,,,,,,,,,unknown,grade3,252738213,unbekannt
5563,,,,,,,,,,,,,,,,unknown,grade4,252738452,unbekannt
5564,,,,,,,,,,,,,,,,unknown,grade4,252738484,unbekannt
5565,,,,,,,,,,,,,,,,unknown,grade4,252738530,unbekannt
5566,,,,,,,,,,,,,,,,asphalt,unknown,253154576,versiegelt
5567,,,,,,,,,,,,,,,,unknown,unknown,253673571,unbekannt
5568,,,,,,,,,,,,,,,,asphalt,unknown,254567164,versiegelt
5569,,,,,,,,,,,,,,,,asphalt,unknown,254567166,versiegelt
5570,,,,,,,,,,,,,,,,asphalt,unknown,254567167,versiegelt
5571,,,,,,,,,,,,,,,,asphalt,unknown,254567169,versiegelt
5572,,,,,,,,,,,,,,,,asphalt,unknown,254567170,versiegelt
5573,,,,,,,,,,,,,,,,asphalt,unknown,254567171,versiegelt
5574,,,,,,,,,,,,,,,,asphalt,unknown,254567173,versiegelt
5575,,,,,,,,,,,,,,,,asphalt,unknown,254567174,versiegelt
5576,,,,,,,,,,,,,,,,asphalt,unknown,254567175,versiegelt
5577,,,,,,,,,,,,,,,,asphalt,unknown,254568922,versiegelt
5578,,,,,,,,,,,,,,,,paving_stones,unknown,254568925,unbekannt
5579,,,,,,,,,,,,,,,,grass,grade5,256387308,begrünt_erdig
5580,,,,,,,,,,,,,,,,ground,grade5,256387311,unbekannt
5581,,,,,,,,,,,,,,,,unknown,unknown,256387312,unbekannt
5582,,,,,,,,,,,,,,,,unknown,unknown,256387314,unbekannt
5583,,,,,,,,,,,,,,,,unknown,unknown,256387315,unbekannt
5584,,,,,,,,,,,,,,,,unknown,unknown,256387317,unbekannt
5585,,,,,,,,,,,,,,,,unknown,unknown,256387318,unbekannt
5586,,,,,,,,,,,,,,,,unknown,unknown,256387321,unbekannt
5587,,,,,,,,,,,,,,,,gravel,grade2,256387322,mineralisch
5588,,,,,,,,,,,,,,,,unknown,grade5,256387323,unbekannt
5589,,,,,,,,,,,,,,,,unknown,grade3,256387326,unbekannt
5590,,,,,,,,,,,,,,,,unknown,grade5,256387329,unbekannt
5591,,,,,,,,,,,,,,,,unknown,grade5,256387331,unbekannt
5592,,,,,,,,,,,,,,,,unknown,unknown,256387332,unbekannt
5593,,,,,,,,,,,,,,,,grass,grade5,256387333,begrünt_erdig
5594,,,,,,,,,,,,,,,,unknown,grade5,256387334,unbekannt
5595,,,,,,,,,,,,,,,,ground,grade5,256387336,unbekannt
5596,,,,,,,,,,,,,,,,unknown,grade2,256387337,unbekannt
5597,,,,,,,,,,,,,,,,unknown,grade5,256473956,unbekannt
5598,,,,,,,,,,,,,,,,unknown,grade5,256473957,unbekannt
5599,,,,,,,,,,,,,,,,unknown,grade5,256473958,unbekannt
5600,,,,,,,,,,,,,,,,unknown,grade5,256473959,unbekannt
5601,,,,,,,,,,,,,,,,unknown,unknown,256473960,unbekannt
5602,,,,,,,,,,,,,,,,asphalt,unknown,256915134,versiegelt
5603,,,,,,,,,,,,,,,,asphalt,unknown,260612443,versiegelt
5604,,,,,,,,,,,,,,,,grass,grade5,260612445,begrünt_erdig
5605,,,,,,,,,,,,,,,,ground,unknown,260612446,unbekannt
5606,,,,,,,,,,,,,,,,grass,grade5,260612447,begrünt_erdig
5607,,,,,,,,,,,,,,,,grass,unknown,260612448,begrünt_erdig
5608,,,,,,,,,,,,,,,,unknown,grade5,261246116,unbekannt
5609,,,,,,,,,,,,,,,,unknown,unknown,262117712,unbekannt
5610,,,,,,,,,,,,,,,,unknown,unknown,262117713,unbekannt
5611,,,,,,,,,,,,,,,,unknown,unknown,262117714,unbekannt
5612,,,,,,,,,,,,,,,,unknown,unknown,262117715,unbekannt
5613,,,,,,,,,,,,,,,,ground,grade3,262117716,unbekannt
5614,,,,,,,,,,,,,,,,unknown,unknown,262117717,unbekannt
5615,,,,,,,,,,,,,,,,unknown,unknown,262117718,unbekannt
5616,,,,,,,,,,,,,,,,unknown,unknown,262117720,unbekannt
5617,,,,,,,,,,,,,,,,unknown,unknown,262117722,unbekannt
5618,,,,,,,,,,,,,,,,unknown,unknown,262117723,unbekannt
5619,,,,,,,,,,,,,,,,unknown,unknown,262117724,unbekannt
5620,,,,,,,,,,,,,,,,unknown,unknown,262117725,unbekannt
5621,,,,,,,,,,,,,,,,unknown,unknown,262384892,unbekannt
5622,,,,,,,,,,,,,,,,asphalt,grade1,262384895,versiegelt
5623,,,,,,,,,,,,,,,,unknown,unknown,262384897,unbekannt
5624,,,,,,,,,,,,,,,,unknown,unknown,262384898,unbekannt
5625,,,,,,,,,,,,,,,,unknown,unknown,262384900,unbekannt
5626,,,,,,,,,,,,,,,,unknown,unknown,262391317,unbekannt
5627,,,,,,,,,,,,,,,,unknown,unknown,262391320,unbekannt
5628,,,,,,,,,,,,,,,,unknown,unknown,262397950,unbekannt
5629,,,,,,,,,,,,,,,,unknown,unknown,262397951,unbekannt
5630,,,,,,,,,,,,,,,,unknown,unknown,262397952,unbekannt
5631,,,,,,,,,,,,,,,,unknown,unknown,262397953,unbekannt
5632,,,,,,,,,,,,,,,,unknown,unknown,262397954,unbekannt
5633,,,,,,,,,,,,,,,,unknown,unknown,262397955,unbekannt
5634,,,,,,,,,,,,,,,,unknown,unknown,262397956,unbekannt
5635,,,,,,,,,,,,,,,,unknown,unknown,262397957,unbekannt
5636,,,,,,,,,,,,,,,,unknown,unknown,262397959,unbekannt
5637,,,,,,,,,,,,,,,,unknown,unknown,262397960,unbekannt
5638,,,,,,,,,,,,,,,,unknown,unknown,262397962,unbekannt
5639,,,,,,,,,,,,,,,,unknown,unknown,262397963,unbekannt
5640,,,,,,,,,,,,,,,,unknown,unknown,262415596,unbekannt
5641,,,,,,,,,,,,,,,,unknown,grade3,262415598,unbekannt
5642,,,,,,,,,,,,,,,,unknown,unknown,262415601,unbekannt
5643,,,,,,,,,,,,,,,,unknown,grade5,262415603,unbekannt
5644,,,,,,,,,,,,,,,,unknown,grade4,262505089,unbekannt
5645,,,,,,,,,,,,,,,,unknown,grade4,263182670,unbekannt
5646,,,,,,,,,,,,,,,,unknown,grade2,263978659,unbekannt
5647,,,,,,,,,,,,,,,,unknown,grade1,263978660,unbekannt
5648,,,,,,,,,,,,,,,,asphalt,unknown,264007260,versiegelt
5649,,,,,,,,,,,,,,,,paving_stones,unknown,264010868,unbekannt
5650,,,,,,,,,,,,,,,,unknown,unknown,264013305,unbekannt
5651,,,,,,,,,,,,,,,,unknown,unknown,264013819,unbekannt
5652,,,,,,,,,,,,,,,,unknown,grade4,264013820,unbekannt
5653,,,,,,,,,,,,,,,,asphalt,unknown,264519294,versiegelt
5654,,,,,,,,,,,,,,,,asphalt,unknown,264637941,versiegelt
5655,,,,,,,,,,,,,,,,unknown,unknown,265388913,unbekannt
5656,,,,,,,,,,,,,,,,unknown,grade4,265428280,unbekannt
5657,,,,,,,,,,,,,,,,asphalt,unknown,265428281,versiegelt
5658,,,,,,,,,,,,,,,,unknown,unknown,265428282,unbekannt
5659,,,,,,,,,,,,,,,,unknown,unknown,265428283,unbekannt
5660,,,,,,,,,,,,,,,,unknown,unknown,265428284,unbekannt
5661,,,,,,,,,,,,,,,,unknown,unknown,265428285,unbekannt
5662,,,,,,,,,,,,,,,,unknown,unknown,265428287,unbekannt
5663,,,,,,,,,,,,,,,,compacted,grade2,265428289,mineralisch
5664,,,,,,,,,,,,,,,,unknown,unknown,265428291,unbekannt
5665,,,,,,,,,,,,,,,,unknown,unknown,265587004,unbekannt
5666,,,,,,,,,,,,,,,,unknown,unknown,265587005,unbekannt
5667,,,,,,,,,,,,,,,,unknown,unknown,265587006,unbekannt
5668,,,,,,,,,,,,,,,,asphalt,grade1,265587007,versiegelt
5669,,,,,,,,,,,,,,,,unknown,unknown,265587008,unbekannt
5670,,,,,,,,,,,,,,,,unknown,unknown,265587009,unbekannt
5671,,,,,,,,,,,,,,,,unknown,unknown,265587010,unbekannt
5672,,,,,,,,,,,,,,,,compacted,unknown,265590753,mineralisch
5673,,,,,,,,,,,,,,,,gravel,grade2,265590754,mineralisch
5674,,,,,,,,,,,,,,,,asphalt,grade1,265591016,versiegelt
5675,,,,,,,,,,,,,,,,unknown,grade1,267276273,unbekannt
5676,,,,,,,,,,,,,,,,grass,grade4,267276276,begrünt_erdig
5677,,,,,,,,,,,,,,,,unknown,unknown,267276277,unbekannt
5678,,,,,,,,,,,,,,,,unknown,unknown,267276278,unbekannt
5679,,,,,,,,,,,,,,,,unknown,grade2,267276279,unbekannt
5680,,,,,,,,,,,,,,,,unknown,unknown,267276280,unbekannt
5681,,,,,,,,,,,,,,,,asphalt,unknown,267276281,versiegelt
5682,,,,,,,,,,,,,,,,ground,grade3,267276282,unbekannt
5683,,,,,,,,,,,,,,,,unknown,unknown,267276283,unbekannt
5684,,,,,,,,,,,,,,,,unknown,unknown,267276284,unbekannt
5685,,,,,,,,,,,,,,,,asphalt,grade1,267276285,versiegelt
5686,,,,,,,,,,,,,,,,asphalt,grade1,267312625,versiegelt
5687,,,,,,,,,,,,,,,,asphalt,unknown,267314787,versiegelt
5688,,,,,,,,,,,,,,,,asphalt,unknown,268060958,versiegelt
5689,,,,,,,,,,,,,,,,gravel,grade2,271978206,mineralisch
5690,,,,,,,,,,,,,,,,gravel,unknown,271978215,mineralisch
5691,,,,,,,,,,,,,,,,asphalt,unknown,271978225,versiegelt
5692,,,,,,,,,,,,,,,,asphalt,unknown,272348623,versiegelt
5693,,,,,,,,,,,,,,,,unknown,unknown,272356177,unbekannt
5694,,,,,,,,,,,,,,,,asphalt,unknown,272356180,versiegelt
5695,,,,,,,,,,,,,,,,asphalt,grade1,272378057,versiegelt
5696,,,,,,,,,,,,,,,,gravel,grade2,273446339,mineralisch
5697,,,,,,,,,,,,,,,,asphalt,unknown,273676607,versiegelt
5698,,,,,,,,,,,,,,,,asphalt,grade1,273676608,versiegelt
5699,,,,,,,,,,,,,,,,asphalt,grade1,273676609,versiegelt
5700,,,,,,,,,,,,,,,,asphalt,unknown,273697435,versiegelt
5701,,,,,,,,,,,,,,,,asphalt,grade1,273697474,versiegelt
5702,,,,,,,,,,,,,,,,asphalt,unknown,273697487,versiegelt
5703,,,,,,,,,,,,,,,,asphalt,unknown,273697499,versiegelt
5704,,,,,,,,,,,,,,,,asphalt,unknown,273697509,versiegelt
5705,,,,,,,,,,,,,,,,asphalt,unknown,273697518,versiegelt
5706,,,,,,,,,,,,,,,,grass,grade5,274121398,begrünt_erdig
5707,,,,,,,,,,,,,,,,asphalt,unknown,274156161,versiegelt
5708,,,,,,,,,,,,,,,,asphalt,unknown,274156170,versiegelt
5709,,,,,,,,,,,,,,,,fine_gravel,grade2,274156238,mineralisch
5710,,,,,,,,,,,,,,,,gravel,grade2,274156256,mineralisch
5711,,,,,,,,,,,,,,,,fine_gravel,grade2,274156303,mineralisch
5712,,,,,,,,,,,,,,,,ground,grade3,274415834,unbekannt
5713,,,,,,,,,,,,,,,,asphalt,grade1,274415841,versiegelt
5714,,,,,,,,,,,,,,,,unknown,grade3,274618501,unbekannt
5715,,,,,,,,,,,,,,,,asphalt,grade1,274618511,versiegelt
5716,,,,,,,,,,,,,,,,gravel,grade2,274618534,mineralisch
5717,,,,,,,,,,,,,,,,asphalt,unknown,274634588,versiegelt
5718,,,,,,,,,,,,,,,,asphalt,unknown,274634589,versiegelt
5719,,,,,,,,,,,,,,,,unknown,unknown,274995064,unbekannt
5720,,,,,,,,,,,,,,,,asphalt,unknown,274995065,versiegelt
5721,,,,,,,,,,,,,,,,unknown,unknown,274995069,unbekannt
5722,,,,,,,,,,,,,,,,unknown,unknown,274995070,unbekannt
5723,,,,,,,,,,,,,,,,unknown,unknown,274995071,unbekannt
5724,,,,,,,,,,,,,,,,unknown,unknown,274995072,unbekannt
5725,,,,,,,,,,,,,,,,grass,grade4,274995099,begrünt_erdig
5726,,,,,,,,,,,,,,,,asphalt,unknown,274995104,versiegelt
5727,,,,,,,,,,,,,,,,compacted,grade2,274995115,mineralisch
5728,,,,,,,,,,,,,,,,grass,grade4,274995118,begrünt_erdig
5729,,,,,,,,,,,,,,,,unknown,unknown,274995125,unbekannt
5730,,,,,,,,,,,,,,,,unknown,unknown,274995131,unbekannt
5731,,,,,,,,,,,,,,,,asphalt,grade1,274995144,versiegelt
5732,,,,,,,,,,,,,,,,asphalt,grade1,274995151,versiegelt
5733,,,,,,,,,,,,,,,,unknown,unknown,274995155,unbekannt
5734,,,,,,,,,,,,,,,,unknown,unknown,274995160,unbekannt
5735,,,,,,,,,,,,,,,,compacted,grade3,274995166,mineralisch
5736,,,,,,,,,,,,,,,,unknown,grade4,274995181,unbekannt
5737,,,,,,,,,,,,,,,,unknown,unknown,274995195,unbekannt
5738,,,,,,,,,,,,,,,,unknown,grade4,274995208,unbekannt
5739,,,,,,,,,,,,,,,,ground,unknown,274995214,unbekannt
5740,,,,,,,,,,,,,,,,unknown,grade3,274995218,unbekannt
5741,,,,,,,,,,,,,,,,compacted,grade2,274995219,mineralisch
5742,,,,,,,,,,,,,,,,compacted,grade2,274995220,mineralisch
5743,,,,,,,,,,,,,,,,grass,grade4,274995221,begrünt_erdig
5744,,,,,,,,,,,,,,,,unknown,unknown,274995223,unbekannt
5745,,,,,,,,,,,,,,,,unknown,unknown,274995224,unbekannt
5746,,,,,,,,,,,,,,,,ground,grade4,274995226,unbekannt
5747,,,,,,,,,,,,,,,,asphalt,grade1,274995227,versiegelt
5748,,,,,,,,,,,,,,,,grass,grade4,274995239,begrünt_erdig
5749,,,,,,,,,,,,,,,,asphalt,grade1,274995243,versiegelt
5750,,,,,,,,,,,,,,,,asphalt,grade1,274995248,versiegelt
5751,,,,,,,,,,,,,,,,unknown,unknown,274995250,unbekannt
5752,,,,,,,,,,,,,,,,unknown,grade3,274995253,unbekannt
5753,,,,,,,,,,,,,,,,unknown,unknown,274995259,unbekannt
5754,,,,,,,,,,,,,,,,unknown,grade1,274995266,unbekannt
5755,,,,,,,,,,,,,,,,gravel,unknown,275111296,mineralisch
5756,,,,,,,,,,,,,,,,gravel,unknown,275111302,mineralisch
5757,,,,,,,,,,,,,,,,grass,unknown,275111304,begrünt_erdig
5758,,,,,,,,,,,,,,,,grass,unknown,275120924,begrünt_erdig
5759,,,,,,,,,,,,,,,,grass,grade4,275289249,begrünt_erdig
5760,,,,,,,,,,,,,,,,ground,grade4,275289250,unbekannt
5761,,,,,,,,,,,,,,,,ground,grade5,275289251,unbekannt
5762,,,,,,,,,,,,,,,,ground,unknown,275289256,unbekannt
5763,,,,,,,,,,,,,,,,gravel,grade2,275289257,mineralisch
5764,,,,,,,,,,,,,,,,ground,grade4,275289258,unbekannt
5765,,,,,,,,,,,,,,,,grass,grade5,275948661,begrünt_erdig
5766,,,,,,,,,,,,,,,,ground,grade4,275948662,unbekannt
5767,,,,,,,,,,,,,,,,unknown,unknown,275948663,unbekannt
5768,,,,,,,,,,,,,,,,grass,grade5,275948664,begrünt_erdig
5769,,,,,,,,,,,,,,,,grass,grade5,275954783,begrünt_erdig
5770,,,,,,,,,,,,,,,,gravel,grade3,276099942,mineralisch
5771,,,,,,,,,,,,,,,,unknown,unknown,276398971,unbekannt
5772,,,,,,,,,,,,,,,,grass,grade5,277441903,begrünt_erdig
5773,,,,,,,,,,,,,,,,ground,grade4,277586522,unbekannt
5774,,,,,,,,,,,,,,,,fine_gravel,grade2,279193840,mineralisch
5775,,,,,,,,,,,,,,,,unknown,unknown,279193842,unbekannt
5776,,,,,,,,,,,,,,,,asphalt,grade1,279193844,versiegelt
5777,,,,,,,,,,,,,,,,dirt,grade2,279193845,begrünt_erdig
5778,,,,,,,,,,,,,,,,asphalt,unknown,279258963,versiegelt
5779,,,,,,,,,,,,,,,,compacted,unknown,279258969,mineralisch
5780,,,,,,,,,,,,,,,,unknown,grade3,279376668,unbekannt
5781,,,,,,,,,,,,,,,,ground,unknown,279376670,unbekannt
5782,,,,,,,,,,,,,,,,unknown,grade4,279383185,unbekannt
5783,,,,,,,,,,,,,,,,unknown,grade4,279383187,unbekannt
5784,,,,,,,,,,,,,,,,ground,unknown,279383190,unbekannt
5785,,,,,,,,,,,,,,,,unknown,grade4,279383192,unbekannt
5786,,,,,,,,,,,,,,,,ground,grade5,279383193,unbekannt
5787,,,,,,,,,,,,,,,,compacted,grade2,279841874,mineralisch
5788,,,,,,,,,,,,,,,,asphalt,grade1,280633803,versiegelt
5789,,,,,,,,,,,,,,,,asphalt,grade2,280633807,versiegelt
5790,,,,,,,,,,,,,,,,asphalt,grade1,280718578,versiegelt
5791,,,,,,,,,,,,,,,,asphalt,grade1,280720174,versiegelt
5792,,,,,,,,,,,,,,,,asphalt,grade1,280720175,versiegelt
5793,,,,,,,,,,,,,,,,asphalt,grade1,282854202,versiegelt
5794,,,,,,,,,,,,,,,,asphalt,grade1,282854203,versiegelt
5795,,,,,,,,,,,,,,,,asphalt,grade1,282854204,versiegelt
5796,,,,,,,,,,,,,,,,compacted,grade2,283217766,mineralisch
5797,,,,,,,,,,,,,,,,unknown,unknown,283217767,unbekannt
5798,,,,,,,,,,,,,,,,asphalt,grade1,283521131,versiegelt
5799,,,,,,,,,,,,,,,,asphalt,grade1,283521132,versiegelt
5800,,,,,,,,,,,,,,,,asphalt,grade1,283521133,versiegelt
5801,,,,,,,,,,,,,,,,ground,grade4,283521135,unbekannt
5802,,,,,,,,,,,,,,,,asphalt,grade1,283521136,versiegelt
5803,,,,,,,,,,,,,,,,gravel,grade2,283521137,mineralisch
5804,,,,,,,,,,,,,,,,gravel,grade2,283521138,mineralisch
5805,,,,,,,,,,,,,,,,gravel,grade3,283521139,mineralisch
5806,,,,,,,,,,,,,,,,gravel,grade2,283521140,mineralisch
5807,,,,,,,,,,,,,,,,ground,grade4,283521141,unbekannt
5808,,,,,,,,,,,,,,,,ground,grade4,283521142,unbekannt
5809,,,,,,,,,,,,,,,,gravel,grade2,283521143,mineralisch
5810,,,,,,,,,,,,,,,,gravel,grade2,284121690,mineralisch
5811,,,,,,,,,,,,,,,,fine_gravel,grade4,284293560,mineralisch
5812,,,,,,,,,,,,,,,,gravel,grade3,284299632,mineralisch
5813,,,,,,,,,,,,,,,,grass,grade5,284299633,begrünt_erdig
5814,,,,,,,,,,,,,,,,asphalt,grade1,284299635,versiegelt
5815,,,,,,,,,,,,,,,,asphalt,grade1,284299636,versiegelt
5816,,,,,,,,,,,,,,,,gravel,grade3,284299637,mineralisch
5817,,,,,,,,,,,,,,,,asphalt,grade1,284299643,versiegelt
5818,,,,,,,,,,,,,,,,asphalt,grade1,284299644,versiegelt
5819,,,,,,,,,,,,,,,,asphalt,grade1,284299645,versiegelt
5820,,,,,,,,,,,,,,,,gravel,grade2,284299647,mineralisch
5821,,,,,,,,,,,,,,,,unknown,unknown,285026452,unbekannt
5822,,,,,,,,,,,,,,,,ground,unknown,285026453,unbekannt
5823,,,,,,,,,,,,,,,,unknown,unknown,285026454,unbekannt
5824,,,,,,,,,,,,,,,,unknown,unknown,285026456,unbekannt
5825,,,,,,,,,,,,,,,,unknown,unknown,285026458,unbekannt
5826,,,,,,,,,,,,,,,,unknown,unknown,285470435,unbekannt
5827,,,,,,,,,,,,,,,,unknown,unknown,285470436,unbekannt
5828,,,,,,,,,,,,,,,,asphalt,grade1,285877384,versiegelt
5829,,,,,,,,,,,,,,,,gravel,grade2,285877386,mineralisch
5830,,,,,,,,,,,,,,,,asphalt,grade1,285877388,versiegelt
5831,,,,,,,,,,,,,,,,grass,grade5,285877389,begrünt_erdig
5832,,,,,,,,,,,,,,,,asphalt,unknown,285877390,versiegelt
5833,,,,,,,,,,,,,,,,asphalt,grade1,285877391,versiegelt
5834,,,,,,,,,,,,,,,,gravel,grade2,285877392,mineralisch
5835,,,,,,,,,,,,,,,,grass,grade5,285877393,begrünt_erdig
5836,,,,,,,,,,,,,,,,grass,grade5,285877394,begrünt_erdig
5837,,,,,,,,,,,,,,,,asphalt,unknown,286425199,versiegelt
5838,,,,,,,,,,,,,,,,asphalt,unknown,286425200,versiegelt
5839,,,,,,,,,,,,,,,,ground,grade2,286425245,unbekannt
5840,,,,,,,,,,,,,,,,gravel,grade2,286425250,mineralisch
5841,,,,,,,,,,,,,,,,ground,grade5,286754480,unbekannt
5842,,,,,,,,,,,,,,,,asphalt,unknown,287375701,versiegelt
5843,,,,,,,,,,,,,,,,asphalt,unknown,287375717,versiegelt
5844,,,,,,,,,,,,,,,,asphalt,grade1,287375752,versiegelt
5845,,,,,,,,,,,,,,,,fine_gravel,grade2,287375758,mineralisch
5846,,,,,,,,,,,,,,,,asphalt,grade1,287375771,versiegelt
5847,,,,,,,,,,,,,,,,asphalt,grade1,287375778,versiegelt
5848,,,,,,,,,,,,,,,,unknown,unknown,287464843,unbekannt
5849,,,,,,,,,,,,,,,,unknown,unknown,287464845,unbekannt
5850,,,,,,,,,,,,,,,,unknown,unknown,287464848,unbekannt
5851,,,,,,,,,,,,,,,,unknown,unknown,287464850,unbekannt
5852,,,,,,,,,,,,,,,,unknown,unknown,287464853,unbekannt
5853,,,,,,,,,,,,,,,,unknown,unknown,287464855,unbekannt
5854,,,,,,,,,,,,,,,,unknown,grade5,287469243,unbekannt
5855,,,,,,,,,,,,,,,,unknown,grade2,287469244,unbekannt
5856,,,,,,,,,,,,,,,,compacted,unknown,287469245,mineralisch
5857,,,,,,,,,,,,,,,,unknown,grade4,287469246,unbekannt
5858,,,,,,,,,,,,,,,,unknown,unknown,287900961,unbekannt
5859,,,,,,,,,,,,,,,,unknown,unknown,288101104,unbekannt
5860,,,,,,,,,,,,,,,,unknown,unknown,288101108,unbekannt
5861,,,,,,,,,,,,,,,,unknown,grade4,289102441,unbekannt
5862,,,,,,,,,,,,,,,,unknown,unknown,289102442,unbekannt
5863,,,,,,,,,,,,,,,,unknown,grade1,289102445,unbekannt
5864,,,,,,,,,,,,,,,,unknown,unknown,293750894,unbekannt
5865,,,,,,,,,,,,,,,,ground,unknown,293854568,unbekannt
5866,,,,,,,,,,,,,,,,ground,unknown,293854576,unbekannt
5867,,,,,,,,,,,,,,,,ground,unknown,293854610,unbekannt
5868,,,,,,,,,,,,,,,,ground,unknown,293854613,unbekannt
5869,,,,,,,,,,,,,,,,unknown,unknown,294556098,unbekannt
5870,,,,,,,,,,,,,,,,unknown,unknown,294556099,unbekannt
5871,,,,,,,,,,,,,,,,paving_stones,unknown,294767768,unbekannt
5872,,,,,,,,,,,,,,,,cobblestone,unknown,294767769,unbekannt
5873,,,,,,,,,,,,,,,,compacted,grade2,297353354,mineralisch
5874,,,,,,,,,,,,,,,,unknown,unknown,299283514,unbekannt
5875,,,,,,,,,,,,,,,,gravel,grade3,300962909,mineralisch
5876,,,,,,,,,,,,,,,,unknown,grade5,301107437,unbekannt
5877,,,,,,,,,,,,,,,,unknown,unknown,301118727,unbekannt
5878,,,,,,,,,,,,,,,,compacted,unknown,301118728,mineralisch
5879,,,,,,,,,,,,,,,,asphalt,unknown,301167454,versiegelt
5880,,,,,,,,,,,,,,,,unknown,grade1,301552256,unbekannt
5881,,,,,,,,,,,,,,,,unknown,unknown,302220717,unbekannt
5882,,,,,,,,,,,,,,,,unknown,unknown,302220728,unbekannt
5883,,,,,,,,,,,,,,,,grass,unknown,302220777,begrünt_erdig
5884,,,,,,,,,,,,,,,,ground,unknown,302221156,unbekannt
5885,,,,,,,,,,,,,,,,ground,grade2,302278617,unbekannt
5886,,,,,,,,,,,,,,,,unknown,grade3,304870398,unbekannt
5887,,,,,,,,,,,,,,,,asphalt,unknown,308651683,versiegelt
5888,,,,,,,,,,,,,,,,asphalt,unknown,308651684,versiegelt
5889,,,,,,,,,,,,,,,,asphalt,unknown,308651685,versiegelt
5890,,,,,,,,,,,,,,,,unknown,unknown,309263417,unbekannt
5891,,,,,,,,,,,,,,,,unknown,unknown,313943357,unbekannt
5892,,,,,,,,,,,,,,,,unknown,unknown,313943358,unbekannt
5893,,,,,,,,,,,,,,,,unknown,unknown,313943360,unbekannt
5894,,,,,,,,,,,,,,,,unknown,unknown,313943361,unbekannt
5895,,,,,,,,,,,,,,,,unknown,unknown,314071536,unbekannt
5896,,,,,,,,,,,,,,,,unknown,unknown,314071537,unbekannt
5897,,,,,,,,,,,,,,,,unknown,unknown,314895208,unbekannt
5898,,,,,,,,,,,,,,,,unknown,unknown,314895210,unbekannt
5899,,,,,,,,,,,,,,,,unknown,unknown,314895212,unbekannt
5900,,,,,,,,,,,,,,,,grass,unknown,314895214,begrünt_erdig
5901,,,,,,,,,,,,,,,,unknown,unknown,314895217,unbekannt
5902,,,,,,,,,,,,,,,,unknown,unknown,314895220,unbekannt
5903,,,,,,,,,,,,,,,,unknown,unknown,314895223,unbekannt
5904,,,,,,,,,,,,,,,,unknown,unknown,315275876,unbekannt
5905,,,,,,,,,,,,,,,,paving_stones,unknown,315976626,unbekannt
5906,,,,,,,,,,,,,,,,grass,grade5,316085523,begrünt_erdig
5907,,,,,,,,,,,,,,,,grass,grade5,316085527,begrünt_erdig
5908,,,,,,,,,,,,,,,,grass,grade5,316085530,begrünt_erdig
5909,,,,,,,,,,,,,,,,unknown,unknown,316104135,unbekannt
5910,,,,,,,,,,,,,,,,compacted,unknown,321388326,mineralisch
5911,,,,,,,,,,,,,,,,ground,unknown,321388327,unbekannt
5912,,,,,,,,,,,,,,,,unknown,unknown,321388328,unbekannt
5913,,,,,,,,,,,,,,,,compacted,unknown,321388329,mineralisch
5914,,,,,,,,,,,,,,,,unknown,unknown,321388426,unbekannt
5915,,,,,,,,,,,,,,,,unknown,grade3,321388427,unbekannt
5916,,,,,,,,,,,,,,,,unknown,unknown,321388428,unbekannt
5917,,,,,,,,,,,,,,,,unknown,unknown,321388429,unbekannt
5918,,,,,,,,,,,,,,,,unknown,grade4,321388512,unbekannt
5919,,,,,,,,,,,,,,,,unknown,unknown,321388513,unbekannt
5920,,,,,,,,,,,,,,,,unknown,unknown,321388514,unbekannt
5921,,,,,,,,,,,,,,,,unknown,unknown,321388515,unbekannt
5922,,,,,,,,,,,,,,,,unknown,unknown,321388804,unbekannt
5923,,,,,,,,,,,,,,,,unknown,unknown,321388805,unbekannt
5924,,,,,,,,,,,,,,,,compacted,unknown,321541035,mineralisch
5925,,,,,,,,,,,,,,,,compacted,unknown,321541037,mineralisch
5926,,,,,,,,,,,,,,,,unknown,unknown,321541038,unbekannt
5927,,,,,,,,,,,,,,,,compacted,grade2,321541039,mineralisch
5928,,,,,,,,,,,,,,,,ground,unknown,321541041,unbekannt
5929,,,,,,,,,,,,,,,,ground,unknown,321541314,unbekannt
5930,,,,,,,,,,,,,,,,asphalt,grade1,321607083,versiegelt
5931,,,,,,,,,,,,,,,,unknown,unknown,321607084,unbekannt
5932,,,,,,,,,,,,,,,,compacted,unknown,321607085,mineralisch
5933,,,,,,,,,,,,,,,,compacted,grade2,321607086,mineralisch
5934,,,,,,,,,,,,,,,,asphalt,unknown,321670471,versiegelt
5935,,,,,,,,,,,,,,,,asphalt,unknown,321670472,versiegelt
5936,,,,,,,,,,,,,,,,asphalt,unknown,321670484,versiegelt
5937,,,,,,,,,,,,,,,,asphalt,unknown,321670485,versiegelt
5938,,,,,,,,,,,,,,,,asphalt,unknown,321670486,versiegelt
5939,,,,,,,,,,,,,,,,asphalt,unknown,321670487,versiegelt
5940,,,,,,,,,,,,,,,,unknown,grade4,322009958,unbekannt
5941,,,,,,,,,,,,,,,,unknown,grade4,322009960,unbekannt
5942,,,,,,,,,,,,,,,,unknown,unknown,324750059,unbekannt
5943,,,,,,,,,,,,,,,,asphalt,unknown,324750064,versiegelt
5944,,,,,,,,,,,,,,,,unknown,unknown,324750065,unbekannt
5945,,,,,,,,,,,,,,,,unknown,unknown,328042690,unbekannt
5946,,,,,,,,,,,,,,,,unknown,unknown,328042691,unbekannt
5947,,,,,,,,,,,,,,,,unknown,unknown,328042693,unbekannt
5948,,,,,,,,,,,,,,,,unknown,grade5,328042695,unbekannt
5949,,,,,,,,,,,,,,,,unknown,unknown,328042696,unbekannt
5950,,,,,,,,,,,,,,,,unpaved,unknown,332756390,mineralisch
5951,,,,,,,,,,,,,,,,grass,grade5,332756393,begrünt_erdig
5952,,,,,,,,,,,,,,,,ground,grade5,332756394,unbekannt
5953,,,,,,,,,,,,,,,,unpaved,unknown,332756395,mineralisch
5954,,,,,,,,,,,,,,,,unpaved,unknown,332756396,mineralisch
5955,,,,,,,,,,,,,,,,ground,grade5,332756397,unbekannt
5956,,,,,,,,,,,,,,,,unpaved,unknown,334828168,mineralisch
5957,,,,,,,,,,,,,,,,grass,unknown,334843651,begrünt_erdig
5958,,,,,,,,,,,,,,,,unknown,grade4,334843652,unbekannt
5959,,,,,,,,,,,,,,,,unknown,grade3,335551542,unbekannt
5960,,,,,,,,,,,,,,,,unknown,unknown,337954998,unbekannt
5961,,,,,,,,,,,,,,,,unknown,unknown,337954999,unbekannt
5962,,,,,,,,,,,,,,,,unknown,unknown,337955152,unbekannt
5963,,,,,,,,,,,,,,,,unknown,unknown,337955153,unbekannt
5964,,,,,,,,,,,,,,,,grass,unknown,338533116,begrünt_erdig
5965,,,,,,,,,,,,,,,,compacted,unknown,338533597,mineralisch
5966,,,,,,,,,,,,,,,,grass,unknown,338535018,begrünt_erdig
5967,,,,,,,,,,,,,,,,unknown,unknown,338535328,unbekannt
5968,,,,,,,,,,,,,,,,ground,unknown,338535529,unbekannt
5969,,,,,,,,,,,,,,,,ground,unknown,338535598,unbekannt
5970,,,,,,,,,,,,,,,,grass,unknown,338535727,begrünt_erdig
5971,,,,,,,,,,,,,,,,asphalt,unknown,345481087,versiegelt
5972,,,,,,,,,,,,,,,,asphalt,unknown,345481088,versiegelt
5973,,,,,,,,,,,,,,,,unknown,unknown,345481089,unbekannt
5974,,,,,,,,,,,,,,,,unknown,grade4,345481092,unbekannt
5975,,,,,,,,,,,,,,,,unknown,grade4,345481093,unbekannt
5976,,,,,,,,,,,,,,,,unknown,grade4,345481095,unbekannt
5977,,,,,,,,,,,,,,,,unknown,grade3,345481096,unbekannt
5978,,,,,,,,,,,,,,,,unknown,grade4,345481099,unbekannt
5979,,,,,,,,,,,,,,,,unhewn_cobblestone,grade2,345481101,unbekannt
5980,,,,,,,,,,,,,,,,unknown,grade3,345481104,unbekannt
5981,,,,,,,,,,,,,,,,unknown,grade3,345481105,unbekannt
5982,,,,,,,,,,,,,,,,unknown,grade5,345481107,unbekannt
5983,,,,,,,,,,,,,,,,unknown,grade4,345481108,unbekannt
5984,,,,,,,,,,,,,,,,unknown,grade3,345481110,unbekannt
5985,,,,,,,,,,,,,,,,compacted,grade3,345481114,mineralisch
5986,,,,,,,,,,,,,,,,unknown,grade3,345490029,unbekannt
5987,,,,,,,,,,,,,,,,compacted,grade3,345490030,mineralisch
5988,,,,,,,,,,,,,,,,unknown,unknown,345490031,unbekannt
5989,,,,,,,,,,,,,,,,unknown,grade4,345490032,unbekannt
5990,,,,,,,,,,,,,,,,unknown,grade2,345490033,unbekannt
5991,,,,,,,,,,,,,,,,compacted,unknown,345490034,mineralisch
5992,,,,,,,,,,,,,,,,ground,grade5,345490035,unbekannt
5993,,,,,,,,,,,,,,,,unknown,unknown,345490036,unbekannt
5994,,,,,,,,,,,,,,,,unknown,grade3,345490038,unbekannt
5995,,,,,,,,,,,,,,,,unknown,grade3,345490040,unbekannt
5996,,,,,,,,,,,,,,,,unknown,grade2,345490041,unbekannt
5997,,,,,,,,,,,,,,,,ground,grade4,345490042,unbekannt
5998,,,,,,,,,,,,,,,,unknown,grade3,345490043,unbekannt
5999,,,,,,,,,,,,,,,,unknown,grade2,345490044,unbekannt
6000,,,,,,,,,,,,,,,,grass,grade3,345490045,begrünt_erdig
6001,,,,,,,,,,,,,,,,unknown,grade2,345490046,unbekannt
6002,,,,,,,,,,,,,,,,unknown,unknown,345490047,unbekannt
6003,,,,,,,,,,,,,,,,compacted,grade3,345490048,mineralisch
6004,,,,,,,,,,,,,,,,compacted,grade2,345490049,mineralisch
6005,,,,,,,,,,,,,,,,unknown,grade3,345490050,unbekannt
6006,,,,,,,,,,,,,,,,unknown,grade3,345490051,unbekannt
6007,,,,,,,,,,,,,,,,asphalt,unknown,345490279,versiegelt
6008,,,,,,,,,,,,,,,,asphalt,unknown,345688719,versiegelt
6009,,,,,,,,,,,,,,,,asphalt,unknown,345688720,versiegelt
6010,,,,,,,,,,,,,,,,asphalt,unknown,345688721,versiegelt
6011,,,,,,,,,,,,,,,,ground,unknown,348759925,unbekannt
6012,,,,,,,,,,,,,,,,compacted,unknown,348760562,mineralisch
6013,,,,,,,,,,,,,,,,compacted,unknown,348760563,mineralisch
6014,,,,,,,,,,,,,,,,unknown,unknown,348760564,unbekannt
6015,,,,,,,,,,,,,,,,ground,unknown,348760950,unbekannt
6016,,,,,,,,,,,,,,,,ground,unknown,348760951,unbekannt
6017,,,,,,,,,,,,,,,,unknown,unknown,348760952,unbekannt
6018,,,,,,,,,,,,,,,,compacted,unknown,348761709,mineralisch
6019,,,,,,,,,,,,,,,,ground,unknown,348761712,unbekannt
6020,,,,,,,,,,,,,,,,gravel,grade2,351060557,mineralisch
6021,,,,,,,,,,,,,,,,ground,unknown,352375755,unbekannt
6022,,,,,,,,,,,,,,,,unknown,unknown,352375756,unbekannt
6023,,,,,,,,,,,,,,,,unknown,unknown,352375757,unbekannt
6024,,,,,,,,,,,,,,,,ground,grade5,352377447,unbekannt
6025,,,,,,,,,,,,,,,,ground,unknown,352377449,unbekannt
6026,,,,,,,,,,,,,,,,ground,unknown,352377450,unbekannt
6027,,,,,,,,,,,,,,,,unknown,unknown,352377451,unbekannt
6028,,,,,,,,,,,,,,,,ground,grade3,352377452,unbekannt
6029,,,,,,,,,,,,,,,,ground,unknown,352377453,unbekannt
6030,,,,,,,,,,,,,,,,grass,grade5,358476438,begrünt_erdig
6031,,,,,,,,,,,,,,,,gravel,grade2,358477735,mineralisch
6032,,,,,,,,,,,,,,,,grass,grade5,358477738,begrünt_erdig
6033,,,,,,,,,,,,,,,,grass,grade4,358477740,begrünt_erdig
6034,,,,,,,,,,,,,,,,grass,grade5,358477743,begrünt_erdig
6035,,,,,,,,,,,,,,,,grass,grade4,358477745,begrünt_erdig
6036,,,,,,,,,,,,,,,,ground,unknown,359227236,unbekannt
6037,,,,,,,,,,,,,,,,ground,unknown,359227237,unbekannt
6038,,,,,,,,,,,,,,,,ground,unknown,359227238,unbekannt
6039,,,,,,,,,,,,,,,,ground,unknown,359227239,unbekannt
6040,,,,,,,,,,,,,,,,grass,unknown,359227975,begrünt_erdig
6041,,,,,,,,,,,,,,,,grass,unknown,359227976,begrünt_erdig
6042,,,,,,,,,,,,,,,,unknown,unknown,359227977,unbekannt
6043,,,,,,,,,,,,,,,,unknown,grade4,359228305,unbekannt
6044,,,,,,,,,,,,,,,,unknown,unknown,359228980,unbekannt
6045,,,,,,,,,,,,,,,,unknown,grade5,359228981,unbekannt
6046,,,,,,,,,,,,,,,,compacted,grade2,359228984,mineralisch
6047,,,,,,,,,,,,,,,,asphalt,unknown,359416096,versiegelt
6048,,,,,,,,,,,,,,,,unknown,unknown,360156655,unbekannt
6049,,,,,,,,,,,,,,,,asphalt,unknown,362144356,versiegelt
6050,,,,,,,,,,,,,,,,unknown,grade4,362147133,unbekannt
6051,,,,,,,,,,,,,,,,asphalt,grade1,362147136,versiegelt
6052,,,,,,,,,,,,,,,,grass,grade4,369823068,begrünt_erdig
6053,,,,,,,,,,,,,,,,grass,grade4,369823959,begrünt_erdig
6054,,,,,,,,,,,,,,,,unknown,grade4,369834214,unbekannt
6055,,,,,,,,,,,,,,,,unknown,unknown,369834215,unbekannt
6056,,,,,,,,,,,,,,,,unknown,unknown,369834216,unbekannt
6057,,,,,,,,,,,,,,,,grass,grade5,369835534,begrünt_erdig
6058,,,,,,,,,,,,,,,,ground,unknown,369843680,unbekannt
6059,,,,,,,,,,,,,,,,unknown,grade3,370609435,unbekannt
6060,,,,,,,,,,,,,,,,unknown,unknown,370609436,unbekannt
6061,,,,,,,,,,,,,,,,paving_stones,unknown,370609437,unbekannt
6062,,,,,,,,,,,,,,,,asphalt,unknown,370711707,versiegelt
6063,,,,,,,,,,,,,,,,asphalt,unknown,370711708,versiegelt
6064,,,,,,,,,,,,,,,,unknown,unknown,370712023,unbekannt
6065,,,,,,,,,,,,,,,,asphalt,unknown,370751245,versiegelt
6066,,,,,,,,,,,,,,,,asphalt,unknown,370751246,versiegelt
6067,,,,,,,,,,,,,,,,grass,grade4,370751249,begrünt_erdig
6068,,,,,,,,,,,,,,,,unknown,grade2,370751250,unbekannt
6069,,,,,,,,,,,,,,,,grass,grade5,370751251,begrünt_erdig
6070,,,,,,,,,,,,,,,,grass,grade5,370751252,begrünt_erdig
6071,,,,,,,,,,,,,,,,asphalt,unknown,370819769,versiegelt
6072,,,,,,,,,,,,,,,,asphalt,unknown,370819775,versiegelt
6073,,,,,,,,,,,,,,,,ground,grade3,370819786,unbekannt
6074,,,,,,,,,,,,,,,,unknown,grade3,370819788,unbekannt
6075,,,,,,,,,,,,,,,,asphalt,grade1,370819791,versiegelt
6076,,,,,,,,,,,,,,,,fine_gravel,grade2,370819794,mineralisch
6077,,,,,,,,,,,,,,,,gravel,grade2,370828043,mineralisch
6078,,,,,,,,,,,,,,,,unknown,grade4,371746977,unbekannt
6079,,,,,,,,,,,,,,,,grass,grade5,371748343,begrünt_erdig
6080,,,,,,,,,,,,,,,,gravel,grade2,371748344,mineralisch
6081,,,,,,,,,,,,,,,,compacted,unknown,372177073,mineralisch
6082,,,,,,,,,,,,,,,,unknown,unknown,372177074,unbekannt
6083,,,,,,,,,,,,,,,,unknown,unknown,372375356,unbekannt
6084,,,,,,,,,,,,,,,,ground,unknown,372532692,unbekannt
6085,,,,,,,,,,,,,,,,ground,unknown,372532693,unbekannt
6086,,,,,,,,,,,,,,,,ground,unknown,372532694,unbekannt
6087,,,,,,,,,,,,,,,,ground,unknown,372532695,unbekannt
6088,,,,,,,,,,,,,,,,grass,unknown,372532696,begrünt_erdig
6089,,,,,,,,,,,,,,,,ground,unknown,372532697,unbekannt
6090,,,,,,,,,,,,,,,,ground,unknown,372532698,unbekannt
6091,,,,,,,,,,,,,,,,ground,unknown,372532700,unbekannt
6092,,,,,,,,,,,,,,,,compacted,grade2,372532701,mineralisch
6093,,,,,,,,,,,,,,,,ground,unknown,372532891,unbekannt
6094,,,,,,,,,,,,,,,,asphalt,unknown,373734771,versiegelt
6095,,,,,,,,,,,,,,,,unknown,unknown,373734773,unbekannt
6096,,,,,,,,,,,,,,,,asphalt,unknown,373734774,versiegelt
6097,,,,,,,,,,,,,,,,unknown,grade3,373734775,unbekannt
6098,,,,,,,,,,,,,,,,unknown,unknown,373734777,unbekannt
6099,,,,,,,,,,,,,,,,unknown,unknown,373734779,unbekannt
6100,,,,,,,,,,,,,,,,unknown,unknown,373734780,unbekannt
6101,,,,,,,,,,,,,,,,unknown,unknown,373734781,unbekannt
6102,,,,,,,,,,,,,,,,unknown,unknown,373734783,unbekannt
6103,,,,,,,,,,,,,,,,unknown,unknown,373734785,unbekannt
6104,,,,,,,,,,,,,,,,grass,unknown,373734791,begrünt_erdig
6105,,,,,,,,,,,,,,,,unknown,unknown,373746090,unbekannt
6106,,,,,,,,,,,,,,,,unknown,grade1,373746094,unbekannt
6107,,,,,,,,,,,,,,,,unknown,unknown,374852739,unbekannt
6108,,,,,,,,,,,,,,,,unknown,unknown,374852740,unbekannt
6109,,,,,,,,,,,,,,,,grass,grade5,374852745,begrünt_erdig
6110,,,,,,,,,,,,,,,,unknown,grade3,374852746,unbekannt
6111,,,,,,,,,,,,,,,,unknown,grade4,374852747,unbekannt
6112,,,,,,,,,,,,,,,,unknown,grade3,374855533,unbekannt
6113,,,,,,,,,,,,,,,,unknown,grade4,374855536,unbekannt
6114,,,,,,,,,,,,,,,,grass,grade4,375997218,begrünt_erdig
6115,,,,,,,,,,,,,,,,ground,unknown,377207288,unbekannt
6116,,,,,,,,,,,,,,,,ground,unknown,377207289,unbekannt
6117,,,,,,,,,,,,,,,,ground,unknown,377207290,unbekannt
6118,,,,,,,,,,,,,,,,ground,unknown,377208061,unbekannt
6119,,,,,,,,,,,,,,,,ground,unknown,377208062,unbekannt
6120,,,,,,,,,,,,,,,,asphalt,unknown,377208063,versiegelt
6121,,,,,,,,,,,,,,,,grass,unknown,377208064,begrünt_erdig
6122,,,,,,,,,,,,,,,,grass,unknown,377208065,begrünt_erdig
6123,,,,,,,,,,,,,,,,ground,unknown,377208067,unbekannt
6124,,,,,,,,,,,,,,,,compacted,grade3,380139388,mineralisch
6125,,,,,,,,,,,,,,,,compacted,grade3,380141232,mineralisch
6126,,,,,,,,,,,,,,,,asphalt,unknown,384142267,versiegelt
6127,,,,,,,,,,,,,,,,asphalt,unknown,384142268,versiegelt
6128,,,,,,,,,,,,,,,,unknown,grade5,384683778,unbekannt
6129,,,,,,,,,,,,,,,,earth,grade5,384683779,unbekannt
6130,,,,,,,,,,,,,,,,unknown,grade2,384683780,unbekannt
6131,,,,,,,,,,,,,,,,unknown,grade1,384683781,unbekannt
6132,,,,,,,,,,,,,,,,unknown,grade3,384683782,unbekannt
6133,,,,,,,,,,,,,,,,unknown,grade3,384884533,unbekannt
6134,,,,,,,,,,,,,,,,asphalt,unknown,385839020,versiegelt
6135,,,,,,,,,,,,,,,,asphalt,unknown,385839021,versiegelt
6136,,,,,,,,,,,,,,,,asphalt,unknown,385839022,versiegelt
6137,,,,,,,,,,,,,,,,gravel_turf,grade3,386074994,unbekannt
6138,,,,,,,,,,,,,,,,paving_stones,unknown,393026419,unbekannt
6139,,,,,,,,,,,,,,,,paving_stones,unknown,393026421,unbekannt
6140,,,,,,,,,,,,,,,,paving_stones,unknown,393236040,unbekannt
6141,,,,,,,,,,,,,,,,grass,grade5,394185140,begrünt_erdig
6142,,,,,,,,,,,,,,,,fine_gravel,unknown,394185143,mineralisch
6143,,,,,,,,,,,,,,,,grass,grade5,397643708,begrünt_erdig
6144,,,,,,,,,,,,,,,,unknown,grade3,397643709,unbekannt
6145,,,,,,,,,,,,,,,,unknown,grade5,397643710,unbekannt
6146,,,,,,,,,,,,,,,,unknown,grade5,397643711,unbekannt
6147,,,,,,,,,,,,,,,,unknown,grade4,397643712,unbekannt
6148,,,,,,,,,,,,,,,,unknown,grade2,397643713,unbekannt
6149,,,,,,,,,,,,,,,,unknown,grade4,397643714,unbekannt
6150,,,,,,,,,,,,,,,,unknown,grade4,397643715,unbekannt
6151,,,,,,,,,,,,,,,,unknown,grade3,397643716,unbekannt
6152,,,,,,,,,,,,,,,,unknown,grade4,397645409,unbekannt
6153,,,,,,,,,,,,,,,,unknown,unknown,399315709,unbekannt
6154,,,,,,,,,,,,,,,,asphalt,grade1,399852466,versiegelt
6155,,,,,,,,,,,,,,,,ground,unknown,400861195,unbekannt
6156,,,,,,,,,,,,,,,,ground,unknown,400861196,unbekannt
6157,,,,,,,,,,,,,,,,ground,unknown,400861197,unbekannt
6158,,,,,,,,,,,,,,,,grass,unknown,400861198,begrünt_erdig
6159,,,,,,,,,,,,,,,,ground,unknown,400861199,unbekannt
6160,,,,,,,,,,,,,,,,ground,unknown,400861200,unbekannt
6161,,,,,,,,,,,,,,,,ground,unknown,400862834,unbekannt
6162,,,,,,,,,,,,,,,,mud,unknown,400862835,begrünt_erdig
6163,,,,,,,,,,,,,,,,ground,unknown,400862837,unbekannt
6164,,,,,,,,,,,,,,,,ground,unknown,400863394,unbekannt
6165,,,,,,,,,,,,,,,,ground,unknown,400863395,unbekannt
6166,,,,,,,,,,,,,,,,asphalt,grade1,401242402,versiegelt
6167,,,,,,,,,,,,,,,,asphalt,unknown,401242404,versiegelt
6168,,,,,,,,,,,,,,,,grass,grade5,401248580,begrünt_erdig
6169,,,,,,,,,,,,,,,,asphalt,unknown,401248581,versiegelt
6170,,,,,,,,,,,,,,,,grass,grade5,401248582,begrünt_erdig
6171,,,,,,,,,,,,,,,,grass,grade5,401248583,begrünt_erdig
6172,,,,,,,,,,,,,,,,gravel,grade2,401248584,mineralisch
6173,,,,,,,,,,,,,,,,gravel,grade2,401248585,mineralisch
6174,,,,,,,,,,,,,,,,fine_gravel,grade2,401248586,mineralisch
6175,,,,,,,,,,,,,,,,asphalt,unknown,401248587,versiegelt
6176,,,,,,,,,,,,,,,,fine_gravel,grade2,401248588,mineralisch
6177,,,,,,,,,,,,,,,,grass,grade5,401248589,begrünt_erdig
6178,,,,,,,,,,,,,,,,unknown,grade5,401252800,unbekannt
6179,,,,,,,,,,,,,,,,unknown,grade5,401252801,unbekannt
6180,,,,,,,,,,,,,,,,grass,grade5,401252802,begrünt_erdig
6181,,,,,,,,,,,,,,,,unknown,unknown,402926649,unbekannt
6182,,,,,,,,,,,,,,,,gravel,grade2,402926651,mineralisch
6183,,,,,,,,,,,,,,,,asphalt,grade1,402926656,versiegelt
6184,,,,,,,,,,,,,,,,unknown,unknown,403521338,unbekannt
6185,,,,,,,,,,,,,,,,unknown,unknown,403521340,unbekannt
6186,,,,,,,,,,,,,,,,unknown,unknown,403521352,unbekannt
6187,,,,,,,,,,,,,,,,unknown,unknown,403521355,unbekannt
6188,,,,,,,,,,,,,,,,unknown,unknown,403521360,unbekannt
6189,,,,,,,,,,,,,,,,unknown,unknown,403521361,unbekannt
6190,,,,,,,,,,,,,,,,ground,unknown,404527106,unbekannt
6191,,,,,,,,,,,,,,,,grass,grade5,406045559,begrünt_erdig
6192,,,,,,,,,,,,,,,,grass,grade5,406047364,begrünt_erdig
6193,,,,,,,,,,,,,,,,unknown,unknown,406047365,unbekannt
6194,,,,,,,,,,,,,,,,unknown,unknown,406047366,unbekannt
6195,,,,,,,,,,,,,,,,asphalt,grade1,406047367,versiegelt
6196,,,,,,,,,,,,,,,,unknown,unknown,406047368,unbekannt
6197,,,,,,,,,,,,,,,,unknown,unknown,409616586,unbekannt
6198,,,,,,,,,,,,,,,,unknown,grade5,409616587,unbekannt
6199,,,,,,,,,,,,,,,,ground,unknown,409616588,unbekannt
6200,,,,,,,,,,,,,,,,ground,unknown,409616589,unbekannt
6201,,,,,,,,,,,,,,,,ground,unknown,409616590,unbekannt
6202,,,,,,,,,,,,,,,,ground,unknown,409616591,unbekannt
6203,,,,,,,,,,,,,,,,ground,unknown,409616592,unbekannt
6204,,,,,,,,,,,,,,,,grass,unknown,409617066,begrünt_erdig
6205,,,,,,,,,,,,,,,,ground,unknown,409617067,unbekannt
6206,,,,,,,,,,,,,,,,ground,unknown,409617068,unbekannt
6207,,,,,,,,,,,,,,,,ground,unknown,409617069,unbekannt
6208,,,,,,,,,,,,,,,,concrete,unknown,410101881,versiegelt
6209,,,,,,,,,,,,,,,,unknown,grade4,412452736,unbekannt
6210,,,,,,,,,,,,,,,,asphalt,grade1,412452745,versiegelt
6211,,,,,,,,,,,,,,,,asphalt,unknown,412452750,versiegelt
6212,,,,,,,,,,,,,,,,asphalt,unknown,412732003,versiegelt
6213,,,,,,,,,,,,,,,,gravel,grade2,412732010,mineralisch
6214,,,,,,,,,,,,,,,,asphalt,unknown,412732030,versiegelt
6215,,,,,,,,,,,,,,,,grass,grade4,412732037,begrünt_erdig
6216,,,,,,,,,,,,,,,,gravel,grade2,412732039,mineralisch
6217,,,,,,,,,,,,,,,,gravel,grade2,412732042,mineralisch
6218,,,,,,,,,,,,,,,,asphalt,unknown,412732048,versiegelt
6219,,,,,,,,,,,,,,,,asphalt,unknown,415869931,versiegelt
6220,,,,,,,,,,,,,,,,grass,grade4,416249894,begrünt_erdig
6221,,,,,,,,,,,,,,,,ground,unknown,416741037,unbekannt
6222,,,,,,,,,,,,,,,,unknown,grade4,416741048,unbekannt
6223,,,,,,,,,,,,,,,,ground,unknown,416741054,unbekannt
6224,,,,,,,,,,,,,,,,compacted,unknown,416741063,mineralisch
6225,,,,,,,,,,,,,,,,ground,grade5,416741071,unbekannt
6226,,,,,,,,,,,,,,,,unknown,grade5,416741088,unbekannt
6227,,,,,,,,,,,,,,,,ground,unknown,416741094,unbekannt
6228,,,,,,,,,,,,,,,,ground,unknown,416741099,unbekannt
6229,,,,,,,,,,,,,,,,ground,unknown,416741105,unbekannt
6230,,,,,,,,,,,,,,,,ground,unknown,416741111,unbekannt
6231,,,,,,,,,,,,,,,,grass,grade5,416741119,begrünt_erdig
6232,,,,,,,,,,,,,,,,ground,grade4,416741126,unbekannt
6233,,,,,,,,,,,,,,,,grass,unknown,416745902,begrünt_erdig
6234,,,,,,,,,,,,,,,,ground,unknown,416754310,unbekannt
6235,,,,,,,,,,,,,,,,unknown,grade3,416754316,unbekannt
6236,,,,,,,,,,,,,,,,ground,unknown,416760244,unbekannt
6237,,,,,,,,,,,,,,,,ground,unknown,416760249,unbekannt
6238,,,,,,,,,,,,,,,,ground,unknown,417090664,unbekannt
6239,,,,,,,,,,,,,,,,gravel,grade3,417372825,mineralisch
6240,,,,,,,,,,,,,,,,gravel,grade2,417372826,mineralisch
6241,,,,,,,,,,,,,,,,unpaved,grade4,417380605,mineralisch
6242,,,,,,,,,,,,,,,,gravel,grade2,418029968,mineralisch
6243,,,,,,,,,,,,,,,,gravel,unknown,418255931,mineralisch
6244,,,,,,,,,,,,,,,,asphalt,grade1,418364087,versiegelt
6245,,,,,,,,,,,,,,,,asphalt,unknown,423107087,versiegelt
6246,,,,,,,,,,,,,,,,asphalt,unknown,423107173,versiegelt
6247,,,,,,,,,,,,,,,,unknown,unknown,425105647,unbekannt
6248,,,,,,,,,,,,,,,,asphalt,unknown,425106347,versiegelt
6249,,,,,,,,,,,,,,,,gravel,grade2,425106641,mineralisch
6250,,,,,,,,,,,,,,,,asphalt,unknown,425311021,versiegelt
6251,,,,,,,,,,,,,,,,unknown,unknown,425314628,unbekannt
6252,,,,,,,,,,,,,,,,compacted,grade3,431720394,mineralisch
6253,,,,,,,,,,,,,,,,asphalt,grade1,431874935,versiegelt
6254,,,,,,,,,,,,,,,,grass,grade5,431988379,begrünt_erdig
6255,,,,,,,,,,,,,,,,asphalt,unknown,433288223,versiegelt
6256,,,,,,,,,,,,,,,,asphalt,unknown,433292960,versiegelt
6257,,,,,,,,,,,,,,,,grass,unknown,433455655,begrünt_erdig
6258,,,,,,,,,,,,,,,,ground,unknown,433455657,unbekannt
6259,,,,,,,,,,,,,,,,paved,unknown,435150962,versiegelt
6260,,,,,,,,,,,,,,,,paved,unknown,435150964,versiegelt
6261,,,,,,,,,,,,,,,,gravel,grade2,435151840,mineralisch
6262,,,,,,,,,,,,,,,,gravel,grade2,435152860,mineralisch
6263,,,,,,,,,,,,,,,,unknown,grade4,435163772,unbekannt
6264,,,,,,,,,,,,,,,,unpaved,unknown,435169796,mineralisch
6265,,,,,,,,,,,,,,,,unknown,unknown,435173430,unbekannt
6266,,,,,,,,,,,,,,,,unknown,grade5,435173432,unbekannt
6267,,,,,,,,,,,,,,,,unpaved,grade5,435180820,mineralisch
6268,,,,,,,,,,,,,,,,asphalt,unknown,435911834,versiegelt
6269,,,,,,,,,,,,,,,,ground,unknown,437352753,unbekannt
6270,,,,,,,,,,,,,,,,ground,unknown,437352754,unbekannt
6271,,,,,,,,,,,,,,,,compacted,unknown,437352755,mineralisch
6272,,,,,,,,,,,,,,,,ground,unknown,437352756,unbekannt
6273,,,,,,,,,,,,,,,,ground,unknown,437352757,unbekannt
6274,,,,,,,,,,,,,,,,ground,unknown,438452922,unbekannt
6275,,,,,,,,,,,,,,,,ground,unknown,438452923,unbekannt
6276,,,,,,,,,,,,,,,,ground,unknown,438452924,unbekannt
6277,,,,,,,,,,,,,,,,ground,unknown,438454425,unbekannt
6278,,,,,,,,,,,,,,,,asphalt,unknown,438454427,versiegelt
6279,,,,,,,,,,,,,,,,grass,unknown,438454429,begrünt_erdig
6280,,,,,,,,,,,,,,,,ground,grade5,438454431,unbekannt
6281,,,,,,,,,,,,,,,,ground,grade5,438643197,unbekannt
6282,,,,,,,,,,,,,,,,unknown,grade5,438643198,unbekannt
6283,,,,,,,,,,,,,,,,unknown,grade5,438643200,unbekannt
6284,,,,,,,,,,,,,,,,unknown,grade5,438644811,unbekannt
6285,,,,,,,,,,,,,,,,unknown,grade5,438644812,unbekannt
6286,,,,,,,,,,,,,,,,unknown,grade5,438644813,unbekannt
6287,,,,,,,,,,,,,,,,unknown,grade5,438644814,unbekannt
6288,,,,,,,,,,,,,,,,ground,unknown,439418621,unbekannt
6289,,,,,,,,,,,,,,,,paving_stones,unknown,439418622,unbekannt
6290,,,,,,,,,,,,,,,,ground,unknown,439925959,unbekannt
6291,,,,,,,,,,,,,,,,ground,unknown,439925960,unbekannt
6292,,,,,,,,,,,,,,,,ground,unknown,439925961,unbekannt
6293,,,,,,,,,,,,,,,,ground,unknown,439925962,unbekannt
6294,,,,,,,,,,,,,,,,ground,unknown,439925963,unbekannt
6295,,,,,,,,,,,,,,,,ground,unknown,439925965,unbekannt
6296,,,,,,,,,,,,,,,,ground,unknown,439925966,unbekannt
6297,,,,,,,,,,,,,,,,grass,unknown,439925967,begrünt_erdig
6298,,,,,,,,,,,,,,,,grass,unknown,439925968,begrünt_erdig
6299,,,,,,,,,,,,,,,,grass,unknown,439925969,begrünt_erdig
6300,,,,,,,,,,,,,,,,ground,unknown,439926638,unbekannt
6301,,,,,,,,,,,,,,,,ground,unknown,439926639,unbekannt
6302,,,,,,,,,,,,,,,,unknown,unknown,440836867,unbekannt
6303,,,,,,,,,,,,,,,,unknown,unknown,440836870,unbekannt
6304,,,,,,,,,,,,,,,,compacted,unknown,442119062,mineralisch
6305,,,,,,,,,,,,,,,,ground,unknown,442119063,unbekannt
6306,,,,,,,,,,,,,,,,compacted,unknown,442119064,mineralisch
6307,,,,,,,,,,,,,,,,compacted,unknown,442119065,mineralisch
6308,,,,,,,,,,,,,,,,ground,unknown,442119066,unbekannt
6309,,,,,,,,,,,,,,,,ground,unknown,442119067,unbekannt
6310,,,,,,,,,,,,,,,,ground,unknown,442119068,unbekannt
6311,,,,,,,,,,,,,,,,ground,unknown,442119069,unbekannt
6312,,,,,,,,,,,,,,,,compacted,unknown,442119070,mineralisch
6313,,,,,,,,,,,,,,,,ground,unknown,442119072,unbekannt
6314,,,,,,,,,,,,,,,,ground,unknown,442119483,unbekannt
6315,,,,,,,,,,,,,,,,ground,unknown,442119485,unbekannt
6316,,,,,,,,,,,,,,,,ground,unknown,442119486,unbekannt
6317,,,,,,,,,,,,,,,,ground,unknown,442119487,unbekannt
6318,,,,,,,,,,,,,,,,ground,unknown,442120036,unbekannt
6319,,,,,,,,,,,,,,,,ground,unknown,442120037,unbekannt
6320,,,,,,,,,,,,,,,,paving_stones,unknown,452870435,unbekannt
6321,,,,,,,,,,,,,,,,compacted,unknown,453606325,mineralisch
6322,,,,,,,,,,,,,,,,grass,grade5,453606326,begrünt_erdig
6323,,,,,,,,,,,,,,,,ground,unknown,453606327,unbekannt
6324,,,,,,,,,,,,,,,,ground,unknown,453606328,unbekannt
6325,,,,,,,,,,,,,,,,ground,grade5,453606329,unbekannt
6326,,,,,,,,,,,,,,,,grass,unknown,453606330,begrünt_erdig
6327,,,,,,,,,,,,,,,,ground,unknown,453606331,unbekannt
6328,,,,,,,,,,,,,,,,unknown,unknown,456262323,unbekannt
6329,,,,,,,,,,,,,,,,unknown,unknown,456262324,unbekannt
6330,,,,,,,,,,,,,,,,gravel,grade2,456262325,mineralisch
6331,,,,,,,,,,,,,,,,unknown,grade5,456377394,unbekannt
6332,,,,,,,,,,,,,,,,gravel,grade2,459732786,mineralisch
6333,,,,,,,,,,,,,,,,unknown,unknown,460619664,unbekannt
6334,,,,,,,,,,,,,,,,unknown,unknown,460619665,unbekannt
6335,,,,,,,,,,,,,,,,unknown,unknown,460619668,unbekannt
6336,,,,,,,,,,,,,,,,unknown,unknown,460619669,unbekannt
6337,,,,,,,,,,,,,,,,unknown,unknown,460619670,unbekannt
6338,,,,,,,,,,,,,,,,unknown,unknown,460619671,unbekannt
6339,,,,,,,,,,,,,,,,unknown,unknown,460619672,unbekannt
6340,,,,,,,,,,,,,,,,unknown,unknown,460619673,unbekannt
6341,,,,,,,,,,,,,,,,unknown,unknown,460619674,unbekannt
6342,,,,,,,,,,,,,,,,unknown,unknown,460619675,unbekannt
6343,,,,,,,,,,,,,,,,asphalt,unknown,463298983,versiegelt
6344,,,,,,,,,,,,,,,,grass,grade5,473701987,begrünt_erdig
6345,,,,,,,,,,,,,,,,ground,unknown,474681864,unbekannt
6346,,,,,,,,,,,,,,,,unknown,grade4,474681866,unbekannt
6347,,,,,,,,,,,,,,,,grass,unknown,474681868,begrünt_erdig
6348,,,,,,,,,,,,,,,,wood,unknown,474682071,unbekannt
6349,,,,,,,,,,,,,,,,compacted,grade2,475544048,mineralisch
6350,,,,,,,,,,,,,,,,unknown,grade5,475544664,unbekannt
6351,,,,,,,,,,,,,,,,unknown,grade5,475544665,unbekannt
6352,,,,,,,,,,,,,,,,unknown,unknown,475544666,unbekannt
6353,,,,,,,,,,,,,,,,unknown,grade5,475544669,unbekannt
6354,,,,,,,,,,,,,,,,grass,unknown,482870335,begrünt_erdig
6355,,,,,,,,,,,,,,,,grass,unknown,482872859,begrünt_erdig
6356,,,,,,,,,,,,,,,,ground,unknown,485952461,unbekannt
6357,,,,,,,,,,,,,,,,ground,unknown,485952462,unbekannt
6358,,,,,,,,,,,,,,,,compacted,unknown,485952463,mineralisch
6359,,,,,,,,,,,,,,,,ground,unknown,485952464,unbekannt
6360,,,,,,,,,,,,,,,,grass,unknown,485952465,begrünt_erdig
6361,,,,,,,,,,,,,,,,grass,unknown,485952466,begrünt_erdig
6362,,,,,,,,,,,,,,,,ground,unknown,485952467,unbekannt
6363,,,,,,,,,,,,,,,,unknown,unknown,488503346,unbekannt
6364,,,,,,,,,,,,,,,,unknown,unknown,488503347,unbekannt
6365,,,,,,,,,,,,,,,,unknown,unknown,488503348,unbekannt
6366,,,,,,,,,,,,,,,,paving_stones,unknown,488503349,unbekannt
6367,,,,,,,,,,,,,,,,paving_stones,unknown,488503350,unbekannt
6368,,,,,,,,,,,,,,,,unknown,unknown,488503352,unbekannt
6369,,,,,,,,,,,,,,,,unknown,unknown,488503353,unbekannt
6370,,,,,,,,,,,,,,,,unknown,unknown,488503354,unbekannt
6371,,,,,,,,,,,,,,,,unknown,grade5,490170519,unbekannt
6372,,,,,,,,,,,,,,,,ground,unknown,491193858,unbekannt
6373,,,,,,,,,,,,,,,,ground,unknown,491193859,unbekannt
6374,,,,,,,,,,,,,,,,grass,unknown,491193860,begrünt_erdig
6375,,,,,,,,,,,,,,,,ground,unknown,491193861,unbekannt
6376,,,,,,,,,,,,,,,,grass,unknown,491193862,begrünt_erdig
6377,,,,,,,,,,,,,,,,ground,unknown,491193863,unbekannt
6378,,,,,,,,,,,,,,,,ground,unknown,492976039,unbekannt
6379,,,,,,,,,,,,,,,,unknown,unknown,497719515,unbekannt
6380,,,,,,,,,,,,,,,,unknown,unknown,497719517,unbekannt
6381,,,,,,,,,,,,,,,,unknown,unknown,497719519,unbekannt
6382,,,,,,,,,,,,,,,,unknown,unknown,498310012,unbekannt
6383,,,,,,,,,,,,,,,,asphalt,unknown,498310014,versiegelt
6384,,,,,,,,,,,,,,,,ground,unknown,498654269,unbekannt
6385,,,,,,,,,,,,,,,,ground,unknown,498654270,unbekannt
6386,,,,,,,,,,,,,,,,ground,unknown,498654271,unbekannt
6387,,,,,,,,,,,,,,,,ground,unknown,498654272,unbekannt
6388,,,,,,,,,,,,,,,,gravel,grade2,498654273,mineralisch
6389,,,,,,,,,,,,,,,,unpaved,grade2,498654274,mineralisch
6390,,,,,,,,,,,,,,,,ground,grade5,498655998,unbekannt
6391,,,,,,,,,,,,,,,,ground,unknown,498655999,unbekannt
6392,,,,,,,,,,,,,,,,ground,unknown,498656000,unbekannt
6393,,,,,,,,,,,,,,,,compacted,grade2,500715903,mineralisch
6394,,,,,,,,,,,,,,,,dirt,grade5,500715904,begrünt_erdig
6395,,,,,,,,,,,,,,,,asphalt,unknown,501248948,versiegelt
6396,,,,,,,,,,,,,,,,unknown,unknown,503227595,unbekannt
6397,,,,,,,,,,,,,,,,asphalt,unknown,503274068,versiegelt
6398,,,,,,,,,,,,,,,,asphalt,unknown,503274069,versiegelt
6399,,,,,,,,,,,,,,,,asphalt,grade1,503274070,versiegelt
6400,,,,,,,,,,,,,,,,asphalt,unknown,503274071,versiegelt
6401,,,,,,,,,,,,,,,,paving_stones,unknown,503274072,unbekannt
6402,,,,,,,,,,,,,,,,ground,unknown,503637296,unbekannt
6403,,,,,,,,,,,,,,,,ground,unknown,503637297,unbekannt
6404,,,,,,,,,,,,,,,,mud,grade5,503637298,begrünt_erdig
6405,,,,,,,,,,,,,,,,ground,unknown,503637299,unbekannt
6406,,,,,,,,,,,,,,,,ground,unknown,503637300,unbekannt
6407,,,,,,,,,,,,,,,,ground,unknown,503637302,unbekannt
6408,,,,,,,,,,,,,,,,grass,unknown,503637303,begrünt_erdig
6409,,,,,,,,,,,,,,,,gravel,unknown,503639920,mineralisch
6410,,,,,,,,,,,,,,,,unknown,unknown,505370236,unbekannt
6411,,,,,,,,,,,,,,,,paving_stones,unknown,505370237,unbekannt
6412,,,,,,,,,,,,,,,,wood,unknown,505370239,unbekannt
6413,,,,,,,,,,,,,,,,unknown,unknown,505370241,unbekannt
6414,,,,,,,,,,,,,,,,unknown,unknown,505370243,unbekannt
6415,,,,,,,,,,,,,,,,unknown,unknown,505370244,unbekannt
6416,,,,,,,,,,,,,,,,asphalt,unknown,505370249,versiegelt
6417,,,,,,,,,,,,,,,,compacted,unknown,506259109,mineralisch
6418,,,,,,,,,,,,,,,,compacted,grade2,506259110,mineralisch
6419,,,,,,,,,,,,,,,,paving_stones,unknown,506259120,unbekannt
6420,,,,,,,,,,,,,,,,grass,unknown,508259706,begrünt_erdig
6421,,,,,,,,,,,,,,,,ground,grade5,508259707,unbekannt
6422,,,,,,,,,,,,,,,,gravel,unknown,508259709,mineralisch
6423,,,,,,,,,,,,,,,,grass,grade3,508259710,begrünt_erdig
6424,,,,,,,,,,,,,,,,ground,unknown,508259711,unbekannt
6425,,,,,,,,,,,,,,,,ground,unknown,508259713,unbekannt
6426,,,,,,,,,,,,,,,,ground,unknown,508259714,unbekannt
6427,,,,,,,,,,,,,,,,ground,unknown,508259717,unbekannt
6428,,,,,,,,,,,,,,,,ground,unknown,508262920,unbekannt
6429,,,,,,,,,,,,,,,,ground,unknown,508262921,unbekannt
6430,,,,,,,,,,,,,,,,mud,unknown,508262922,begrünt_erdig
6431,,,,,,,,,,,,,,,,grass,unknown,508262924,begrünt_erdig
6432,,,,,,,,,,,,,,,,ground,unknown,508262926,unbekannt
6433,,,,,,,,,,,,,,,,grass,unknown,508264159,begrünt_erdig
6434,,,,,,,,,,,,,,,,unknown,unknown,508813805,unbekannt
6435,,,,,,,,,,,,,,,,unknown,grade5,508813807,unbekannt
6436,,,,,,,,,,,,,,,,grass,grade5,508813809,begrünt_erdig
6437,,,,,,,,,,,,,,,,grass,grade3,510334433,begrünt_erdig
6438,,,,,,,,,,,,,,,,paved,grade2,511168662,versiegelt
6439,,,,,,,,,,,,,,,,unknown,unknown,511335953,unbekannt
6440,,,,,,,,,,,,,,,,unknown,grade5,511335958,unbekannt
6441,,,,,,,,,,,,,,,,unknown,grade4,511335959,unbekannt
6442,,,,,,,,,,,,,,,,unknown,grade4,511335963,unbekannt
6443,,,,,,,,,,,,,,,,compacted,grade2,511335964,mineralisch
6444,,,,,,,,,,,,,,,,unknown,unknown,511335966,unbekannt
6445,,,,,,,,,,,,,,,,unknown,unknown,511335967,unbekannt
6446,,,,,,,,,,,,,,,,unknown,unknown,511335968,unbekannt
6447,,,,,,,,,,,,,,,,compacted,grade2,511335970,mineralisch
6448,,,,,,,,,,,,,,,,unknown,grade3,514587964,unbekannt
6449,,,,,,,,,,,,,,,,unknown,unknown,515214557,unbekannt
6450,,,,,,,,,,,,,,,,unknown,unknown,515214559,unbekannt
6451,,,,,,,,,,,,,,,,grass,grade5,519774363,begrünt_erdig
6452,,,,,,,,,,,,,,,,grass,grade5,519774364,begrünt_erdig
6453,,,,,,,,,,,,,,,,grass,grade5,519774367,begrünt_erdig
6454,,,,,,,,,,,,,,,,grass,grade5,519774883,begrünt_erdig
6455,,,,,,,,,,,,,,,,grass,unknown,519910463,begrünt_erdig
6456,,,,,,,,,,,,,,,,grass,grade5,519910472,begrünt_erdig
6457,,,,,,,,,,,,,,,,compacted,grade3,520123671,mineralisch
6458,,,,,,,,,,,,,,,,ground,unknown,520123672,unbekannt
6459,,,,,,,,,,,,,,,,unknown,grade5,520123673,unbekannt
6460,,,,,,,,,,,,,,,,unknown,grade5,520123674,unbekannt
6461,,,,,,,,,,,,,,,,unknown,grade5,520123681,unbekannt
6462,,,,,,,,,,,,,,,,unknown,grade5,520123682,unbekannt
6463,,,,,,,,,,,,,,,,unknown,grade5,520123683,unbekannt
6464,,,,,,,,,,,,,,,,unknown,grade5,520123684,unbekannt
6465,,,,,,,,,,,,,,,,unknown,grade5,520123685,unbekannt
6466,,,,,,,,,,,,,,,,ground,unknown,523464184,unbekannt
6467,,,,,,,,,,,,,,,,ground,unknown,523464187,unbekannt
6468,,,,,,,,,,,,,,,,ground,unknown,523464189,unbekannt
6469,,,,,,,,,,,,,,,,ground,unknown,523464191,unbekannt
6470,,,,,,,,,,,,,,,,ground,unknown,523464194,unbekannt
6471,,,,,,,,,,,,,,,,ground,unknown,523464197,unbekannt
6472,,,,,,,,,,,,,,,,ground,unknown,523464199,unbekannt
6473,,,,,,,,,,,,,,,,unknown,unknown,523464201,unbekannt
6474,,,,,,,,,,,,,,,,ground,unknown,523464203,unbekannt
6475,,,,,,,,,,,,,,,,grass,unknown,523464205,begrünt_erdig
6476,,,,,,,,,,,,,,,,ground,unknown,523464207,unbekannt
6477,,,,,,,,,,,,,,,,ground,unknown,523465772,unbekannt
6478,,,,,,,,,,,,,,,,grass,grade5,523465774,begrünt_erdig
6479,,,,,,,,,,,,,,,,ground,unknown,523465776,unbekannt
6480,,,,,,,,,,,,,,,,grass,unknown,531324907,begrünt_erdig
6481,,,,,,,,,,,,,,,,grass,unknown,531324908,begrünt_erdig
6482,,,,,,,,,,,,,,,,compacted,grade2,531324910,mineralisch
6483,,,,,,,,,,,,,,,,compacted,grade2,531324915,mineralisch
6484,,,,,,,,,,,,,,,,ground,unknown,531326364,unbekannt
6485,,,,,,,,,,,,,,,,unknown,unknown,532767590,unbekannt
6486,,,,,,,,,,,,,,,,unknown,unknown,533387262,unbekannt
6487,,,,,,,,,,,,,,,,paved,unknown,533387272,versiegelt
6488,,,,,,,,,,,,,,,,unknown,unknown,533387280,unbekannt
6489,,,,,,,,,,,,,,,,asphalt,unknown,533742815,versiegelt
6490,,,,,,,,,,,,,,,,unknown,unknown,533742816,unbekannt
6491,,,,,,,,,,,,,,,,unknown,unknown,534147351,unbekannt
6492,,,,,,,,,,,,,,,,unknown,unknown,534147352,unbekannt
6493,,,,,,,,,,,,,,,,unknown,grade1,536682655,unbekannt
6494,,,,,,,,,,,,,,,,grass,grade5,537401201,begrünt_erdig
6495,,,,,,,,,,,,,,,,grass,grade5,537401202,begrünt_erdig
6496,,,,,,,,,,,,,,,,grass,grade5,537401203,begrünt_erdig
6497,,,,,,,,,,,,,,,,grass,grade5,537401204,begrünt_erdig
6498,,,,,,,,,,,,,,,,grass,grade5,537401212,begrünt_erdig
6499,,,,,,,,,,,,,,,,unknown,unknown,537401213,unbekannt
6500,,,,,,,,,,,,,,,,grass,grade5,537401214,begrünt_erdig
6501,,,,,,,,,,,,,,,,grass,grade5,537401215,begrünt_erdig
6502,,,,,,,,,,,,,,,,grass,grade5,537401216,begrünt_erdig
6503,,,,,,,,,,,,,,,,grass,grade5,537401218,begrünt_erdig
6504,,,,,,,,,,,,,,,,grass,grade5,537401233,begrünt_erdig
6505,,,,,,,,,,,,,,,,unknown,unknown,537401253,unbekannt
6506,,,,,,,,,,,,,,,,unknown,unknown,537401255,unbekannt
6507,,,,,,,,,,,,,,,,grass,grade5,537401262,begrünt_erdig
6508,,,,,,,,,,,,,,,,unknown,unknown,537401279,unbekannt
6509,,,,,,,,,,,,,,,,grass,grade5,537401280,begrünt_erdig
6510,,,,,,,,,,,,,,,,grass,grade5,537401283,begrünt_erdig
6511,,,,,,,,,,,,,,,,grass,grade5,537401284,begrünt_erdig
6512,,,,,,,,,,,,,,,,grass,grade5,537401285,begrünt_erdig
6513,,,,,,,,,,,,,,,,grass,unknown,537826429,begrünt_erdig
6514,,,,,,,,,,,,,,,,ground,unknown,537826430,unbekannt
6515,,,,,,,,,,,,,,,,ground,unknown,537826431,unbekannt
6516,,,,,,,,,,,,,,,,grass,unknown,537826432,begrünt_erdig
6517,,,,,,,,,,,,,,,,unknown,grade2,540399549,unbekannt
6518,,,,,,,,,,,,,,,,unknown,grade3,540399550,unbekannt
6519,,,,,,,,,,,,,,,,unknown,unknown,540399551,unbekannt
6520,,,,,,,,,,,,,,,,grass,grade4,540399552,begrünt_erdig
6521,,,,,,,,,,,,,,,,unknown,unknown,540399553,unbekannt
6522,,,,,,,,,,,,,,,,unknown,grade3,540399554,unbekannt
6523,,,,,,,,,,,,,,,,unknown,grade3,540399555,unbekannt
6524,,,,,,,,,,,,,,,,asphalt,grade1,540399556,versiegelt
6525,,,,,,,,,,,,,,,,unknown,grade3,540399557,unbekannt
6526,,,,,,,,,,,,,,,,unknown,unknown,540399561,unbekannt
6527,,,,,,,,,,,,,,,,unknown,unknown,540399562,unbekannt
6528,,,,,,,,,,,,,,,,unknown,unknown,540417429,unbekannt
6529,,,,,,,,,,,,,,,,unknown,grade3,540417430,unbekannt
6530,,,,,,,,,,,,,,,,asphalt,grade1,545508908,versiegelt
6531,,,,,,,,,,,,,,,,unknown,unknown,550295916,unbekannt
6532,,,,,,,,,,,,,,,,unknown,unknown,550295917,unbekannt
6533,,,,,,,,,,,,,,,,unknown,unknown,550689993,unbekannt
6534,,,,,,,,,,,,,,,,paved,unknown,550689994,versiegelt
6535,,,,,,,,,,,,,,,,paving_stones,unknown,550693615,unbekannt
6536,,,,,,,,,,,,,,,,grass,grade5,550693616,begrünt_erdig
6537,,,,,,,,,,,,,,,,grass,grade5,550693617,begrünt_erdig
6538,,,,,,,,,,,,,,,,unknown,unknown,550693618,unbekannt
6539,,,,,,,,,,,,,,,,unknown,unknown,550693619,unbekannt
6540,,,,,,,,,,,,,,,,unknown,unknown,550693620,unbekannt
6541,,,,,,,,,,,,,,,,unknown,unknown,550693621,unbekannt
6542,,,,,,,,,,,,,,,,unknown,unknown,550693625,unbekannt
6543,,,,,,,,,,,,,,,,unknown,unknown,551116040,unbekannt
6544,,,,,,,,,,,,,,,,unknown,unknown,551978966,unbekannt
6545,,,,,,,,,,,,,,,,unknown,unknown,552536757,unbekannt
6546,,,,,,,,,,,,,,,,unknown,unknown,552536759,unbekannt
6547,,,,,,,,,,,,,,,,paved,unknown,552536760,versiegelt
6548,,,,,,,,,,,,,,,,unknown,grade5,557018764,unbekannt
6549,,,,,,,,,,,,,,,,unknown,unknown,557018769,unbekannt
6550,,,,,,,,,,,,,,,,gravel,grade2,557018770,mineralisch
6551,,,,,,,,,,,,,,,,unknown,grade5,557018771,unbekannt
6552,,,,,,,,,,,,,,,,unknown,grade1,557018772,unbekannt
6553,,,,,,,,,,,,,,,,unknown,grade5,557018773,unbekannt
6554,,,,,,,,,,,,,,,,unknown,unknown,557018774,unbekannt
6555,,,,,,,,,,,,,,,,grass,grade5,557018777,begrünt_erdig
6556,,,,,,,,,,,,,,,,grass,grade5,557018780,begrünt_erdig
6557,,,,,,,,,,,,,,,,grass,unknown,557655046,begrünt_erdig
6558,,,,,,,,,,,,,,,,asphalt,grade1,558437694,versiegelt
6559,,,,,,,,,,,,,,,,unknown,unknown,558437695,unbekannt
6560,,,,,,,,,,,,,,,,unknown,unknown,558437696,unbekannt
6561,,,,,,,,,,,,,,,,unpaved,unknown,561360529,mineralisch
6562,,,,,,,,,,,,,,,,ground,unknown,562591992,unbekannt
6563,,,,,,,,,,,,,,,,grass,unknown,562591995,begrünt_erdig
6564,,,,,,,,,,,,,,,,grass,unknown,562591997,begrünt_erdig
6565,,,,,,,,,,,,,,,,unknown,unknown,562783405,unbekannt
6566,,,,,,,,,,,,,,,,unknown,unknown,562783407,unbekannt
6567,,,,,,,,,,,,,,,,unknown,unknown,562783409,unbekannt
6568,,,,,,,,,,,,,,,,unknown,unknown,562783411,unbekannt
6569,,,,,,,,,,,,,,,,unknown,unknown,563456942,unbekannt
6570,,,,,,,,,,,,,,,,unknown,unknown,563456943,unbekannt
6571,,,,,,,,,,,,,,,,unknown,unknown,563456944,unbekannt
6572,,,,,,,,,,,,,,,,unknown,unknown,570637781,unbekannt
6573,,,,,,,,,,,,,,,,paving_stones,unknown,570637782,unbekannt
6574,,,,,,,,,,,,,,,,compacted,grade3,574559210,mineralisch
6575,,,,,,,,,,,,,,,,cobblestone,grade1,577231950,unbekannt
6576,,,,,,,,,,,,,,,,gravel,grade2,577232952,mineralisch
6577,,,,,,,,,,,,,,,,asphalt,grade1,577232953,versiegelt
6578,,,,,,,,,,,,,,,,unknown,grade2,577659382,unbekannt
6579,,,,,,,,,,,,,,,,ground,unknown,583027703,unbekannt
6580,,,,,,,,,,,,,,,,ground,unknown,583027704,unbekannt
6581,,,,,,,,,,,,,,,,grass,grade5,583027705,begrünt_erdig
6582,,,,,,,,,,,,,,,,ground,grade5,583029623,unbekannt
6583,,,,,,,,,,,,,,,,ground,unknown,583029626,unbekannt
6584,,,,,,,,,,,,,,,,ground,unknown,583029628,unbekannt
6585,,,,,,,,,,,,,,,,unknown,unknown,584760466,unbekannt
6586,,,,,,,,,,,,,,,,unknown,unknown,584760467,unbekannt
6587,,,,,,,,,,,,,,,,unknown,unknown,584760468,unbekannt
6588,,,,,,,,,,,,,,,,compacted,grade2,584760470,mineralisch
6589,,,,,,,,,,,,,,,,unknown,grade5,584760471,unbekannt
6590,,,,,,,,,,,,,,,,compacted,grade2,584760473,mineralisch
6591,,,,,,,,,,,,,,,,compacted,grade2,584760474,mineralisch
6592,,,,,,,,,,,,,,,,compacted,grade2,584760638,mineralisch
6593,,,,,,,,,,,,,,,,compacted,grade2,584761123,mineralisch
6594,,,,,,,,,,,,,,,,unknown,unknown,584761124,unbekannt
6595,,,,,,,,,,,,,,,,compacted,grade2,584761125,mineralisch
6596,,,,,,,,,,,,,,,,gravel,grade2,584834464,mineralisch
6597,,,,,,,,,,,,,,,,unknown,grade2,584834466,unbekannt
6598,,,,,,,,,,,,,,,,unknown,grade3,584842765,unbekannt
6599,,,,,,,,,,,,,,,,asphalt,unknown,587321017,versiegelt
6600,,,,,,,,,,,,,,,,cobblestone,grade1,587321029,unbekannt
6601,,,,,,,,,,,,,,,,unknown,unknown,587321076,unbekannt
6602,,,,,,,,,,,,,,,,asphalt,grade1,587321089,versiegelt
6603,,,,,,,,,,,,,,,,paving_stones,unknown,587321093,unbekannt
6604,,,,,,,,,,,,,,,,asphalt,grade1,587321102,versiegelt
6605,,,,,,,,,,,,,,,,asphalt,unknown,587327344,versiegelt
6606,,,,,,,,,,,,,,,,unknown,grade1,587327732,unbekannt
6607,,,,,,,,,,,,,,,,concrete,grade1,587327733,versiegelt
6608,,,,,,,,,,,,,,,,ground,grade2,588904927,unbekannt
6609,,,,,,,,,,,,,,,,asphalt,grade1,595891976,versiegelt
6610,,,,,,,,,,,,,,,,asphalt,grade1,595891977,versiegelt
6611,,,,,,,,,,,,,,,,asphalt,unknown,595894884,versiegelt
6612,,,,,,,,,,,,,,,,unknown,grade1,595896093,unbekannt
6613,,,,,,,,,,,,,,,,asphalt,grade1,595896095,versiegelt
6614,,,,,,,,,,,,,,,,asphalt,grade1,595896096,versiegelt
6615,,,,,,,,,,,,,,,,asphalt;paving_stones,grade1,595896097,unbekannt
6616,,,,,,,,,,,,,,,,ground,unknown,596654987,unbekannt
6617,,,,,,,,,,,,,,,,ground,unknown,596654989,unbekannt
6618,,,,,,,,,,,,,,,,ground,unknown,596654993,unbekannt
6619,,,,,,,,,,,,,,,,unknown,unknown,598864914,unbekannt
6620,,,,,,,,,,,,,,,,ground,unknown,610304042,unbekannt
6621,,,,,,,,,,,,,,,,grass,unknown,610304043,begrünt_erdig
6622,,,,,,,,,,,,,,,,grass,grade5,610304044,begrünt_erdig
6623,,,,,,,,,,,,,,,,ground,unknown,610304045,unbekannt
6624,,,,,,,,,,,,,,,,ground,unknown,610306139,unbekannt
6625,,,,,,,,,,,,,,,,ground,unknown,610306140,unbekannt
6626,,,,,,,,,,,,,,,,ground,unknown,610306141,unbekannt
6627,,,,,,,,,,,,,,,,asphalt,grade1,611952927,versiegelt
6628,,,,,,,,,,,,,,,,asphalt,grade1,611952928,versiegelt
6629,,,,,,,,,,,,,,,,asphalt,grade1,612621933,versiegelt
6630,,,,,,,,,,,,,,,,concrete,grade1,612695043,versiegelt
6631,,,,,,,,,,,,,,,,asphalt,unknown,612695045,versiegelt
6632,,,,,,,,,,,,,,,,compacted,unknown,613141789,mineralisch
6633,,,,,,,,,,,,,,,,unknown,unknown,613141790,unbekannt
6634,,,,,,,,,,,,,,,,grass,unknown,613141792,begrünt_erdig
6635,,,,,,,,,,,,,,,,ground,unknown,613141793,unbekannt
6636,,,,,,,,,,,,,,,,ground,unknown,613141794,unbekannt
6637,,,,,,,,,,,,,,,,ground,unknown,613141795,unbekannt
6638,,,,,,,,,,,,,,,,unknown,unknown,619847263,unbekannt
6639,,,,,,,,,,,,,,,,unknown,unknown,619847264,unbekannt
6640,,,,,,,,,,,,,,,,asphalt,unknown,619847265,versiegelt
6641,,,,,,,,,,,,,,,,unknown,unknown,620040376,unbekannt
6642,,,,,,,,,,,,,,,,unknown,unknown,620040378,unbekannt
6643,,,,,,,,,,,,,,,,unknown,unknown,620040381,unbekannt
6644,,,,,,,,,,,,,,,,unknown,unknown,620040382,unbekannt
6645,,,,,,,,,,,,,,,,unknown,unknown,620040384,unbekannt
6646,,,,,,,,,,,,,,,,unknown,unknown,620040385,unbekannt
6647,,,,,,,,,,,,,,,,unknown,unknown,620040387,unbekannt
6648,,,,,,,,,,,,,,,,unknown,unknown,620040389,unbekannt
6649,,,,,,,,,,,,,,,,unknown,unknown,620040391,unbekannt
6650,,,,,,,,,,,,,,,,unknown,unknown,620040392,unbekannt
6651,,,,,,,,,,,,,,,,unknown,unknown,620040394,unbekannt
6652,,,,,,,,,,,,,,,,ground,unknown,621302583,unbekannt
6653,,,,,,,,,,,,,,,,grass,unknown,621302585,begrünt_erdig
6654,,,,,,,,,,,,,,,,ground,unknown,621302587,unbekannt
6655,,,,,,,,,,,,,,,,ground,unknown,621302590,unbekannt
6656,,,,,,,,,,,,,,,,ground,unknown,621302592,unbekannt
6657,,,,,,,,,,,,,,,,compacted,grade2,621302595,mineralisch
6658,,,,,,,,,,,,,,,,grass,unknown,621302598,begrünt_erdig
6659,,,,,,,,,,,,,,,,ground,grade4,621302600,unbekannt
6660,,,,,,,,,,,,,,,,ground,unknown,621302602,unbekannt
6661,,,,,,,,,,,,,,,,ground,unknown,621303371,unbekannt
6662,,,,,,,,,,,,,,,,asphalt,unknown,621813383,versiegelt
6663,,,,,,,,,,,,,,,,asphalt,unknown,621813391,versiegelt
6664,,,,,,,,,,,,,,,,asphalt,unknown,621813392,versiegelt
6665,,,,,,,,,,,,,,,,paving_stones,unknown,623904782,unbekannt
6666,,,,,,,,,,,,,,,,asphalt,unknown,624128378,versiegelt
6667,,,,,,,,,,,,,,,,asphalt,unknown,624128379,versiegelt
6668,,,,,,,,,,,,,,,,unknown,grade5,624128389,unbekannt
6669,,,,,,,,,,,,,,,,asphalt,unknown,624128392,versiegelt
6670,,,,,,,,,,,,,,,,unknown,unknown,624128393,unbekannt
6671,,,,,,,,,,,,,,,,unknown,unknown,624128395,unbekannt
6672,,,,,,,,,,,,,,,,unknown,unknown,624128396,unbekannt
6673,,,,,,,,,,,,,,,,unknown,unknown,624128397,unbekannt
6674,,,,,,,,,,,,,,,,unknown,unknown,624128398,unbekannt
6675,,,,,,,,,,,,,,,,unknown,unknown,624128400,unbekannt
6676,,,,,,,,,,,,,,,,unknown,unknown,624128402,unbekannt
6677,,,,,,,,,,,,,,,,unknown,unknown,624128403,unbekannt
6678,,,,,,,,,,,,,,,,unknown,unknown,624128404,unbekannt
6679,,,,,,,,,,,,,,,,unknown,grade5,624128405,unbekannt
6680,,,,,,,,,,,,,,,,asphalt,unknown,624128408,versiegelt
6681,,,,,,,,,,,,,,,,gravel,grade3,624172524,mineralisch
6682,,,,,,,,,,,,,,,,unknown,grade1,624175286,unbekannt
6683,,,,,,,,,,,,,,,,asphalt,grade2,624175287,versiegelt
6684,,,,,,,,,,,,,,,,asphalt,grade1,624175288,versiegelt
6685,,,,,,,,,,,,,,,,unknown,grade4,624175289,unbekannt
6686,,,,,,,,,,,,,,,,unknown,grade5,624175290,unbekannt
6687,,,,,,,,,,,,,,,,asphalt,unknown,624194840,versiegelt
6688,,,,,,,,,,,,,,,,unknown,unknown,624194841,unbekannt
6689,,,,,,,,,,,,,,,,grass,grade5,624194842,begrünt_erdig
6690,,,,,,,,,,,,,,,,unknown,unknown,624194843,unbekannt
6691,,,,,,,,,,,,,,,,paving_stones,unknown,625722759,unbekannt
6692,,,,,,,,,,,,,,,,unknown,unknown,625722796,unbekannt
6693,,,,,,,,,,,,,,,,unknown,unknown,625722805,unbekannt
6694,,,,,,,,,,,,,,,,unknown,grade1,625722807,unbekannt
6695,,,,,,,,,,,,,,,,unknown,unknown,625741838,unbekannt
6696,,,,,,,,,,,,,,,,unknown,unknown,625741840,unbekannt
6697,,,,,,,,,,,,,,,,unknown,unknown,625741841,unbekannt
6698,,,,,,,,,,,,,,,,unknown,unknown,625741842,unbekannt
6699,,,,,,,,,,,,,,,,unknown,unknown,625741843,unbekannt
6700,,,,,,,,,,,,,,,,unknown,unknown,625741844,unbekannt
6701,,,,,,,,,,,,,,,,unknown,unknown,625741845,unbekannt
6702,,,,,,,,,,,,,,,,unknown,grade3,625741848,unbekannt
6703,,,,,,,,,,,,,,,,unknown,unknown,625741880,unbekannt
6704,,,,,,,,,,,,,,,,gravel,grade3,625741881,mineralisch
6705,,,,,,,,,,,,,,,,unknown,grade5,625741882,unbekannt
6706,,,,,,,,,,,,,,,,unknown,unknown,625745608,unbekannt
6707,,,,,,,,,,,,,,,,unknown,unknown,625745609,unbekannt
6708,,,,,,,,,,,,,,,,unpaved,grade5,626688980,mineralisch
6709,,,,,,,,,,,,,,,,grass,unknown,626688981,begrünt_erdig
6710,,,,,,,,,,,,,,,,unpaved,grade5,626688982,mineralisch
6711,,,,,,,,,,,,,,,,unpaved,grade5,626688983,mineralisch
6712,,,,,,,,,,,,,,,,unknown,grade4,632262677,unbekannt
6713,,,,,,,,,,,,,,,,unknown,unknown,632262972,unbekannt
6714,,,,,,,,,,,,,,,,asphalt,grade1,635997382,versiegelt
6715,,,,,,,,,,,,,,,,unknown,unknown,638566217,unbekannt
6716,,,,,,,,,,,,,,,,unknown,unknown,638566220,unbekannt
6717,,,,,,,,,,,,,,,,gravel,grade2,638566221,mineralisch
6718,,,,,,,,,,,,,,,,gravel,grade3,638566222,mineralisch
6719,,,,,,,,,,,,,,,,asphalt,unknown,638566226,versiegelt
6720,,,,,,,,,,,,,,,,unknown,unknown,638570711,unbekannt
6721,,,,,,,,,,,,,,,,asphalt,unknown,638570713,versiegelt
6722,,,,,,,,,,,,,,,,gravel,grade2,638570714,mineralisch
6723,,,,,,,,,,,,,,,,unknown,unknown,638570718,unbekannt
6724,,,,,,,,,,,,,,,,asphalt,unknown,638570719,versiegelt
6725,,,,,,,,,,,,,,,,grass,grade5,638570721,begrünt_erdig
6726,,,,,,,,,,,,,,,,paving_stones,unknown,638606629,unbekannt
6727,,,,,,,,,,,,,,,,asphalt,grade1,638606968,versiegelt
6728,,,,,,,,,,,,,,,,asphalt,unknown,640398642,versiegelt
6729,,,,,,,,,,,,,,,,compacted,unknown,646564188,mineralisch
6730,,,,,,,,,,,,,,,,asphalt,unknown,646564189,versiegelt
6731,,,,,,,,,,,,,,,,wood,unknown,646564190,unbekannt
6732,,,,,,,,,,,,,,,,asphalt,unknown,646564191,versiegelt
6733,,,,,,,,,,,,,,,,grass,unknown,646564192,begrünt_erdig
6734,,,,,,,,,,,,,,,,grass,grade5,648433188,begrünt_erdig
6735,,,,,,,,,,,,,,,,unknown,unknown,650303350,unbekannt
6736,,,,,,,,,,,,,,,,grass,grade5,650303351,begrünt_erdig
6737,,,,,,,,,,,,,,,,grass,grade5,650303352,begrünt_erdig
6738,,,,,,,,,,,,,,,,gravel,grade2,650303353,mineralisch
6739,,,,,,,,,,,,,,,,gravel,grade3,650303354,mineralisch
6740,,,,,,,,,,,,,,,,unknown,grade5,655344543,unbekannt
6741,,,,,,,,,,,,,,,,unknown,grade5,655344544,unbekannt
6742,,,,,,,,,,,,,,,,unknown,unknown,655356123,unbekannt
6743,,,,,,,,,,,,,,,,unknown,unknown,655356124,unbekannt
6744,,,,,,,,,,,,,,,,unknown,unknown,659984014,unbekannt
6745,,,,,,,,,,,,,,,,gravel,grade2,660732190,mineralisch
6746,,,,,,,,,,,,,,,,unknown,unknown,660745631,unbekannt
6747,,,,,,,,,,,,,,,,asphalt,unknown,660745639,versiegelt
6748,,,,,,,,,,,,,,,,unknown,unknown,660745640,unbekannt
6749,,,,,,,,,,,,,,,,asphalt,grade1,660745641,versiegelt
6750,,,,,,,,,,,,,,,,unknown,unknown,660774102,unbekannt
6751,,,,,,,,,,,,,,,,asphalt,unknown,660774108,versiegelt
6752,,,,,,,,,,,,,,,,paving_stones,unknown,660774109,unbekannt
6753,,,,,,,,,,,,,,,,asphalt,grade1,660785905,versiegelt
6754,,,,,,,,,,,,,,,,unknown,unknown,660785907,unbekannt
6755,,,,,,,,,,,,,,,,ground,unknown,665696884,unbekannt
6756,,,,,,,,,,,,,,,,ground,unknown,665696885,unbekannt
6757,,,,,,,,,,,,,,,,wood,unknown,665696886,unbekannt
6758,,,,,,,,,,,,,,,,grass,grade5,665697760,begrünt_erdig
6759,,,,,,,,,,,,,,,,grass,grade5,665697856,begrünt_erdig
6760,,,,,,,,,,,,,,,,grass,unknown,665698574,begrünt_erdig
6761,,,,,,,,,,,,,,,,ground,unknown,665698575,unbekannt
6762,,,,,,,,,,,,,,,,ground,unknown,665698576,unbekannt
6763,,,,,,,,,,,,,,,,wood,unknown,665698577,unbekannt
6764,,,,,,,,,,,,,,,,ground,unknown,671376692,unbekannt
6765,,,,,,,,,,,,,,,,ground,unknown,671376693,unbekannt
6766,,,,,,,,,,,,,,,,ground,unknown,671376695,unbekannt
6767,,,,,,,,,,,,,,,,ground,unknown,671376696,unbekannt
6768,,,,,,,,,,,,,,,,ground,unknown,671376697,unbekannt
6769,,,,,,,,,,,,,,,,grass,grade5,674686896,begrünt_erdig
6770,,,,,,,,,,,,,,,,grass,grade5,674686901,begrünt_erdig
6771,,,,,,,,,,,,,,,,grass,grade5,674686904,begrünt_erdig
6772,,,,,,,,,,,,,,,,grass,grade5,674686912,begrünt_erdig
6773,,,,,,,,,,,,,,,,grass,grade5,674686916,begrünt_erdig
6774,,,,,,,,,,,,,,,,grass,grade5,674686920,begrünt_erdig
6775,,,,,,,,,,,,,,,,grass,grade5,674686922,begrünt_erdig
6776,,,,,,,,,,,,,,,,grass,grade5,674686926,begrünt_erdig
6777,,,,,,,,,,,,,,,,grass,grade5,674686930,begrünt_erdig
6778,,,,,,,,,,,,,,,,grass,grade5,674686933,begrünt_erdig
6779,,,,,,,,,,,,,,,,grass,grade5,674686935,begrünt_erdig
6780,,,,,,,,,,,,,,,,unknown,grade5,674686938,unbekannt
6781,,,,,,,,,,,,,,,,asphalt,unknown,674686952,versiegelt
6782,,,,,,,,,,,,,,,,unknown,unknown,675814877,unbekannt
6783,,,,,,,,,,,,,,,,asphalt,unknown,675814878,versiegelt
6784,,,,,,,,,,,,,,,,mud,unknown,676135711,begrünt_erdig
6785,,,,,,,,,,,,,,,,ground,unknown,676137143,unbekannt
6786,,,,,,,,,,,,,,,,grass,unknown,676137144,begrünt_erdig
6787,,,,,,,,,,,,,,,,grass,unknown,676137145,begrünt_erdig
6788,,,,,,,,,,,,,,,,compacted,unknown,676137146,mineralisch
6789,,,,,,,,,,,,,,,,ground,unknown,676137147,unbekannt
6790,,,,,,,,,,,,,,,,asphalt,grade1,677480250,versiegelt
6791,,,,,,,,,,,,,,,,unknown,unknown,677480251,unbekannt
6792,,,,,,,,,,,,,,,,asphalt,grade1,677480252,versiegelt
6793,,,,,,,,,,,,,,,,unknown,unknown,682209272,unbekannt
6794,,,,,,,,,,,,,,,,gravel,grade2,682209276,mineralisch
6795,,,,,,,,,,,,,,,,compacted,unknown,682209277,mineralisch
6796,,,,,,,,,,,,,,,,unknown,grade5,682209278,unbekannt
6797,,,,,,,,,,,,,,,,asphalt,unknown,682213510,versiegelt
6798,,,,,,,,,,,,,,,,compacted,grade3,682307741,mineralisch
6799,,,,,,,,,,,,,,,,unknown,unknown,682307742,unbekannt
6800,,,,,,,,,,,,,,,,unknown,unknown,683391490,unbekannt
6801,,,,,,,,,,,,,,,,ground,unknown,684018590,unbekannt
6802,,,,,,,,,,,,,,,,ground,unknown,684018592,unbekannt
6803,,,,,,,,,,,,,,,,ground,unknown,684019260,unbekannt
6804,,,,,,,,,,,,,,,,unknown,grade5,685315810,unbekannt
6805,,,,,,,,,,,,,,,,unknown,unknown,685726447,unbekannt
6806,,,,,,,,,,,,,,,,unknown,grade3,685726449,unbekannt
6807,,,,,,,,,,,,,,,,asphalt,grade1,685726450,versiegelt
6808,,,,,,,,,,,,,,,,unknown,grade3,685726451,unbekannt
6809,,,,,,,,,,,,,,,,ground,unknown,685730248,unbekannt
6810,,,,,,,,,,,,,,,,ground,unknown,685730249,unbekannt
6811,,,,,,,,,,,,,,,,ground,unknown,685730250,unbekannt
6812,,,,,,,,,,,,,,,,ground,unknown,685730251,unbekannt
6813,,,,,,,,,,,,,,,,ground,unknown,685730252,unbekannt
6814,,,,,,,,,,,,,,,,grass,unknown,685731643,begrünt_erdig
6815,,,,,,,,,,,,,,,,ground,unknown,685731644,unbekannt
6816,,,,,,,,,,,,,,,,ground,unknown,685731645,unbekannt
6817,,,,,,,,,,,,,,,,ground,unknown,685731646,unbekannt
6818,,,,,,,,,,,,,,,,ground,unknown,685731648,unbekannt
6819,,,,,,,,,,,,,,,,ground,unknown,685731649,unbekannt
6820,,,,,,,,,,,,,,,,asphalt,unknown,685731650,versiegelt
6821,,,,,,,,,,,,,,,,unknown,unknown,688049911,unbekannt
6822,,,,,,,,,,,,,,,,unknown,unknown,688050213,unbekannt
6823,,,,,,,,,,,,,,,,unknown,unknown,688169527,unbekannt
6824,,,,,,,,,,,,,,,,unknown,unknown,688169528,unbekannt
6825,,,,,,,,,,,,,,,,unknown,unknown,688197530,unbekannt
6826,,,,,,,,,,,,,,,,unknown,unknown,688197531,unbekannt
6827,,,,,,,,,,,,,,,,unknown,unknown,688197532,unbekannt
6828,,,,,,,,,,,,,,,,unknown,unknown,688197537,unbekannt
6829,,,,,,,,,,,,,,,,unknown,unknown,688198809,unbekannt
6830,,,,,,,,,,,,,,,,unknown,unknown,688235071,unbekannt
6831,,,,,,,,,,,,,,,,grass,unknown,688489451,begrünt_erdig
6832,,,,,,,,,,,,,,,,unknown,grade5,688489452,unbekannt
6833,,,,,,,,,,,,,,,,unknown,unknown,688489453,unbekannt
6834,,,,,,,,,,,,,,,,grass,grade5,688489455,begrünt_erdig
6835,,,,,,,,,,,,,,,,unknown,grade2,688489456,unbekannt
6836,,,,,,,,,,,,,,,,unknown,unknown,688489457,unbekannt
6837,,,,,,,,,,,,,,,,grass,grade5,688495843,begrünt_erdig
6838,,,,,,,,,,,,,,,,gravel,grade2,688495844,mineralisch
6839,,,,,,,,,,,,,,,,paving_stones,unknown,688861175,unbekannt
6840,,,,,,,,,,,,,,,,grass,grade5,689425920,begrünt_erdig
6841,,,,,,,,,,,,,,,,grass,grade5,689426079,begrünt_erdig
6842,,,,,,,,,,,,,,,,concrete,grade1,690055889,versiegelt
6843,,,,,,,,,,,,,,,,unknown,grade1,690055890,unbekannt
6844,,,,,,,,,,,,,,,,unknown,grade1,690055891,unbekannt
6845,,,,,,,,,,,,,,,,grass,grade5,690678537,begrünt_erdig
6846,,,,,,,,,,,,,,,,compacted,grade2,692629888,mineralisch
6847,,,,,,,,,,,,,,,,gravel,grade2,692629889,mineralisch
6848,,,,,,,,,,,,,,,,unknown,unknown,692629892,unbekannt
6849,,,,,,,,,,,,,,,,grass,grade5,692629895,begrünt_erdig
6850,,,,,,,,,,,,,,,,fine_gravel,grade2,692629896,mineralisch
6851,,,,,,,,,,,,,,,,concrete,grade1,692865076,versiegelt
6852,,,,,,,,,,,,,,,,unknown,grade2,692865078,unbekannt
6853,,,,,,,,,,,,,,,,asphalt,unknown,694564001,versiegelt
6854,,,,,,,,,,,,,,,,unknown,unknown,694564002,unbekannt
6855,,,,,,,,,,,,,,,,unknown,unknown,695775226,unbekannt
6856,,,,,,,,,,,,,,,,unknown,unknown,695775227,unbekannt
6857,,,,,,,,,,,,,,,,compacted,grade3,695775229,mineralisch
6858,,,,,,,,,,,,,,,,ground,unknown,695775230,unbekannt
6859,,,,,,,,,,,,,,,,compacted,grade2,696116119,mineralisch
6860,,,,,,,,,,,,,,,,unknown,unknown,698786675,unbekannt
6861,,,,,,,,,,,,,,,,unknown,unknown,698786676,unbekannt
6862,,,,,,,,,,,,,,,,unknown,unknown,698786677,unbekannt
6863,,,,,,,,,,,,,,,,unknown,unknown,698786678,unbekannt
6864,,,,,,,,,,,,,,,,unknown,unknown,698786679,unbekannt
6865,,,,,,,,,,,,,,,,unknown,grade1,698786680,unbekannt
6866,,,,,,,,,,,,,,,,unknown,unknown,698786685,unbekannt
6867,,,,,,,,,,,,,,,,unknown,unknown,698786687,unbekannt
6868,,,,,,,,,,,,,,,,compacted,unknown,698786688,mineralisch
6869,,,,,,,,,,,,,,,,gravel,grade2,698786694,mineralisch
6870,,,,,,,,,,,,,,,,grass,grade4,699476911,begrünt_erdig
6871,,,,,,,,,,,,,,,,unknown,unknown,700293997,unbekannt
6872,,,,,,,,,,,,,,,,asphalt,unknown,700469671,versiegelt
6873,,,,,,,,,,,,,,,,unknown,unknown,700469672,unbekannt
6874,,,,,,,,,,,,,,,,unknown,unknown,700469673,unbekannt
6875,,,,,,,,,,,,,,,,compacted,grade2,700760144,mineralisch
6876,,,,,,,,,,,,,,,,unknown,unknown,700760145,unbekannt
6877,,,,,,,,,,,,,,,,compacted,grade3,700760146,mineralisch
6878,,,,,,,,,,,,,,,,unknown,unknown,700760150,unbekannt
6879,,,,,,,,,,,,,,,,unknown,unknown,700760151,unbekannt
6880,,,,,,,,,,,,,,,,unknown,unknown,700760153,unbekannt
6881,,,,,,,,,,,,,,,,unknown,unknown,700760158,unbekannt
6882,,,,,,,,,,,,,,,,compacted,grade2,700760159,mineralisch
6883,,,,,,,,,,,,,,,,unknown,grade4,700760162,unbekannt
6884,,,,,,,,,,,,,,,,unknown,grade4,700760163,unbekannt
6885,,,,,,,,,,,,,,,,unknown,grade3,700760164,unbekannt
6886,,,,,,,,,,,,,,,,asphalt,unknown,700760165,versiegelt
6887,,,,,,,,,,,,,,,,asphalt,grade1,700760173,versiegelt
6888,,,,,,,,,,,,,,,,unknown,grade2,700760182,unbekannt
6889,,,,,,,,,,,,,,,,ground,unknown,700760183,unbekannt
6890,,,,,,,,,,,,,,,,paving_stones,unknown,700760184,unbekannt
6891,,,,,,,,,,,,,,,,asphalt,grade1,700760185,versiegelt
6892,,,,,,,,,,,,,,,,ground,unknown,700760195,unbekannt
6893,,,,,,,,,,,,,,,,ground,unknown,700760196,unbekannt
6894,,,,,,,,,,,,,,,,asphalt,unknown,701192287,versiegelt
6895,,,,,,,,,,,,,,,,gravel,grade2,702105091,mineralisch
6896,,,,,,,,,,,,,,,,asphalt,unknown,704420829,versiegelt
6897,,,,,,,,,,,,,,,,grass,grade4,704420830,begrünt_erdig
6898,,,,,,,,,,,,,,,,grass,grade5,704420831,begrünt_erdig
6899,,,,,,,,,,,,,,,,ground,grade5,704420832,unbekannt
6900,,,,,,,,,,,,,,,,grass,grade5,704420833,begrünt_erdig
6901,,,,,,,,,,,,,,,,grass,grade5,704420834,begrünt_erdig
6902,,,,,,,,,,,,,,,,asphalt,grade1,704420835,versiegelt
6903,,,,,,,,,,,,,,,,grass,grade4,704420836,begrünt_erdig
6904,,,,,,,,,,,,,,,,asphalt,unknown,704420837,versiegelt
6905,,,,,,,,,,,,,,,,asphalt,unknown,704420838,versiegelt
6906,,,,,,,,,,,,,,,,dirt,grade4,704420839,begrünt_erdig
6907,,,,,,,,,,,,,,,,dirt,unknown,704420840,begrünt_erdig
6908,,,,,,,,,,,,,,,,asphalt,unknown,704420841,versiegelt
6909,,,,,,,,,,,,,,,,asphalt,unknown,704420842,versiegelt
6910,,,,,,,,,,,,,,,,grass,unknown,704420843,begrünt_erdig
6911,,,,,,,,,,,,,,,,unknown,grade4,704420844,unbekannt
6912,,,,,,,,,,,,,,,,ground,grade4,704420845,unbekannt
6913,,,,,,,,,,,,,,,,ground,grade4,704420846,unbekannt
6914,,,,,,,,,,,,,,,,grass,unknown,704420847,begrünt_erdig
6915,,,,,,,,,,,,,,,,asphalt,unknown,704420848,versiegelt
6916,,,,,,,,,,,,,,,,asphalt,unknown,704420849,versiegelt
6917,,,,,,,,,,,,,,,,asphalt,unknown,704420850,versiegelt
6918,,,,,,,,,,,,,,,,compacted,grade2,704420851,mineralisch
6919,,,,,,,,,,,,,,,,asphalt,grade1,704420852,versiegelt
6920,,,,,,,,,,,,,,,,unknown,grade4,704420853,unbekannt
6921,,,,,,,,,,,,,,,,grass,unknown,704671240,begrünt_erdig
6922,,,,,,,,,,,,,,,,compacted,unknown,704671241,mineralisch
6923,,,,,,,,,,,,,,,,ground,unknown,704671242,unbekannt
6924,,,,,,,,,,,,,,,,compacted,unknown,704671243,mineralisch
6925,,,,,,,,,,,,,,,,grass,unknown,704671244,begrünt_erdig
6926,,,,,,,,,,,,,,,,ground,unknown,704671245,unbekannt
6927,,,,,,,,,,,,,,,,ground,unknown,704671246,unbekannt
6928,,,,,,,,,,,,,,,,asphalt,unknown,704671247,versiegelt
6929,,,,,,,,,,,,,,,,compacted,unknown,704671248,mineralisch
6930,,,,,,,,,,,,,,,,unknown,unknown,706210033,unbekannt
6931,,,,,,,,,,,,,,,,unknown,unknown,706210035,unbekannt
6932,,,,,,,,,,,,,,,,unknown,unknown,706210043,unbekannt
6933,,,,,,,,,,,,,,,,gravel,grade3,706210044,mineralisch
6934,,,,,,,,,,,,,,,,unknown,unknown,706210045,unbekannt
6935,,,,,,,,,,,,,,,,unknown,unknown,706304924,unbekannt
6936,,,,,,,,,,,,,,,,unknown,grade2,706872115,unbekannt
6937,,,,,,,,,,,,,,,,unknown,grade2,706872116,unbekannt
6938,,,,,,,,,,,,,,,,unknown,grade3,706872117,unbekannt
6939,,,,,,,,,,,,,,,,unknown,unknown,708314603,unbekannt
6940,,,,,,,,,,,,,,,,unknown,unknown,708314604,unbekannt
6941,,,,,,,,,,,,,,,,unknown,unknown,708314605,unbekannt
6942,,,,,,,,,,,,,,,,unknown,unknown,708314606,unbekannt
6943,,,,,,,,,,,,,,,,grass,grade5,708314607,begrünt_erdig
6944,,,,,,,,,,,,,,,,asphalt,unknown,708314609,versiegelt
6945,,,,,,,,,,,,,,,,asphalt,unknown,708314610,versiegelt
6946,,,,,,,,,,,,,,,,ground,unknown,713480057,unbekannt
6947,,,,,,,,,,,,,,,,ground,unknown,713480058,unbekannt
6948,,,,,,,,,,,,,,,,unknown,unknown,718268669,unbekannt
6949,,,,,,,,,,,,,,,,asphalt,unknown,718268671,versiegelt
6950,,,,,,,,,,,,,,,,unknown,unknown,719666575,unbekannt
6951,,,,,,,,,,,,,,,,asphalt,grade1,719681904,versiegelt
6952,,,,,,,,,,,,,,,,unknown,unknown,719709168,unbekannt
6953,,,,,,,,,,,,,,,,unknown,unknown,719709791,unbekannt
6954,,,,,,,,,,,,,,,,unknown,grade4,720657145,unbekannt
6955,,,,,,,,,,,,,,,,unknown,unknown,721555362,unbekannt
6956,,,,,,,,,,,,,,,,ground,unknown,722025012,unbekannt
6957,,,,,,,,,,,,,,,,unknown,unknown,722025013,unbekannt
6958,,,,,,,,,,,,,,,,ground,unknown,722025015,unbekannt
6959,,,,,,,,,,,,,,,,ground,grade5,722025016,unbekannt
6960,,,,,,,,,,,,,,,,grass,unknown,722025017,begrünt_erdig
6961,,,,,,,,,,,,,,,,grass,unknown,722025018,begrünt_erdig
6962,,,,,,,,,,,,,,,,compacted,grade3,722025481,mineralisch
6963,,,,,,,,,,,,,,,,ground,unknown,722026280,unbekannt
6964,,,,,,,,,,,,,,,,unknown,unknown,724301270,unbekannt
6965,,,,,,,,,,,,,,,,asphalt,grade1,724341034,versiegelt
6966,,,,,,,,,,,,,,,,unknown,grade4,724710647,unbekannt
6967,,,,,,,,,,,,,,,,paving_stones,unknown,727153522,unbekannt
6968,,,,,,,,,,,,,,,,paving_stones,unknown,727153527,unbekannt
6969,,,,,,,,,,,,,,,,asphalt,unknown,727153528,versiegelt
6970,,,,,,,,,,,,,,,,gravel,grade3,727154013,mineralisch
6971,,,,,,,,,,,,,,,,asphalt,grade1,727154014,versiegelt
6972,,,,,,,,,,,,,,,,unknown,unknown,727396011,unbekannt
6973,,,,,,,,,,,,,,,,unknown,unknown,727396012,unbekannt
6974,,,,,,,,,,,,,,,,unknown,grade2,727396013,unbekannt
6975,,,,,,,,,,,,,,,,asphalt,grade1,728119462,versiegelt
6976,,,,,,,,,,,,,,,,gravel,grade3,729516337,mineralisch
6977,,,,,,,,,,,,,,,,asphalt,unknown,729745967,versiegelt
6978,,,,,,,,,,,,,,,,unknown,grade4,732579043,unbekannt
6979,,,,,,,,,,,,,,,,unknown,grade4,732579044,unbekannt
6980,,,,,,,,,,,,,,,,fine_gravel,grade3,732579045,mineralisch
6981,,,,,,,,,,,,,,,,unknown,grade4,732579046,unbekannt
6982,,,,,,,,,,,,,,,,grass,grade5,732935543,begrünt_erdig
6983,,,,,,,,,,,,,,,,grass,grade5,732938011,begrünt_erdig
6984,,,,,,,,,,,,,,,,grass,grade5,732938012,begrünt_erdig
6985,,,,,,,,,,,,,,,,grass,grade5,732938013,begrünt_erdig
6986,,,,,,,,,,,,,,,,grass,grade5,732938014,begrünt_erdig
6987,,,,,,,,,,,,,,,,gravel,grade2,732938015,mineralisch
6988,,,,,,,,,,,,,,,,grass,grade4,732938016,begrünt_erdig
6989,,,,,,,,,,,,,,,,grass,grade5,732938590,begrünt_erdig
6990,,,,,,,,,,,,,,,,grass,unknown,734605963,begrünt_erdig
6991,,,,,,,,,,,,,,,,ground,unknown,734605964,unbekannt
6992,,,,,,,,,,,,,,,,compacted,unknown,734605965,mineralisch
6993,,,,,,,,,,,,,,,,ground,grade5,734605966,unbekannt
6994,,,,,,,,,,,,,,,,ground,grade5,734605967,unbekannt
6995,,,,,,,,,,,,,,,,ground,grade4,734605968,unbekannt
6996,,,,,,,,,,,,,,,,ground,unknown,734605969,unbekannt
6997,,,,,,,,,,,,,,,,ground,unknown,734605970,unbekannt
6998,,,,,,,,,,,,,,,,grass,grade4,734605971,begrünt_erdig
6999,,,,,,,,,,,,,,,,unknown,unknown,734743333,unbekannt
7000,,,,,,,,,,,,,,,,unknown,unknown,734743626,unbekannt
7001,,,,,,,,,,,,,,,,unknown,unknown,734743627,unbekannt
7002,,,,,,,,,,,,,,,,asphalt,grade1,734767875,versiegelt
7003,,,,,,,,,,,,,,,,asphalt,unknown,738962461,versiegelt
7004,,,,,,,,,,,,,,,,asphalt,unknown,738962462,versiegelt
7005,,,,,,,,,,,,,,,,grass,grade5,738962470,begrünt_erdig
7006,,,,,,,,,,,,,,,,grass,grade5,738962471,begrünt_erdig
7007,,,,,,,,,,,,,,,,grass,grade5,738962472,begrünt_erdig
7008,,,,,,,,,,,,,,,,unknown,unknown,738968163,unbekannt
7009,,,,,,,,,,,,,,,,unknown,unknown,738968164,unbekannt
7010,,,,,,,,,,,,,,,,paving_stones,unknown,738968165,unbekannt
7011,,,,,,,,,,,,,,,,paving_stones,unknown,738968167,unbekannt
7012,,,,,,,,,,,,,,,,unknown,unknown,738968170,unbekannt
7013,,,,,,,,,,,,,,,,asphalt,grade1,741890940,versiegelt
7014,,,,,,,,,,,,,,,,unknown,unknown,741905256,unbekannt
7015,,,,,,,,,,,,,,,,unknown,unknown,741905257,unbekannt
7016,,,,,,,,,,,,,,,,unknown,unknown,741905258,unbekannt
7017,,,,,,,,,,,,,,,,unknown,unknown,741905259,unbekannt
7018,,,,,,,,,,,,,,,,gravel,unknown,741905904,mineralisch
7019,,,,,,,,,,,,,,,,unknown,unknown,741905905,unbekannt
7020,,,,,,,,,,,,,,,,unknown,unknown,741906948,unbekannt
7021,,,,,,,,,,,,,,,,asphalt,grade1,741914022,versiegelt
7022,,,,,,,,,,,,,,,,asphalt,grade1,741915658,versiegelt
7023,,,,,,,,,,,,,,,,asphalt,grade1,742122365,versiegelt
7024,,,,,,,,,,,,,,,,unknown,grade5,743331590,unbekannt
7025,,,,,,,,,,,,,,,,unknown,grade2,743331593,unbekannt
7026,,,,,,,,,,,,,,,,unknown,unknown,743331595,unbekannt
7027,,,,,,,,,,,,,,,,gravel,grade2,743331596,mineralisch
7028,,,,,,,,,,,,,,,,unknown,grade1,743331626,unbekannt
7029,,,,,,,,,,,,,,,,unknown,grade5,743331627,unbekannt
7030,,,,,,,,,,,,,,,,unknown,grade3,743331628,unbekannt
7031,,,,,,,,,,,,,,,,paved,grade1,744275267,versiegelt
7032,,,,,,,,,,,,,,,,unknown,grade1,744276513,unbekannt
7033,,,,,,,,,,,,,,,,asphalt,grade2,744289576,versiegelt
7034,,,,,,,,,,,,,,,,asphalt,grade1,744323393,versiegelt
7035,,,,,,,,,,,,,,,,unknown,unknown,745623471,unbekannt
7036,,,,,,,,,,,,,,,,grass,grade5,751793833,begrünt_erdig
7037,,,,,,,,,,,,,,,,unknown,grade4,753491628,unbekannt
7038,,,,,,,,,,,,,,,,grass,grade4,753491629,begrünt_erdig
7039,,,,,,,,,,,,,,,,grass,grade4,753491630,begrünt_erdig
7040,,,,,,,,,,,,,,,,grass,grade4,753491631,begrünt_erdig
7041,,,,,,,,,,,,,,,,unknown,unknown,753491632,unbekannt
7042,,,,,,,,,,,,,,,,unknown,grade5,753491633,unbekannt
7043,,,,,,,,,,,,,,,,ground,unknown,753491634,unbekannt
7044,,,,,,,,,,,,,,,,unknown,grade4,753491635,unbekannt
7045,,,,,,,,,,,,,,,,grass,grade5,759135879,begrünt_erdig
7046,,,,,,,,,,,,,,,,grass,grade5,759135880,begrünt_erdig
7047,,,,,,,,,,,,,,,,gravel,grade3,759135881,mineralisch
7048,,,,,,,,,,,,,,,,gravel,grade2,759135882,mineralisch
7049,,,,,,,,,,,,,,,,grass,grade5,759135883,begrünt_erdig
7050,,,,,,,,,,,,,,,,grass,grade5,759135887,begrünt_erdig
7051,,,,,,,,,,,,,,,,grass,grade5,759356193,begrünt_erdig
7052,,,,,,,,,,,,,,,,grass,grade5,759371847,begrünt_erdig
7053,,,,,,,,,,,,,,,,grass,grade5,759371849,begrünt_erdig
7054,,,,,,,,,,,,,,,,grass,grade5,759389357,begrünt_erdig
7055,,,,,,,,,,,,,,,,grass,grade5,759389358,begrünt_erdig
7056,,,,,,,,,,,,,,,,grass,grade5,759389359,begrünt_erdig
7057,,,,,,,,,,,,,,,,grass,grade5,759389361,begrünt_erdig
7058,,,,,,,,,,,,,,,,unknown,unknown,759406430,unbekannt
7059,,,,,,,,,,,,,,,,grass,grade5,760216486,begrünt_erdig
7060,,,,,,,,,,,,,,,,grass,grade5,760216487,begrünt_erdig
7061,,,,,,,,,,,,,,,,grass,grade5,760216488,begrünt_erdig
7062,,,,,,,,,,,,,,,,grass,grade5,760216506,begrünt_erdig
7063,,,,,,,,,,,,,,,,grass,grade5,760216515,begrünt_erdig
7064,,,,,,,,,,,,,,,,gravel,grade2,760216516,mineralisch
7065,,,,,,,,,,,,,,,,gravel,grade2,760216517,mineralisch
7066,,,,,,,,,,,,,,,,gravel,grade2,760216518,mineralisch
7067,,,,,,,,,,,,,,,,grass,grade5,760216519,begrünt_erdig
7068,,,,,,,,,,,,,,,,grass,grade5,760216520,begrünt_erdig
7069,,,,,,,,,,,,,,,,grass,grade5,760216521,begrünt_erdig
7070,,,,,,,,,,,,,,,,grass,grade5,760216522,begrünt_erdig
7071,,,,,,,,,,,,,,,,grass,grade5,760216523,begrünt_erdig
7072,,,,,,,,,,,,,,,,grass,grade5,760216524,begrünt_erdig
7073,,,,,,,,,,,,,,,,grass,grade5,760560125,begrünt_erdig
7074,,,,,,,,,,,,,,,,grass,grade5,760560127,begrünt_erdig
7075,,,,,,,,,,,,,,,,grass,grade5,760560129,begrünt_erdig
7076,,,,,,,,,,,,,,,,grass,grade5,760796326,begrünt_erdig
7077,,,,,,,,,,,,,,,,grass,grade5,760796331,begrünt_erdig
7078,,,,,,,,,,,,,,,,grass,grade5,760796334,begrünt_erdig
7079,,,,,,,,,,,,,,,,grass,grade5,760796337,begrünt_erdig
7080,,,,,,,,,,,,,,,,grass,grade3,760796338,begrünt_erdig
7081,,,,,,,,,,,,,,,,grass,grade5,760796344,begrünt_erdig
7082,,,,,,,,,,,,,,,,grass,grade5,760796345,begrünt_erdig
7083,,,,,,,,,,,,,,,,grass,grade5,760796355,begrünt_erdig
7084,,,,,,,,,,,,,,,,grass,grade5,760796361,begrünt_erdig
7085,,,,,,,,,,,,,,,,grass,grade5,760924760,begrünt_erdig
7086,,,,,,,,,,,,,,,,grass,grade5,760924761,begrünt_erdig
7087,,,,,,,,,,,,,,,,grass,grade5,760924765,begrünt_erdig
7088,,,,,,,,,,,,,,,,grass,grade5,760924766,begrünt_erdig
7089,,,,,,,,,,,,,,,,gravel,grade2,760924767,mineralisch
7090,,,,,,,,,,,,,,,,gravel,grade2,760924768,mineralisch
7091,,,,,,,,,,,,,,,,grass,grade4,760924775,begrünt_erdig
7092,,,,,,,,,,,,,,,,grass,grade5,760924778,begrünt_erdig
7093,,,,,,,,,,,,,,,,gravel,grade2,760924780,mineralisch
7094,,,,,,,,,,,,,,,,asphalt,grade1,760924783,versiegelt
7095,,,,,,,,,,,,,,,,gravel,grade2,760924784,mineralisch
7096,,,,,,,,,,,,,,,,grass,grade5,760924785,begrünt_erdig
7097,,,,,,,,,,,,,,,,grass,grade5,760924789,begrünt_erdig
7098,,,,,,,,,,,,,,,,grass,grade5,760924798,begrünt_erdig
7099,,,,,,,,,,,,,,,,grass,grade5,760924799,begrünt_erdig
7100,,,,,,,,,,,,,,,,grass,grade5,760924800,begrünt_erdig
7101,,,,,,,,,,,,,,,,grass,grade5,760924802,begrünt_erdig
7102,,,,,,,,,,,,,,,,grass,grade5,760924807,begrünt_erdig
7103,,,,,,,,,,,,,,,,grass,grade5,760924808,begrünt_erdig
7104,,,,,,,,,,,,,,,,grass,grade5,760924809,begrünt_erdig
7105,,,,,,,,,,,,,,,,grass,grade5,760924810,begrünt_erdig
7106,,,,,,,,,,,,,,,,grass,grade5,760924811,begrünt_erdig
7107,,,,,,,,,,,,,,,,asphalt,grade1,760924815,versiegelt
7108,,,,,,,,,,,,,,,,grass,grade5,760924820,begrünt_erdig
7109,,,,,,,,,,,,,,,,grass,grade5,760924840,begrünt_erdig
7110,,,,,,,,,,,,,,,,grass,grade5,760924841,begrünt_erdig
7111,,,,,,,,,,,,,,,,grass,grade5,760939719,begrünt_erdig
7112,,,,,,,,,,,,,,,,grass,grade5,760939731,begrünt_erdig
7113,,,,,,,,,,,,,,,,grass,grade5,761046192,begrünt_erdig
7114,,,,,,,,,,,,,,,,grass,grade5,761046197,begrünt_erdig
7115,,,,,,,,,,,,,,,,compacted,grade2,761046198,mineralisch
7116,,,,,,,,,,,,,,,,gravel,grade2,761046199,mineralisch
7117,,,,,,,,,,,,,,,,grass,grade5,761046200,begrünt_erdig
7118,,,,,,,,,,,,,,,,grass,grade5,761046201,begrünt_erdig
7119,,,,,,,,,,,,,,,,grass,grade5,761046204,begrünt_erdig
7120,,,,,,,,,,,,,,,,grass,grade5,761046205,begrünt_erdig
7121,,,,,,,,,,,,,,,,grass,grade5,761046208,begrünt_erdig
7122,,,,,,,,,,,,,,,,grass,grade5,761046209,begrünt_erdig
7123,,,,,,,,,,,,,,,,grass,grade5,761046210,begrünt_erdig
7124,,,,,,,,,,,,,,,,grass,grade5,761046211,begrünt_erdig
7125,,,,,,,,,,,,,,,,grass,grade5,761046217,begrünt_erdig
7126,,,,,,,,,,,,,,,,grass,grade5,761046220,begrünt_erdig
7127,,,,,,,,,,,,,,,,grass,grade5,761046221,begrünt_erdig
7128,,,,,,,,,,,,,,,,grass,grade5,761046229,begrünt_erdig
7129,,,,,,,,,,,,,,,,grass,grade5,761046233,begrünt_erdig
7130,,,,,,,,,,,,,,,,grass,grade5,761046235,begrünt_erdig
7131,,,,,,,,,,,,,,,,grass,grade5,761046236,begrünt_erdig
7132,,,,,,,,,,,,,,,,grass,grade5,761046244,begrünt_erdig
7133,,,,,,,,,,,,,,,,unknown,unknown,761046245,unbekannt
7134,,,,,,,,,,,,,,,,grass,grade5,761046246,begrünt_erdig
7135,,,,,,,,,,,,,,,,gravel,grade2,761046247,mineralisch
7136,,,,,,,,,,,,,,,,gravel,grade3,761059460,mineralisch
7137,,,,,,,,,,,,,,,,grass,grade5,761059461,begrünt_erdig
7138,,,,,,,,,,,,,,,,grass,grade5,761059480,begrünt_erdig
7139,,,,,,,,,,,,,,,,grass,grade5,761059481,begrünt_erdig
7140,,,,,,,,,,,,,,,,grass,grade5,761059482,begrünt_erdig
7141,,,,,,,,,,,,,,,,gravel,grade2,761059484,mineralisch
7142,,,,,,,,,,,,,,,,gravel,grade2,761059485,mineralisch
7143,,,,,,,,,,,,,,,,gravel,grade2,761059486,mineralisch
7144,,,,,,,,,,,,,,,,asphalt,grade1,761059487,versiegelt
7145,,,,,,,,,,,,,,,,asphalt,grade1,761059488,versiegelt
7146,,,,,,,,,,,,,,,,gravel,grade2,761059489,mineralisch
7147,,,,,,,,,,,,,,,,asphalt,grade1,761059490,versiegelt
7148,,,,,,,,,,,,,,,,grass,grade5,761059492,begrünt_erdig
7149,,,,,,,,,,,,,,,,grass,grade5,761059493,begrünt_erdig
7150,,,,,,,,,,,,,,,,grass,grade5,761059494,begrünt_erdig
7151,,,,,,,,,,,,,,,,grass,grade5,761059498,begrünt_erdig
7152,,,,,,,,,,,,,,,,grass,grade5,761059499,begrünt_erdig
7153,,,,,,,,,,,,,,,,grass,grade5,761200106,begrünt_erdig
7154,,,,,,,,,,,,,,,,grass,grade5,761200108,begrünt_erdig
7155,,,,,,,,,,,,,,,,grass,grade5,761200122,begrünt_erdig
7156,,,,,,,,,,,,,,,,grass,grade5,761200127,begrünt_erdig
7157,,,,,,,,,,,,,,,,gravel,grade2,761200128,mineralisch
7158,,,,,,,,,,,,,,,,grass,grade5,761200134,begrünt_erdig
7159,,,,,,,,,,,,,,,,grass,grade5,761200139,begrünt_erdig
7160,,,,,,,,,,,,,,,,grass,grade5,761200140,begrünt_erdig
7161,,,,,,,,,,,,,,,,grass,grade5,761200146,begrünt_erdig
7162,,,,,,,,,,,,,,,,grass,grade5,761200153,begrünt_erdig
7163,,,,,,,,,,,,,,,,unknown,grade5,761218834,unbekannt
7164,,,,,,,,,,,,,,,,grass,grade5,761234548,begrünt_erdig
7165,,,,,,,,,,,,,,,,grass,grade5,761234555,begrünt_erdig
7166,,,,,,,,,,,,,,,,grass,grade5,761234563,begrünt_erdig
7167,,,,,,,,,,,,,,,,grass,grade5,761234592,begrünt_erdig
7168,,,,,,,,,,,,,,,,grass,grade5,761234593,begrünt_erdig
7169,,,,,,,,,,,,,,,,grass,grade5,761282247,begrünt_erdig
7170,,,,,,,,,,,,,,,,grass,grade5,761282253,begrünt_erdig
7171,,,,,,,,,,,,,,,,grass,grade5,761463885,begrünt_erdig
7172,,,,,,,,,,,,,,,,grass,grade5,761463886,begrünt_erdig
7173,,,,,,,,,,,,,,,,grass,grade5,761463899,begrünt_erdig
7174,,,,,,,,,,,,,,,,grass,grade5,761684889,begrünt_erdig
7175,,,,,,,,,,,,,,,,grass,grade5,761684893,begrünt_erdig
7176,,,,,,,,,,,,,,,,grass,grade5,761684901,begrünt_erdig
7177,,,,,,,,,,,,,,,,grass,grade5,761709908,begrünt_erdig
7178,,,,,,,,,,,,,,,,gravel,grade2,761763460,mineralisch
7179,,,,,,,,,,,,,,,,gravel,grade2,761763462,mineralisch
7180,,,,,,,,,,,,,,,,unknown,grade3,761763463,unbekannt
7181,,,,,,,,,,,,,,,,grass,grade5,761980207,begrünt_erdig
7182,,,,,,,,,,,,,,,,grass,grade5,761980209,begrünt_erdig
7183,,,,,,,,,,,,,,,,grass,grade5,761980210,begrünt_erdig
7184,,,,,,,,,,,,,,,,grass,grade5,761980211,begrünt_erdig
7185,,,,,,,,,,,,,,,,grass,grade5,761980212,begrünt_erdig
7186,,,,,,,,,,,,,,,,grass,grade5,761980213,begrünt_erdig
7187,,,,,,,,,,,,,,,,unknown,grade5,762045600,unbekannt
7188,,,,,,,,,,,,,,,,grass,grade5,762045611,begrünt_erdig
7189,,,,,,,,,,,,,,,,grass,grade5,762045619,begrünt_erdig
7190,,,,,,,,,,,,,,,,grass,grade5,762045622,begrünt_erdig
7191,,,,,,,,,,,,,,,,grass,grade5,762045623,begrünt_erdig
7192,,,,,,,,,,,,,,,,grass,grade5,762045630,begrünt_erdig
7193,,,,,,,,,,,,,,,,grass,grade5,762045643,begrünt_erdig
7194,,,,,,,,,,,,,,,,grass,grade5,762045647,begrünt_erdig
7195,,,,,,,,,,,,,,,,asphalt,unknown,762288917,versiegelt
7196,,,,,,,,,,,,,,,,grass,grade5,762288922,begrünt_erdig
7197,,,,,,,,,,,,,,,,grass,grade5,762288932,begrünt_erdig
7198,,,,,,,,,,,,,,,,grass,grade5,762288934,begrünt_erdig
7199,,,,,,,,,,,,,,,,grass,grade5,762288935,begrünt_erdig
7200,,,,,,,,,,,,,,,,grass,grade5,762288937,begrünt_erdig
7201,,,,,,,,,,,,,,,,grass,grade5,762288939,begrünt_erdig
7202,,,,,,,,,,,,,,,,grass,grade5,762288943,begrünt_erdig
7203,,,,,,,,,,,,,,,,grass,grade5,762288947,begrünt_erdig
7204,,,,,,,,,,,,,,,,grass,grade4,762641189,begrünt_erdig
7205,,,,,,,,,,,,,,,,grass,grade5,762641198,begrünt_erdig
7206,,,,,,,,,,,,,,,,grass,grade5,762641199,begrünt_erdig
7207,,,,,,,,,,,,,,,,gravel,grade2,762641200,mineralisch
7208,,,,,,,,,,,,,,,,grass,grade5,762641203,begrünt_erdig
7209,,,,,,,,,,,,,,,,grass,grade5,762641204,begrünt_erdig
7210,,,,,,,,,,,,,,,,grass,grade5,762641205,begrünt_erdig
7211,,,,,,,,,,,,,,,,gravel,grade2,762641206,mineralisch
7212,,,,,,,,,,,,,,,,gravel,grade2,762641207,mineralisch
7213,,,,,,,,,,,,,,,,grass,grade5,762641215,begrünt_erdig
7214,,,,,,,,,,,,,,,,grass,grade5,762673958,begrünt_erdig
7215,,,,,,,,,,,,,,,,grass,grade5,762673966,begrünt_erdig
7216,,,,,,,,,,,,,,,,gravel,grade3,762673980,mineralisch
7217,,,,,,,,,,,,,,,,compacted,grade3,762694377,mineralisch
7218,,,,,,,,,,,,,,,,grass,grade5,762854493,begrünt_erdig
7219,,,,,,,,,,,,,,,,grass,grade5,762854494,begrünt_erdig
7220,,,,,,,,,,,,,,,,gravel,grade2,762854527,mineralisch
7221,,,,,,,,,,,,,,,,grass,grade5,763099450,begrünt_erdig
7222,,,,,,,,,,,,,,,,grass,grade4,763099459,begrünt_erdig
7223,,,,,,,,,,,,,,,,grass,grade5,763099465,begrünt_erdig
7224,,,,,,,,,,,,,,,,grass,grade5,763170836,begrünt_erdig
7225,,,,,,,,,,,,,,,,grass,grade5,763170837,begrünt_erdig
7226,,,,,,,,,,,,,,,,grass,grade5,763170840,begrünt_erdig
7227,,,,,,,,,,,,,,,,grass,grade5,763170841,begrünt_erdig
7228,,,,,,,,,,,,,,,,grass,grade5,763170842,begrünt_erdig
7229,,,,,,,,,,,,,,,,grass,grade5,763170843,begrünt_erdig
7230,,,,,,,,,,,,,,,,grass,grade5,763170844,begrünt_erdig
7231,,,,,,,,,,,,,,,,grass,grade5,763170845,begrünt_erdig
7232,,,,,,,,,,,,,,,,grass,grade5,763170847,begrünt_erdig
7233,,,,,,,,,,,,,,,,asphalt,grade1,763170848,versiegelt
7234,,,,,,,,,,,,,,,,grass,grade5,763170850,begrünt_erdig
7235,,,,,,,,,,,,,,,,grass,grade5,763170851,begrünt_erdig
7236,,,,,,,,,,,,,,,,grass,grade5,763170852,begrünt_erdig
7237,,,,,,,,,,,,,,,,grass,grade5,763170859,begrünt_erdig
7238,,,,,,,,,,,,,,,,gravel,grade3,763170861,mineralisch
7239,,,,,,,,,,,,,,,,grass,grade5,763170862,begrünt_erdig
7240,,,,,,,,,,,,,,,,grass,grade5,763170863,begrünt_erdig
7241,,,,,,,,,,,,,,,,grass,grade5,763170864,begrünt_erdig
7242,,,,,,,,,,,,,,,,grass,grade5,763170865,begrünt_erdig
7243,,,,,,,,,,,,,,,,grass,grade5,763170866,begrünt_erdig
7244,,,,,,,,,,,,,,,,grass,grade5,763170867,begrünt_erdig
7245,,,,,,,,,,,,,,,,gravel,grade2,763170868,mineralisch
7246,,,,,,,,,,,,,,,,grass,grade5,763170869,begrünt_erdig
7247,,,,,,,,,,,,,,,,grass,grade5,763170874,begrünt_erdig
7248,,,,,,,,,,,,,,,,grass,grade5,763170876,begrünt_erdig
7249,,,,,,,,,,,,,,,,grass,grade5,763170886,begrünt_erdig
7250,,,,,,,,,,,,,,,,grass,grade5,763170887,begrünt_erdig
7251,,,,,,,,,,,,,,,,grass,grade5,763170893,begrünt_erdig
7252,,,,,,,,,,,,,,,,gravel,grade2,763170898,mineralisch
7253,,,,,,,,,,,,,,,,grass,grade5,763170904,begrünt_erdig
7254,,,,,,,,,,,,,,,,grass,grade5,763170905,begrünt_erdig
7255,,,,,,,,,,,,,,,,grass,grade5,765378380,begrünt_erdig
7256,,,,,,,,,,,,,,,,grass,grade5,765378381,begrünt_erdig
7257,,,,,,,,,,,,,,,,grass,grade5,765378386,begrünt_erdig
7258,,,,,,,,,,,,,,,,grass,grade5,765663841,begrünt_erdig
7259,,,,,,,,,,,,,,,,grass,grade5,766206841,begrünt_erdig
7260,,,,,,,,,,,,,,,,grass,grade5,766206844,begrünt_erdig
7261,,,,,,,,,,,,,,,,grass,grade5,766206848,begrünt_erdig
7262,,,,,,,,,,,,,,,,grass,grade5,766206849,begrünt_erdig
7263,,,,,,,,,,,,,,,,grass,grade5,766206860,begrünt_erdig
7264,,,,,,,,,,,,,,,,grass,grade5,766206861,begrünt_erdig
7265,,,,,,,,,,,,,,,,gravel,grade2,766206869,mineralisch
7266,,,,,,,,,,,,,,,,grass,grade5,766471833,begrünt_erdig
7267,,,,,,,,,,,,,,,,grass,grade5,766471834,begrünt_erdig
7268,,,,,,,,,,,,,,,,grass,grade5,766471839,begrünt_erdig
7269,,,,,,,,,,,,,,,,grass,grade4,766471840,begrünt_erdig
7270,,,,,,,,,,,,,,,,gravel,grade3,766471841,mineralisch
7271,,,,,,,,,,,,,,,,grass,grade5,769030955,begrünt_erdig
7272,,,,,,,,,,,,,,,,grass,grade5,769030962,begrünt_erdig
7273,,,,,,,,,,,,,,,,grass,grade5,769030986,begrünt_erdig
7274,,,,,,,,,,,,,,,,gravel,grade2,772757806,mineralisch
7275,,,,,,,,,,,,,,,,gravel,grade2,772757807,mineralisch
7276,,,,,,,,,,,,,,,,grass,grade5,772757814,begrünt_erdig
7277,,,,,,,,,,,,,,,,grass,grade5,772757815,begrünt_erdig
7278,,,,,,,,,,,,,,,,grass,grade5,772888902,begrünt_erdig
7279,,,,,,,,,,,,,,,,grass,grade5,772888922,begrünt_erdig
7280,,,,,,,,,,,,,,,,ground,unknown,773872292,unbekannt
7281,,,,,,,,,,,,,,,,ground,unknown,773872293,unbekannt
7282,,,,,,,,,,,,,,,,gravel,grade3,783862884,mineralisch
7283,,,,,,,,,,,,,,,,unknown,unknown,783862885,unbekannt
7284,,,,,,,,,,,,,,,,paving_stones,unknown,787973393,unbekannt
7285,,,,,,,,,,,,,,,,fine_gravel,unknown,787973395,mineralisch
7286,,,,,,,,,,,,,,,,unknown,grade3,788131219,unbekannt
7287,,,,,,,,,,,,,,,,unknown,unknown,788131220,unbekannt
7288,,,,,,,,,,,,,,,,asphalt,unknown,791408361,versiegelt
7289,,,,,,,,,,,,,,,,asphalt,unknown,791408362,versiegelt
7290,,,,,,,,,,,,,,,,grass,grade5,793542283,begrünt_erdig
7291,,,,,,,,,,,,,,,,unknown,unknown,798271877,unbekannt
7292,,,,,,,,,,,,,,,,unknown,unknown,798271878,unbekannt
7293,,,,,,,,,,,,,,,,unknown,unknown,802030083,unbekannt
7294,,,,,,,,,,,,,,,,asphalt,unknown,802041731,versiegelt
7295,,,,,,,,,,,,,,,,paving_stones,unknown,802087824,unbekannt
7296,,,,,,,,,,,,,,,,asphalt,unknown,802087826,versiegelt
7297,,,,,,,,,,,,,,,,grass,unknown,810852440,begrünt_erdig
7298,,,,,,,,,,,,,,,,grass,unknown,810852443,begrünt_erdig
7299,,,,,,,,,,,,,,,,ground,unknown,810853381,unbekannt
7300,,,,,,,,,,,,,,,,asphalt,unknown,815058856,versiegelt
7301,,,,,,,,,,,,,,,,unknown,grade1,817992313,unbekannt
7302,,,,,,,,,,,,,,,,compacted,grade2,817992314,mineralisch
7303,,,,,,,,,,,,,,,,unknown,unknown,817992316,unbekannt
7304,,,,,,,,,,,,,,,,grass,grade5,817998254,begrünt_erdig
7305,,,,,,,,,,,,,,,,unknown,unknown,823107793,unbekannt
7306,,,,,,,,,,,,,,,,unknown,unknown,825878193,unbekannt
7307,,,,,,,,,,,,,,,,unknown,unknown,825878199,unbekannt
7308,,,,,,,,,,,,,,,,grass,grade5,825878200,begrünt_erdig
7309,,,,,,,,,,,,,,,,unknown,unknown,833214794,unbekannt
7310,,,,,,,,,,,,,,,,ground,unknown,835867064,unbekannt
7311,,,,,,,,,,,,,,,,compacted,grade2,841333941,mineralisch
7312,,,,,,,,,,,,,,,,ground,unknown,842873102,unbekannt
7313,,,,,,,,,,,,,,,,ground,unknown,842873103,unbekannt
7314,,,,,,,,,,,,,,,,ground,unknown,842873106,unbekannt
7315,,,,,,,,,,,,,,,,grass,unknown,845461158,begrünt_erdig
7316,,,,,,,,,,,,,,,,compacted,grade2,845461159,mineralisch
7317,,,,,,,,,,,,,,,,unknown,grade2,845461160,unbekannt
7318,,,,,,,,,,,,,,,,unknown,grade4,845461161,unbekannt
7319,,,,,,,,,,,,,,,,unknown,unknown,854651322,unbekannt
7320,,,,,,,,,,,,,,,,asphalt,unknown,854651324,versiegelt
7321,,,,,,,,,,,,,,,,unknown,grade5,855819489,unbekannt
7322,,,,,,,,,,,,,,,,unknown,grade5,856050834,unbekannt
7323,,,,,,,,,,,,,,,,unknown,grade5,856050836,unbekannt
7324,,,,,,,,,,,,,,,,asphalt,unknown,857449552,versiegelt
7325,,,,,,,,,,,,,,,,ground,unknown,863632099,unbekannt
7326,,,,,,,,,,,,,,,,compacted,grade2,863632100,mineralisch
7327,,,,,,,,,,,,,,,,grass,unknown,868827542,begrünt_erdig
7328,,,,,,,,,,,,,,,,grass,unknown,868827543,begrünt_erdig
7329,,,,,,,,,,,,,,,,grass,unknown,868827544,begrünt_erdig
7330,,,,,,,,,,,,,,,,unknown,unknown,876474610,unbekannt
7331,,,,,,,,,,,,,,,,unknown,unknown,876474611,unbekannt
7332,,,,,,,,,,,,,,,,unknown,unknown,876474612,unbekannt
7333,,,,,,,,,,,,,,,,unknown,unknown,876474613,unbekannt
7334,,,,,,,,,,,,,,,,unknown,unknown,877708414,unbekannt
7335,,,,,,,,,,,,,,,,unknown,unknown,877708415,unbekannt
7336,,,,,,,,,,,,,,,,unknown,unknown,877708416,unbekannt
7337,,,,,,,,,,,,,,,,unknown,unknown,877919942,unbekannt
7338,,,,,,,,,,,,,,,,unknown,unknown,877919943,unbekannt
7339,,,,,,,,,,,,,,,,unknown,unknown,877924449,unbekannt
7340,,,,,,,,,,,,,,,,unknown,unknown,878126652,unbekannt
7341,,,,,,,,,,,,,,,,unknown,unknown,878126653,unbekannt
7342,,,,,,,,,,,,,,,,unknown,grade2,878668273,unbekannt
7343,,,,,,,,,,,,,,,,unknown,unknown,879175099,unbekannt
7344,,,,,,,,,,,,,,,,unknown,unknown,880087249,unbekannt
7345,,,,,,,,,,,,,,,,unknown,unknown,880087250,unbekannt
7346,,,,,,,,,,,,,,,,unknown,unknown,880087251,unbekannt
7347,,,,,,,,,,,,,,,,unknown,unknown,880087252,unbekannt
7348,,,,,,,,,,,,,,,,unknown,unknown,880087253,unbekannt
7349,,,,,,,,,,,,,,,,unknown,unknown,880087254,unbekannt
7350,,,,,,,,,,,,,,,,unknown,unknown,880087255,unbekannt
7351,,,,,,,,,,,,,,,,unknown,unknown,880087256,unbekannt
7352,,,,,,,,,,,,,,,,unknown,unknown,880500057,unbekannt
7353,,,,,,,,,,,,,,,,unknown,unknown,881174948,unbekannt
7354,,,,,,,,,,,,,,,,unknown,grade1,881236477,unbekannt
7355,,,,,,,,,,,,,,,,unknown,unknown,883726991,unbekannt
7356,,,,,,,,,,,,,,,,unknown,unknown,884695486,unbekannt
7357,,,,,,,,,,,,,,,,unknown,unknown,885081995,unbekannt
7358,,,,,,,,,,,,,,,,unknown,unknown,885081996,unbekannt
7359,,,,,,,,,,,,,,,,unknown,unknown,885102568,unbekannt
7360,,,,,,,,,,,,,,,,asphalt,unknown,885412687,versiegelt
7361,,,,,,,,,,,,,,,,grass,unknown,885541555,begrünt_erdig
7362,,,,,,,,,,,,,,,,unpaved,grade4,885541937,mineralisch
7363,,,,,,,,,,,,,,,,grass,unknown,885543765,begrünt_erdig
7364,,,,,,,,,,,,,,,,concrete,unknown,885543766,versiegelt
7365,,,,,,,,,,,,,,,,sett,unknown,885544176,unbekannt
7366,,,,,,,,,,,,,,,,rock,unknown,885544731,unbekannt
7367,,,,,,,,,,,,,,,,grass,unknown,885544732,begrünt_erdig
7368,,,,,,,,,,,,,,,,unknown,unknown,886103560,unbekannt
7369,,,,,,,,,,,,,,,,ground,unknown,886711497,unbekannt
7370,,,,,,,,,,,,,,,,unknown,unknown,887007104,unbekannt
7371,,,,,,,,,,,,,,,,unknown,unknown,887435853,unbekannt
7372,,,,,,,,,,,,,,,,unknown,unknown,887435854,unbekannt
7373,,,,,,,,,,,,,,,,unknown,unknown,889341675,unbekannt
7374,,,,,,,,,,,,,,,,asphalt,grade1,889455305,versiegelt
7375,,,,,,,,,,,,,,,,asphalt,grade1,889455306,versiegelt
7376,,,,,,,,,,,,,,,,asphalt,grade1,889455307,versiegelt
7377,,,,,,,,,,,,,,,,unknown,unknown,889986966,unbekannt
7378,,,,,,,,,,,,,,,,unknown,unknown,889986967,unbekannt
7379,,,,,,,,,,,,,,,,unknown,unknown,889986968,unbekannt
7380,,,,,,,,,,,,,,,,unknown,unknown,890114098,unbekannt
7381,,,,,,,,,,,,,,,,unknown,unknown,890114099,unbekannt
7382,,,,,,,,,,,,,,,,unknown,unknown,890114100,unbekannt
7383,,,,,,,,,,,,,,,,unknown,unknown,890119238,unbekannt
7384,,,,,,,,,,,,,,,,unknown,unknown,890129182,unbekannt
7385,,,,,,,,,,,,,,,,unknown,unknown,890130024,unbekannt
7386,,,,,,,,,,,,,,,,unknown,unknown,890144319,unbekannt
7387,,,,,,,,,,,,,,,,unknown,unknown,890158183,unbekannt
7388,,,,,,,,,,,,,,,,unknown,unknown,890511530,unbekannt
7389,,,,,,,,,,,,,,,,unknown,unknown,890522363,unbekannt
7390,,,,,,,,,,,,,,,,unknown,unknown,890585125,unbekannt
7391,,,,,,,,,,,,,,,,unknown,unknown,890585207,unbekannt
7392,,,,,,,,,,,,,,,,unknown,unknown,890585208,unbekannt
7393,,,,,,,,,,,,,,,,unknown,unknown,890585209,unbekannt
7394,,,,,,,,,,,,,,,,unknown,unknown,890585211,unbekannt
7395,,,,,,,,,,,,,,,,unknown,unknown,890597987,unbekannt
7396,,,,,,,,,,,,,,,,unknown,unknown,890747531,unbekannt
7397,,,,,,,,,,,,,,,,unknown,unknown,890749657,unbekannt
7398,,,,,,,,,,,,,,,,unknown,unknown,890751488,unbekannt
7399,,,,,,,,,,,,,,,,unknown,unknown,890753018,unbekannt
7400,,,,,,,,,,,,,,,,unknown,unknown,890765151,unbekannt
7401,,,,,,,,,,,,,,,,unknown,unknown,890909651,unbekannt
7402,,,,,,,,,,,,,,,,unknown,unknown,890915506,unbekannt
7403,,,,,,,,,,,,,,,,unknown,unknown,891427231,unbekannt
7404,,,,,,,,,,,,,,,,unknown,unknown,891759910,unbekannt
7405,,,,,,,,,,,,,,,,unknown,unknown,891764650,unbekannt
7406,,,,,,,,,,,,,,,,unknown,unknown,891764651,unbekannt
7407,,,,,,,,,,,,,,,,unknown,unknown,891861724,unbekannt
7408,,,,,,,,,,,,,,,,unknown,unknown,891887217,unbekannt
7409,,,,,,,,,,,,,,,,unknown,unknown,891889269,unbekannt
7410,,,,,,,,,,,,,,,,unknown,unknown,891893706,unbekannt
7411,,,,,,,,,,,,,,,,unknown,unknown,891907950,unbekannt
7412,,,,,,,,,,,,,,,,grass,grade5,893172631,begrünt_erdig
7413,,,,,,,,,,,,,,,,unknown,unknown,893744280,unbekannt
7414,,,,,,,,,,,,,,,,unknown,unknown,893744283,unbekannt
7415,,,,,,,,,,,,,,,,unknown,unknown,895286474,unbekannt
7416,,,,,,,,,,,,,,,,unknown,unknown,895286475,unbekannt
7417,,,,,,,,,,,,,,,,unknown,unknown,899840935,unbekannt
7418,,,,,,,,,,,,,,,,asphalt,unknown,900600178,versiegelt
7419,,,,,,,,,,,,,,,,unknown,unknown,900628618,unbekannt
7420,,,,,,,,,,,,,,,,unknown,unknown,900650366,unbekannt
7421,,,,,,,,,,,,,,,,unknown,unknown,900696902,unbekannt
7422,,,,,,,,,,,,,,,,unknown,unknown,901541511,unbekannt
7423,,,,,,,,,,,,,,,,unknown,unknown,901580649,unbekannt
7424,,,,,,,,,,,,,,,,unknown,unknown,901619081,unbekannt
7425,,,,,,,,,,,,,,,,unknown,unknown,902559980,unbekannt
7426,,,,,,,,,,,,,,,,unknown,unknown,902563746,unbekannt
7427,,,,,,,,,,,,,,,,unknown,unknown,902565207,unbekannt
7428,,,,,,,,,,,,,,,,grass,unknown,905597290,begrünt_erdig
7429,,,,,,,,,,,,,,,,unknown,unknown,909346449,unbekannt
7430,,,,,,,,,,,,,,,,asphalt,unknown,910258448,versiegelt
7431,,,,,,,,,,,,,,,,ground,unknown,910576574,unbekannt
7432,,,,,,,,,,,,,,,,asphalt,grade1,910576575,versiegelt
7433,,,,,,,,,,,,,,,,unknown,grade4,910576576,unbekannt
7434,,,,,,,,,,,,,,,,ground,unknown,915215454,unbekannt
7435,,,,,,,,,,,,,,,,unknown,grade5,918138291,unbekannt
7436,,,,,,,,,,,,,,,,unknown,grade3,918138292,unbekannt
7437,,,,,,,,,,,,,,,,gravel,grade2,918138293,mineralisch
7438,,,,,,,,,,,,,,,,gravel,grade2,918138294,mineralisch
7439,,,,,,,,,,,,,,,,unknown,unknown,918614680,unbekannt
7440,,,,,,,,,,,,,,,,unknown,unknown,918634527,unbekannt
7441,,,,,,,,,,,,,,,,unknown,unknown,918670361,unbekannt
7442,,,,,,,,,,,,,,,,unknown,unknown,918690687,unbekannt
7443,,,,,,,,,,,,,,,,unknown,unknown,919093290,unbekannt
7444,,,,,,,,,,,,,,,,unknown,unknown,919130646,unbekannt
7445,,,,,,,,,,,,,,,,ground,unknown,920904609,unbekannt
7446,,,,,,,,,,,,,,,,ground,unknown,920904610,unbekannt
7447,,,,,,,,,,,,,,,,ground,unknown,920904611,unbekannt
7448,,,,,,,,,,,,,,,,ground,unknown,920924019,unbekannt
7449,,,,,,,,,,,,,,,,ground,unknown,920924020,unbekannt
7450,,,,,,,,,,,,,,,,ground,unknown,920924022,unbekannt
7451,,,,,,,,,,,,,,,,ground,unknown,920924023,unbekannt
7452,,,,,,,,,,,,,,,,ground,grade5,920924025,unbekannt
7453,,,,,,,,,,,,,,,,ground,unknown,920924026,unbekannt
7454,,,,,,,,,,,,,,,,unknown,unknown,922985799,unbekannt
7455,,,,,,,,,,,,,,,,unknown,unknown,922985800,unbekannt
7456,,,,,,,,,,,,,,,,unknown,unknown,922985801,unbekannt
7457,,,,,,,,,,,,,,,,unknown,unknown,922985802,unbekannt
7458,,,,,,,,,,,,,,,,unknown,unknown,922985803,unbekannt
7459,,,,,,,,,,,,,,,,unknown,unknown,922985804,unbekannt
7460,,,,,,,,,,,,,,,,unknown,unknown,922985805,unbekannt
7461,,,,,,,,,,,,,,,,gravel,unknown,931675736,mineralisch
7462,,,,,,,,,,,,,,,,unknown,unknown,931758178,unbekannt
7463,,,,,,,,,,,,,,,,unknown,unknown,933277455,unbekannt
7464,,,,,,,,,,,,,,,,unknown,unknown,936997230,unbekannt
7465,,,,,,,,,,,,,,,,asphalt,unknown,940780088,versiegelt
7466,,,,,,,,,,,,,,,,unknown,unknown,940780089,unbekannt
7467,,,,,,,,,,,,,,,,asphalt,unknown,943224050,versiegelt
7468,,,,,,,,,,,,,,,,asphalt,unknown,943224051,versiegelt
7469,,,,,,,,,,,,,,,,asphalt,unknown,943224053,versiegelt
7470,,,,,,,,,,,,,,,,unknown,unknown,944518295,unbekannt
7471,,,,,,,,,,,,,,,,unknown,unknown,947173649,unbekannt
7472,,,,,,,,,,,,,,,,ground,unknown,948404947,unbekannt
7473,,,,,,,,,,,,,,,,ground,unknown,948405506,unbekannt
7474,,,,,,,,,,,,,,,,ground,unknown,948405930,unbekannt
7475,,,,,,,,,,,,,,,,ground,unknown,948406104,unbekannt
7476,,,,,,,,,,,,,,,,gravel,grade3,951537814,mineralisch
7477,,,,,,,,,,,,,,,,fine_gravel,grade2,953990110,mineralisch
7478,,,,,,,,,,,,,,,,gravel,unknown,953992296,mineralisch
7479,,,,,,,,,,,,,,,,paved,grade1,953994893,versiegelt
7480,,,,,,,,,,,,,,,,unknown,unknown,954210301,unbekannt
7481,,,,,,,,,,,,,,,,unknown,unknown,954210302,unbekannt
7482,,,,,,,,,,,,,,,,fine_gravel,unknown,954375058,mineralisch
7483,,,,,,,,,,,,,,,,asphalt,unknown,954375059,versiegelt
7484,,,,,,,,,,,,,,,,asphalt,grade1,954377840,versiegelt
7485,,,,,,,,,,,,,,,,gravel,grade2,957942559,mineralisch
7486,,,,,,,,,,,,,,,,gravel,grade2,957942560,mineralisch
7487,,,,,,,,,,,,,,,,unknown,unknown,960145447,unbekannt
7488,,,,,,,,,,,,,,,,unknown,unknown,960145448,unbekannt
7489,,,,,,,,,,,,,,,,unknown,unknown,960145450,unbekannt
7490,,,,,,,,,,,,,,,,unknown,unknown,960145451,unbekannt
7491,,,,,,,,,,,,,,,,unknown,unknown,960145452,unbekannt
7492,,,,,,,,,,,,,,,,unknown,unknown,960145453,unbekannt
7493,,,,,,,,,,,,,,,,unknown,unknown,960145454,unbekannt
7494,,,,,,,,,,,,,,,,unknown,grade3,965300742,unbekannt
7495,,,,,,,,,,,,,,,,ground,grade4,965300743,unbekannt
7496,,,,,,,,,,,,,,,,unknown,grade3,965300744,unbekannt
7497,,,,,,,,,,,,,,,,unknown,grade4,965300746,unbekannt
7498,,,,,,,,,,,,,,,,unknown,grade5,965300747,unbekannt
7499,,,,,,,,,,,,,,,,asphalt,grade1,965300751,versiegelt
7500,,,,,,,,,,,,,,,,unknown,grade5,965300752,unbekannt
7501,,,,,,,,,,,,,,,,compacted,grade2,965300753,mineralisch
7502,,,,,,,,,,,,,,,,unknown,unknown,965300754,unbekannt
7503,,,,,,,,,,,,,,,,unknown,grade3,965300755,unbekannt
7504,,,,,,,,,,,,,,,,unknown,grade3,965300757,unbekannt
7505,,,,,,,,,,,,,,,,unknown,grade3,965300758,unbekannt
7506,,,,,,,,,,,,,,,,ground,unknown,965300759,unbekannt
7507,,,,,,,,,,,,,,,,unknown,grade4,965300760,unbekannt
7508,,,,,,,,,,,,,,,,unknown,unknown,965300761,unbekannt
7509,,,,,,,,,,,,,,,,compacted,grade4,965300762,mineralisch
7510,,,,,,,,,,,,,,,,unknown,grade5,965300763,unbekannt
7511,,,,,,,,,,,,,,,,compacted,grade2,965300764,mineralisch
7512,,,,,,,,,,,,,,,,unknown,grade5,969310339,unbekannt
7513,,,,,,,,,,,,,,,,paving_stones,unknown,969314303,unbekannt
7514,,,,,,,,,,,,,,,,unknown,grade2,969447337,unbekannt
7515,,,,,,,,,,,,,,,,unknown,grade4,969447338,unbekannt
7516,,,,,,,,,,,,,,,,asphalt,grade1,969447352,versiegelt
7517,,,,,,,,,,,,,,,,gravel,grade2,969447360,mineralisch
7518,,,,,,,,,,,,,,,,unknown,unknown,969447361,unbekannt
7519,,,,,,,,,,,,,,,,unknown,unknown,969447362,unbekannt
7520,,,,,,,,,,,,,,,,unknown,unknown,969447363,unbekannt
7521,,,,,,,,,,,,,,,,compacted,grade2,969447364,mineralisch
7522,,,,,,,,,,,,,,,,compacted,grade3,969447365,mineralisch
7523,,,,,,,,,,,,,,,,asphalt,grade1,969447366,versiegelt
7524,,,,,,,,,,,,,,,,compacted,grade2,969447367,mineralisch
7525,,,,,,,,,,,,,,,,unknown,grade5,969447368,unbekannt
7526,,,,,,,,,,,,,,,,ground,grade4,969447369,unbekannt
7527,,,,,,,,,,,,,,,,gravel,grade3,969447370,mineralisch
7528,,,,,,,,,,,,,,,,compacted,grade2,969447371,mineralisch
7529,,,,,,,,,,,,,,,,unknown,grade3,969447372,unbekannt
7530,,,,,,,,,,,,,,,,unknown,grade4,969447373,unbekannt
7531,,,,,,,,,,,,,,,,unknown,grade4,969447374,unbekannt
7532,,,,,,,,,,,,,,,,unknown,grade4,969447375,unbekannt
7533,,,,,,,,,,,,,,,,unknown,grade3,969447376,unbekannt
7534,,,,,,,,,,,,,,,,unknown,grade4,969447380,unbekannt
7535,,,,,,,,,,,,,,,,unknown,grade1,969447381,unbekannt
7536,,,,,,,,,,,,,,,,compacted,unknown,969447383,mineralisch
7537,,,,,,,,,,,,,,,,asphalt,unknown,969447384,versiegelt
7538,,,,,,,,,,,,,,,,unknown,grade4,969447385,unbekannt
7539,,,,,,,,,,,,,,,,paving_stones,unknown,969447387,unbekannt
7540,,,,,,,,,,,,,,,,unknown,unknown,969447388,unbekannt
7541,,,,,,,,,,,,,,,,unknown,unknown,969447389,unbekannt
7542,,,,,,,,,,,,,,,,gravel,grade2,969447390,mineralisch
7543,,,,,,,,,,,,,,,,unknown,grade3,969447392,unbekannt
7544,,,,,,,,,,,,,,,,unknown,grade3,969447393,unbekannt
7545,,,,,,,,,,,,,,,,unknown,grade4,969466289,unbekannt
7546,,,,,,,,,,,,,,,,unknown,grade5,969466290,unbekannt
7547,,,,,,,,,,,,,,,,unknown,grade3,969466291,unbekannt
7548,,,,,,,,,,,,,,,,unknown,grade3,969466292,unbekannt
7549,,,,,,,,,,,,,,,,unknown,unknown,969466293,unbekannt
7550,,,,,,,,,,,,,,,,unknown,unknown,969466294,unbekannt
7551,,,,,,,,,,,,,,,,unknown,grade3,969466297,unbekannt
7552,,,,,,,,,,,,,,,,unknown,grade4,969466298,unbekannt
7553,,,,,,,,,,,,,,,,unknown,grade3,969466299,unbekannt
7554,,,,,,,,,,,,,,,,paved,unknown,969495478,versiegelt
7555,,,,,,,,,,,,,,,,paved,unknown,969495479,versiegelt
7556,,,,,,,,,,,,,,,,unknown,unknown,971281912,unbekannt
7557,,,,,,,,,,,,,,,,unknown,unknown,971281916,unbekannt
7558,,,,,,,,,,,,,,,,unknown,unknown,971281920,unbekannt
7559,,,,,,,,,,,,,,,,unknown,unknown,971284862,unbekannt
7560,,,,,,,,,,,,,,,,unknown,unknown,971284863,unbekannt
7561,,,,,,,,,,,,,,,,unknown,unknown,971284868,unbekannt
7562,,,,,,,,,,,,,,,,unknown,unknown,971284869,unbekannt
7563,,,,,,,,,,,,,,,,unknown,unknown,971284871,unbekannt
7564,,,,,,,,,,,,,,,,unknown,unknown,971284872,unbekannt
7565,,,,,,,,,,,,,,,,unknown,unknown,971284873,unbekannt
7566,,,,,,,,,,,,,,,,unknown,unknown,971284874,unbekannt
7567,,,,,,,,,,,,,,,,unknown,unknown,971284875,unbekannt
7568,,,,,,,,,,,,,,,,unknown,unknown,971284876,unbekannt
7569,,,,,,,,,,,,,,,,unknown,unknown,971284877,unbekannt
7570,,,,,,,,,,,,,,,,unknown,unknown,971284878,unbekannt
7571,,,,,,,,,,,,,,,,unknown,unknown,971284879,unbekannt
7572,,,,,,,,,,,,,,,,unknown,unknown,971284880,unbekannt
7573,,,,,,,,,,,,,,,,unknown,unknown,971284881,unbekannt
7574,,,,,,,,,,,,,,,,unknown,unknown,971284882,unbekannt
7575,,,,,,,,,,,,,,,,unknown,unknown,971284883,unbekannt
7576,,,,,,,,,,,,,,,,unknown,unknown,971284884,unbekannt
7577,,,,,,,,,,,,,,,,unknown,unknown,971284885,unbekannt
7578,,,,,,,,,,,,,,,,unknown,unknown,971284897,unbekannt
7579,,,,,,,,,,,,,,,,unknown,unknown,971927461,unbekannt
7580,,,,,,,,,,,,,,,,unknown,unknown,971927462,unbekannt
7581,,,,,,,,,,,,,,,,unknown,unknown,974955750,unbekannt
7582,,,,,,,,,,,,,,,,unknown,unknown,975551505,unbekannt
7583,,,,,,,,,,,,,,,,ground,unknown,975648837,unbekannt
7584,,,,,,,,,,,,,,,,ground,unknown,975648838,unbekannt
7585,,,,,,,,,,,,,,,,ground,unknown,975648839,unbekannt
7586,,,,,,,,,,,,,,,,ground,unknown,975648840,unbekannt
7587,,,,,,,,,,,,,,,,ground,unknown,975648841,unbekannt
7588,,,,,,,,,,,,,,,,ground,unknown,975648842,unbekannt
7589,,,,,,,,,,,,,,,,unknown,unknown,976657055,unbekannt
7590,,,,,,,,,,,,,,,,unknown,unknown,976657057,unbekannt
7591,,,,,,,,,,,,,,,,unknown,unknown,976657060,unbekannt
7592,,,,,,,,,,,,,,,,grass,grade5,976669707,begrünt_erdig
7593,,,,,,,,,,,,,,,,unknown,unknown,976675782,unbekannt
7594,,,,,,,,,,,,,,,,unknown,unknown,976675783,unbekannt
7595,,,,,,,,,,,,,,,,grass,unknown,976688928,begrünt_erdig
7596,,,,,,,,,,,,,,,,unknown,unknown,977758603,unbekannt
7597,,,,,,,,,,,,,,,,asphalt,unknown,977762398,versiegelt
7598,,,,,,,,,,,,,,,,unknown,unknown,977762403,unbekannt
7599,,,,,,,,,,,,,,,,unknown,unknown,977802273,unbekannt
7600,,,,,,,,,,,,,,,,unknown,unknown,977802274,unbekannt
7601,,,,,,,,,,,,,,,,gravel,unknown,977825363,mineralisch
7602,,,,,,,,,,,,,,,,unknown,unknown,977825364,unbekannt
7603,,,,,,,,,,,,,,,,unknown,unknown,977867907,unbekannt
7604,,,,,,,,,,,,,,,,unknown,unknown,978043830,unbekannt
7605,,,,,,,,,,,,,,,,unknown,unknown,978043831,unbekannt
7606,,,,,,,,,,,,,,,,unknown,unknown,978049175,unbekannt
7607,,,,,,,,,,,,,,,,unknown,unknown,978059311,unbekannt
7608,,,,,,,,,,,,,,,,unknown,unknown,978084136,unbekannt
7609,,,,,,,,,,,,,,,,unknown,unknown,978104588,unbekannt
7610,,,,,,,,,,,,,,,,unknown,unknown,978104590,unbekannt
7611,,,,,,,,,,,,,,,,unknown,unknown,978431931,unbekannt
7612,,,,,,,,,,,,,,,,unknown,unknown,978431932,unbekannt
7613,,,,,,,,,,,,,,,,unknown,unknown,978431933,unbekannt
7614,,,,,,,,,,,,,,,,unknown,unknown,978460689,unbekannt
7615,,,,,,,,,,,,,,,,asphalt,unknown,978643429,versiegelt
7616,,,,,,,,,,,,,,,,asphalt,unknown,978643430,versiegelt
7617,,,,,,,,,,,,,,,,unknown,unknown,978653254,unbekannt
7618,,,,,,,,,,,,,,,,unknown,unknown,978653256,unbekannt
7619,,,,,,,,,,,,,,,,unknown,unknown,978653257,unbekannt
7620,,,,,,,,,,,,,,,,unknown,unknown,978694161,unbekannt
7621,,,,,,,,,,,,,,,,unknown,unknown,978694162,unbekannt
7622,,,,,,,,,,,,,,,,unknown,unknown,978694163,unbekannt
7623,,,,,,,,,,,,,,,,unknown,unknown,978694168,unbekannt
7624,,,,,,,,,,,,,,,,unknown,unknown,978938845,unbekannt
7625,,,,,,,,,,,,,,,,unknown,unknown,979523170,unbekannt
7626,,,,,,,,,,,,,,,,fine_gravel,grade2,979771559,mineralisch
7627,,,,,,,,,,,,,,,,unknown,unknown,980599288,unbekannt
7628,,,,,,,,,,,,,,,,unknown,unknown,980599290,unbekannt
7629,,,,,,,,,,,,,,,,unknown,unknown,982417448,unbekannt
7630,,,,,,,,,,,,,,,,unknown,unknown,982440131,unbekannt
7631,,,,,,,,,,,,,,,,unknown,unknown,982440132,unbekannt
7632,,,,,,,,,,,,,,,,unknown,unknown,982465319,unbekannt
7633,,,,,,,,,,,,,,,,unknown,unknown,982708566,unbekannt
7634,,,,,,,,,,,,,,,,unknown,unknown,982712769,unbekannt
7635,,,,,,,,,,,,,,,,unknown,unknown,982722010,unbekannt
7636,,,,,,,,,,,,,,,,unknown,unknown,982722011,unbekannt
7637,,,,,,,,,,,,,,,,unknown,unknown,982731997,unbekannt
7638,,,,,,,,,,,,,,,,unknown,unknown,983147646,unbekannt
7639,,,,,,,,,,,,,,,,unknown,unknown,983158890,unbekannt
7640,,,,,,,,,,,,,,,,unknown,unknown,983198524,unbekannt
7641,,,,,,,,,,,,,,,,unknown,unknown,983198525,unbekannt
7642,,,,,,,,,,,,,,,,unknown,unknown,983198528,unbekannt
7643,,,,,,,,,,,,,,,,unknown,unknown,983220830,unbekannt
7644,,,,,,,,,,,,,,,,unknown,unknown,983220831,unbekannt
7645,,,,,,,,,,,,,,,,unknown,unknown,983220832,unbekannt
7646,,,,,,,,,,,,,,,,unknown,unknown,983220833,unbekannt
7647,,,,,,,,,,,,,,,,paving_stones,unknown,988478957,unbekannt
7648,,,,,,,,,,,,,,,,unknown,unknown,988995621,unbekannt
7649,,,,,,,,,,,,,,,,asphalt,unknown,988995622,versiegelt
7650,,,,,,,,,,,,,,,,asphalt,unknown,988995623,versiegelt
7651,,,,,,,,,,,,,,,,grass,grade3,988995629,begrünt_erdig
7652,,,,,,,,,,,,,,,,unknown,grade4,988995637,unbekannt
7653,,,,,,,,,,,,,,,,unknown,grade5,988995639,unbekannt
7654,,,,,,,,,,,,,,,,unknown,grade3,988995641,unbekannt
7655,,,,,,,,,,,,,,,,unknown,grade4,988995643,unbekannt
7656,,,,,,,,,,,,,,,,compacted,grade2,988995644,mineralisch
7657,,,,,,,,,,,,,,,,compacted,grade2,988995646,mineralisch
7658,,,,,,,,,,,,,,,,unknown,grade3,988995647,unbekannt
7659,,,,,,,,,,,,,,,,unknown,grade4,988995648,unbekannt
7660,,,,,,,,,,,,,,,,compacted,grade2,988995650,mineralisch
7661,,,,,,,,,,,,,,,,compacted,grade2,988995651,mineralisch
7662,,,,,,,,,,,,,,,,ground,grade4,993362251,unbekannt
7663,,,,,,,,,,,,,,,,unknown,grade5,993362253,unbekannt
7664,,,,,,,,,,,,,,,,asphalt,grade1,993384706,versiegelt
7665,,,,,,,,,,,,,,,,asphalt,grade1,993384707,versiegelt
7666,,,,,,,,,,,,,,,,compacted,grade2,993384708,mineralisch
7667,,,,,,,,,,,,,,,,unknown,unknown,993384709,unbekannt
7668,,,,,,,,,,,,,,,,compacted,grade2,993388313,mineralisch
7669,,,,,,,,,,,,,,,,unknown,grade3,993388316,unbekannt
7670,,,,,,,,,,,,,,,,unknown,grade4,993388317,unbekannt
7671,,,,,,,,,,,,,,,,unknown,grade4,993388319,unbekannt
7672,,,,,,,,,,,,,,,,unknown,grade5,993388320,unbekannt
7673,,,,,,,,,,,,,,,,unknown,grade2,993388331,unbekannt
7674,,,,,,,,,,,,,,,,unknown,grade3,993388332,unbekannt
7675,,,,,,,,,,,,,,,,unknown,grade4,993388333,unbekannt
7676,,,,,,,,,,,,,,,,pebblestone,unknown,993441040,unbekannt
7677,,,,,,,,,,,,,,,,unknown,unknown,993446465,unbekannt
7678,,,,,,,,,,,,,,,,ground,unknown,993632306,unbekannt
7679,,,,,,,,,,,,,,,,compacted,grade2,996237519,mineralisch
7680,,,,,,,,,,,,,,,,unknown,grade3,1000412334,unbekannt
7681,,,,,,,,,,,,,,,,unknown,grade3,1000412335,unbekannt
7682,,,,,,,,,,,,,,,,unknown,grade2,1000412336,unbekannt
7683,,,,,,,,,,,,,,,,compacted,grade3,1000412337,mineralisch
7684,,,,,,,,,,,,,,,,compacted,grade2,1000412338,mineralisch
7685,,,,,,,,,,,,,,,,unknown,grade3,1000412339,unbekannt
7686,,,,,,,,,,,,,,,,unknown,grade3,1000412430,unbekannt
7687,,,,,,,,,,,,,,,,unknown,grade3,1000412434,unbekannt
7688,,,,,,,,,,,,,,,,unknown,grade5,1000412435,unbekannt
7689,,,,,,,,,,,,,,,,unknown,grade2,1000412438,unbekannt
7690,,,,,,,,,,,,,,,,unknown,grade2,1000412439,unbekannt
7691,,,,,,,,,,,,,,,,unknown,grade2,1000412440,unbekannt
7692,,,,,,,,,,,,,,,,unknown,grade1,1000412441,unbekannt
7693,,,,,,,,,,,,,,,,unknown,grade4,1000412442,unbekannt
7694,,,,,,,,,,,,,,,,unknown,grade2,1000412443,unbekannt
7695,,,,,,,,,,,,,,,,unknown,grade5,1000412444,unbekannt
7696,,,,,,,,,,,,,,,,unknown,grade5,1000412445,unbekannt
7697,,,,,,,,,,,,,,,,unknown,grade4,1000412446,unbekannt
7698,,,,,,,,,,,,,,,,unknown,grade4,1000412447,unbekannt
7699,,,,,,,,,,,,,,,,unknown,grade3,1000412448,unbekannt
7700,,,,,,,,,,,,,,,,unknown,grade3,1000412450,unbekannt
7701,,,,,,,,,,,,,,,,unknown,grade3,1000412451,unbekannt
7702,,,,,,,,,,,,,,,,gravel,grade2,1004364998,mineralisch
7703,,,,,,,,,,,,,,,,gravel,unknown,1006054983,mineralisch
7704,,,,,,,,,,,,,,,,unknown,unknown,1006078203,unbekannt
7705,,,,,,,,,,,,,,,,unknown,grade5,1007322868,unbekannt
7706,,,,,,,,,,,,,,,,unknown,unknown,1007551894,unbekannt
7707,,,,,,,,,,,,,,,,unknown,unknown,1007551895,unbekannt
7708,,,,,,,,,,,,,,,,unknown,unknown,1007551896,unbekannt
7709,,,,,,,,,,,,,,,,unknown,unknown,1007551897,unbekannt
7710,,,,,,,,,,,,,,,,gravel,grade2,1007570999,mineralisch
7711,,,,,,,,,,,,,,,,gravel,grade2,1007571000,mineralisch
7712,,,,,,,,,,,,,,,,grass,grade5,1009565216,begrünt_erdig
7713,,,,,,,,,,,,,,,,asphalt,grade1,1009626518,versiegelt
7714,,,,,,,,,,,,,,,,unknown,unknown,1010161298,unbekannt
7715,,,,,,,,,,,,,,,,concrete,grade1,1010164756,versiegelt
7716,,,,,,,,,,,,,,,,unknown,grade5,1010164757,unbekannt
7717,,,,,,,,,,,,,,,,grass,grade5,1010164758,begrünt_erdig
7718,,,,,,,,,,,,,,,,asphalt,grade1,1010171157,versiegelt
7719,,,,,,,,,,,,,,,,asphalt,grade1,1010171158,versiegelt
7720,,,,,,,,,,,,,,,,gravel,grade2,1010171159,mineralisch
7721,,,,,,,,,,,,,,,,gravel,grade2,1010199715,mineralisch
7722,,,,,,,,,,,,,,,,unknown,unknown,1011305987,unbekannt
7723,,,,,,,,,,,,,,,,paving_stones,unknown,1011334094,unbekannt
7724,,,,,,,,,,,,,,,,asphalt,unknown,1011334097,versiegelt
7725,,,,,,,,,,,,,,,,asphalt,unknown,1011334098,versiegelt
7726,,,,,,,,,,,,,,,,asphalt,grade1,1016965417,versiegelt
7727,,,,,,,,,,,,,,,,grass,grade1,1017122326,begrünt_erdig
7728,,,,,,,,,,,,,,,,unknown,unknown,1017400031,unbekannt
7729,,,,,,,,,,,,,,,,unknown,unknown,1018449169,unbekannt
7730,,,,,,,,,,,,,,,,unknown,unknown,1018811144,unbekannt
7731,,,,,,,,,,,,,,,,unknown,unknown,1018811145,unbekannt
7732,,,,,,,,,,,,,,,,unknown,unknown,1018811146,unbekannt
7733,,,,,,,,,,,,,,,,unknown,unknown,1018811147,unbekannt
7734,,,,,,,,,,,,,,,,unknown,unknown,1018811148,unbekannt
7735,,,,,,,,,,,,,,,,unknown,unknown,1018811149,unbekannt
7736,,,,,,,,,,,,,,,,unknown,unknown,1018811150,unbekannt
7737,,,,,,,,,,,,,,,,unknown,unknown,1018811151,unbekannt
7738,,,,,,,,,,,,,,,,unknown,unknown,1018811152,unbekannt
7739,,,,,,,,,,,,,,,,unknown,unknown,1018811153,unbekannt
7740,,,,,,,,,,,,,,,,unknown,unknown,1018811154,unbekannt
7741,,,,,,,,,,,,,,,,unknown,unknown,1018820737,unbekannt
7742,,,,,,,,,,,,,,,,unknown,unknown,1018820738,unbekannt
7743,,,,,,,,,,,,,,,,unknown,unknown,1018820739,unbekannt
7744,,,,,,,,,,,,,,,,unknown,unknown,1018820741,unbekannt
7745,,,,,,,,,,,,,,,,unknown,grade3,1021031502,unbekannt
7746,,,,,,,,,,,,,,,,unknown,unknown,1027028818,unbekannt
7747,,,,,,,,,,,,,,,,unknown,unknown,1027028819,unbekannt
7748,,,,,,,,,,,,,,,,unknown,unknown,1027028820,unbekannt
7749,,,,,,,,,,,,,,,,unknown,unknown,1027028821,unbekannt
7750,,,,,,,,,,,,,,,,unknown,unknown,1027028822,unbekannt
7751,,,,,,,,,,,,,,,,unknown,unknown,1027028823,unbekannt
7752,,,,,,,,,,,,,,,,unknown,unknown,1027037373,unbekannt
7753,,,,,,,,,,,,,,,,unknown,unknown,1027037374,unbekannt
7754,,,,,,,,,,,,,,,,unknown,grade4,1027037378,unbekannt
7755,,,,,,,,,,,,,,,,unknown,unknown,1027284251,unbekannt
7756,,,,,,,,,,,,,,,,unknown,unknown,1027284255,unbekannt
7757,,,,,,,,,,,,,,,,unknown,unknown,1027291181,unbekannt
7758,,,,,,,,,,,,,,,,unknown,unknown,1027292296,unbekannt
7759,,,,,,,,,,,,,,,,unknown,unknown,1027323071,unbekannt
7760,,,,,,,,,,,,,,,,unknown,unknown,1027323072,unbekannt
7761,,,,,,,,,,,,,,,,unknown,unknown,1027323073,unbekannt
7762,,,,,,,,,,,,,,,,unknown,unknown,1027327587,unbekannt
7763,,,,,,,,,,,,,,,,unknown,unknown,1027327592,unbekannt
7764,,,,,,,,,,,,,,,,unknown,unknown,1027333442,unbekannt
7765,,,,,,,,,,,,,,,,unknown,unknown,1027333447,unbekannt
7766,,,,,,,,,,,,,,,,ground,unknown,1028741993,unbekannt
7767,,,,,,,,,,,,,,,,ground,grade5,1028741994,unbekannt
7768,,,,,,,,,,,,,,,,ground,unknown,1028741995,unbekannt
7769,,,,,,,,,,,,,,,,ground,unknown,1028741996,unbekannt
7770,,,,,,,,,,,,,,,,ground,unknown,1028741997,unbekannt
7771,,,,,,,,,,,,,,,,grass,unknown,1028741998,begrünt_erdig
7772,,,,,,,,,,,,,,,,ground,unknown,1028741999,unbekannt
7773,,,,,,,,,,,,,,,,compacted,grade1,1028742000,mineralisch
7774,,,,,,,,,,,,,,,,compacted,grade1,1028742001,mineralisch
7775,,,,,,,,,,,,,,,,unknown,unknown,1028910241,unbekannt
7776,,,,,,,,,,,,,,,,unknown,unknown,1028910243,unbekannt
7777,,,,,,,,,,,,,,,,unknown,unknown,1040464569,unbekannt
7778,,,,,,,,,,,,,,,,unknown,unknown,1040464570,unbekannt
7779,,,,,,,,,,,,,,,,unknown,unknown,1040464571,unbekannt
7780,,,,,,,,,,,,,,,,unknown,unknown,1040464572,unbekannt
7781,,,,,,,,,,,,,,,,unknown,unknown,1040484758,unbekannt
7782,,,,,,,,,,,,,,,,unknown,unknown,1040490465,unbekannt
7783,,,,,,,,,,,,,,,,unknown,unknown,1040490467,unbekannt
7784,,,,,,,,,,,,,,,,unknown,unknown,1040497217,unbekannt
7785,,,,,,,,,,,,,,,,unknown,unknown,1040497218,unbekannt
7786,,,,,,,,,,,,,,,,unknown,unknown,1040497219,unbekannt
7787,,,,,,,,,,,,,,,,unknown,unknown,1040497220,unbekannt
7788,,,,,,,,,,,,,,,,unknown,unknown,1040497222,unbekannt
7789,,,,,,,,,,,,,,,,unknown,unknown,1040497223,unbekannt
7790,,,,,,,,,,,,,,,,unknown,unknown,1040497224,unbekannt
7791,,,,,,,,,,,,,,,,unknown,unknown,1042545034,unbekannt
7792,,,,,,,,,,,,,,,,n,unknown,1044733317,unbekannt
7793,,,,,,,,,,,,,,,,ground,unknown,1044733318,unbekannt
7794,,,,,,,,,,,,,,,,grass,grade5,1044733319,begrünt_erdig
7795,,,,,,,,,,,,,,,,asphalt,unknown,1044733320,versiegelt
7796,,,,,,,,,,,,,,,,compacted,grade5,1044733321,mineralisch
7797,,,,,,,,,,,,,,,,grass,unknown,1044733322,begrünt_erdig
7798,,,,,,,,,,,,,,,,grass,unknown,1044733323,begrünt_erdig
7799,,,,,,,,,,,,,,,,ground,unknown,1044733324,unbekannt
7800,,,,,,,,,,,,,,,,ground,unknown,1044733325,unbekannt
7801,,,,,,,,,,,,,,,,grass,unknown,1050975473,begrünt_erdig
7802,,,,,,,,,,,,,,,,grass,unknown,1050975474,begrünt_erdig
7803,,,,,,,,,,,,,,,,ground,unknown,1050975475,unbekannt
7804,,,,,,,,,,,,,,,,unknown,unknown,1052197882,unbekannt
7805,,,,,,,,,,,,,,,,unknown,grade5,1052197892,unbekannt
7806,,,,,,,,,,,,,,,,ground,unknown,1053028880,unbekannt
7807,,,,,,,,,,,,,,,,ground,unknown,1053028881,unbekannt
7808,,,,,,,,,,,,,,,,ground,unknown,1053028882,unbekannt
7809,,,,,,,,,,,,,,,,grass,grade5,1054175034,begrünt_erdig
7810,,,,,,,,,,,,,,,,grass,grade5,1054175035,begrünt_erdig
7811,,,,,,,,,,,,,,,,unknown,grade5,1054175036,unbekannt
7812,,,,,,,,,,,,,,,,grass,grade5,1056518837,begrünt_erdig
7813,,,,,,,,,,,,,,,,wood,unknown,1056518843,unbekannt
7814,,,,,,,,,,,,,,,,unknown,unknown,1056518844,unbekannt
7815,,,,,,,,,,,,,,,,grass,grade5,1056519252,begrünt_erdig
7816,,,,,,,,,,,,,,,,unknown,unknown,1056805808,unbekannt
7817,,,,,,,,,,,,,,,,unknown,unknown,1057150278,unbekannt
7818,,,,,,,,,,,,,,,,unknown,unknown,1058196419,unbekannt
7819,,,,,,,,,,,,,,,,ground,grade4,1058196420,unbekannt
7820,,,,,,,,,,,,,,,,ground,grade5,1058196421,unbekannt
7821,,,,,,,,,,,,,,,,unknown,unknown,1058196422,unbekannt
7822,,,,,,,,,,,,,,,,unknown,unknown,1058196423,unbekannt
7823,,,,,,,,,,,,,,,,unknown,unknown,1058196424,unbekannt
7824,,,,,,,,,,,,,,,,gravel,grade3,1059896106,mineralisch
7825,,,,,,,,,,,,,,,,asphalt,unknown,1061518242,versiegelt
7826,,,,,,,,,,,,,,,,unknown,unknown,1062191871,unbekannt
7827,,,,,,,,,,,,,,,,asphalt,unknown,1062191872,versiegelt
7828,,,,,,,,,,,,,,,,unknown,unknown,1062792839,unbekannt
7829,,,,,,,,,,,,,,,,unknown,unknown,1062792840,unbekannt
7830,,,,,,,,,,,,,,,,unknown,unknown,1062792841,unbekannt
7831,,,,,,,,,,,,,,,,unknown,unknown,1062792846,unbekannt
7832,,,,,,,,,,,,,,,,unknown,unknown,1062792849,unbekannt
7833,,,,,,,,,,,,,,,,ground,grade5,1062799533,unbekannt
7834,,,,,,,,,,,,,,,,ground,grade5,1062799534,unbekannt
7835,,,,,,,,,,,,,,,,unknown,unknown,1062799535,unbekannt
7836,,,,,,,,,,,,,,,,unknown,unknown,1062799536,unbekannt
7837,,,,,,,,,,,,,,,,unknown,unknown,1062799537,unbekannt
7838,,,,,,,,,,,,,,,,unknown,unknown,1062799538,unbekannt
7839,,,,,,,,,,,,,,,,unknown,unknown,1062799539,unbekannt
7840,,,,,,,,,,,,,,,,unknown,unknown,1064257658,unbekannt
7841,,,,,,,,,,,,,,,,gravel,grade3,1064799661,mineralisch
7842,,,,,,,,,,,,,,,,unknown,unknown,1068284291,unbekannt
7843,,,,,,,,,,,,,,,,unknown,grade3,1068805662,unbekannt
7844,,,,,,,,,,,,,,,,compacted,grade3,1068894083,mineralisch
7845,,,,,,,,,,,,,,,,unknown,unknown,1069541827,unbekannt
7846,,,,,,,,,,,,,,,,unknown,unknown,1069541828,unbekannt
7847,,,,,,,,,,,,,,,,unknown,unknown,1069541829,unbekannt
7848,,,,,,,,,,,,,,,,asphalt,grade2,1073253869,versiegelt
7849,,,,,,,,,,,,,,,,unknown,unknown,1073253870,unbekannt
7850,,,,,,,,,,,,,,,,unknown,grade1,1073253871,unbekannt
7851,,,,,,,,,,,,,,,,unknown,unknown,1073253872,unbekannt
7852,,,,,,,,,,,,,,,,unknown,unknown,1073253873,unbekannt
7853,,,,,,,,,,,,,,,,asphalt,grade1,1075308471,versiegelt
7854,,,,,,,,,,,,,,,,ground,grade5,1075308508,unbekannt
7855,,,,,,,,,,,,,,,,ground,unknown,1075308523,unbekannt
7856,,,,,,,,,,,,,,,,ground,unknown,1075308524,unbekannt
7857,,,,,,,,,,,,,,,,ground,unknown,1075308525,unbekannt
7858,,,,,,,,,,,,,,,,ground,unknown,1075308526,unbekannt
7859,,,,,,,,,,,,,,,,unknown,grade5,1075308527,unbekannt
7860,,,,,,,,,,,,,,,,dirt,grade5,1075308529,begrünt_erdig
7861,,,,,,,,,,,,,,,,dirt,grade5,1075308530,begrünt_erdig
7862,,,,,,,,,,,,,,,,grass,grade5,1075308532,begrünt_erdig
7863,,,,,,,,,,,,,,,,grass,grade5,1075308533,begrünt_erdig
7864,,,,,,,,,,,,,,,,ground,unknown,1077624979,unbekannt
7865,,,,,,,,,,,,,,,,gravel,unknown,1077624980,mineralisch
7866,,,,,,,,,,,,,,,,ground,unknown,1077624981,unbekannt
7867,,,,,,,,,,,,,,,,ground,unknown,1077624982,unbekannt
7868,,,,,,,,,,,,,,,,grass,unknown,1077624983,begrünt_erdig
7869,,,,,,,,,,,,,,,,ground,unknown,1077624984,unbekannt
7870,,,,,,,,,,,,,,,,ground,unknown,1077624987,unbekannt
7871,,,,,,,,,,,,,,,,ground,unknown,1077624988,unbekannt
7872,,,,,,,,,,,,,,,,grass,grade5,1080028575,begrünt_erdig
7873,,,,,,,,,,,,,,,,unknown,grade1,1080028576,unbekannt
7874,,,,,,,,,,,,,,,,unknown,grade1,1080028577,unbekannt
7875,,,,,,,,,,,,,,,,unknown,unknown,1085747659,unbekannt
7876,,,,,,,,,,,,,,,,unknown,unknown,1085788190,unbekannt
7877,,,,,,,,,,,,,,,,unknown,unknown,1087546537,unbekannt
7878,,,,,,,,,,,,,,,,unknown,unknown,1087546538,unbekannt
7879,,,,,,,,,,,,,,,,fine_gravel,grade1,1089049487,mineralisch
7880,,,,,,,,,,,,,,,,grass,grade5,1090775300,begrünt_erdig
7881,,,,,,,,,,,,,,,,grass,grade5,1094032939,begrünt_erdig
7882,,,,,,,,,,,,,,,,unknown,unknown,1097100779,unbekannt
7883,,,,,,,,,,,,,,,,unknown,unknown,1097100780,unbekannt
7884,,,,,,,,,,,,,,,,asphalt,unknown,1099849870,versiegelt
7885,,,,,,,,,,,,,,,,unknown,unknown,1107169924,unbekannt
7886,,,,,,,,,,,,,,,,unknown,unknown,1111617716,unbekannt
7887,,,,,,,,,,,,,,,,unknown,unknown,1111617718,unbekannt
7888,,,,,,,,,,,,,,,,asphalt,grade1,1111617719,versiegelt
7889,,,,,,,,,,,,,,,,unknown,unknown,1111617720,unbekannt
7890,,,,,,,,,,,,,,,,unknown,unknown,1114889929,unbekannt
7891,,,,,,,,,,,,,,,,unknown,grade4,1114889930,unbekannt
7892,,,,,,,,,,,,,,,,asphalt,grade1,1114889931,versiegelt
7893,,,,,,,,,,,,,,,,unknown,unknown,1114890760,unbekannt
7894,,,,,,,,,,,,,,,,unknown,unknown,1121063130,unbekannt
7895,,,,,,,,,,,,,,,,paving_stones,unknown,1121063131,unbekannt
7896,,,,,,,,,,,,,,,,unknown,unknown,1122939047,unbekannt
7897,,,,,,,,,,,,,,,,unknown,unknown,1122939048,unbekannt
7898,,,,,,,,,,,,,,,,unknown,unknown,1122939050,unbekannt
7899,,,,,,,,,,,,,,,,unknown,unknown,1122939052,unbekannt
7900,,,,,,,,,,,,,,,,unknown,unknown,1122939053,unbekannt
7901,,,,,,,,,,,,,,,,unknown,grade2,1122939055,unbekannt
7902,,,,,,,,,,,,,,,,unknown,unknown,1122939059,unbekannt
7903,,,,,,,,,,,,,,,,unknown,unknown,1122939060,unbekannt
7904,,,,,,,,,,,,,,,,gravel,grade2,1122939982,mineralisch
7905,,,,,,,,,,,,,,,,paving_stones,unknown,1122940550,unbekannt
7906,,,,,,,,,,,,,,,,unknown,unknown,1123395459,unbekannt
7907,,,,,,,,,,,,,,,,unknown,unknown,1123395461,unbekannt
7908,,,,,,,,,,,,,,,,unknown,unknown,1123395462,unbekannt
7909,,,,,,,,,,,,,,,,unknown,unknown,1123395463,unbekannt
7910,,,,,,,,,,,,,,,,unknown,unknown,1131623039,unbekannt
7911,,,,,,,,,,,,,,,,unknown,unknown,1131623040,unbekannt
7912,,,,,,,,,,,,,,,,unknown,unknown,1131623048,unbekannt
7913,,,,,,,,,,,,,,,,unknown,unknown,1131623060,unbekannt
7914,,,,,,,,,,,,,,,,asphalt,unknown,1147340095,versiegelt
7915,,,,,,,,,,,,,,,,asphalt,unknown,1147541823,versiegelt
7916,,,,,,,,,,,,,,,,asphalt,unknown,1147618288,versiegelt
7917,,,,,,,,,,,,,,,,asphalt,unknown,1147618289,versiegelt
7918,,,,,,,,,,,,,,,,unknown,unknown,1147625899,unbekannt
7919,,,,,,,,,,,,,,,,unknown,unknown,1147625900,unbekannt
7920,,,,,,,,,,,,,,,,unknown,unknown,1147625901,unbekannt
7921,,,,,,,,,,,,,,,,grass,grade4,1147640184,begrünt_erdig
7922,,,,,,,,,,,,,,,,ground,grade4,1147640185,unbekannt
7923,,,,,,,,,,,,,,,,unknown,unknown,1147640186,unbekannt
7924,,,,,,,,,,,,,,,,unknown,unknown,1147640188,unbekannt
7925,,,,,,,,,,,,,,,,unknown,unknown,1147648915,unbekannt
7926,,,,,,,,,,,,,,,,ground,unknown,1147652656,unbekannt
7927,,,,,,,,,,,,,,,,unknown,unknown,1147977507,unbekannt
7928,,,,,,,,,,,,,,,,grass,grade2,1147981839,begrünt_erdig
7929,,,,,,,,,,,,,,,,grass,grade4,1147981841,begrünt_erdig
7930,,,,,,,,,,,,,,,,unknown,unknown,1148002520,unbekannt
7931,,,,,,,,,,,,,,,,asphalt,grade1,1149147304,versiegelt
7932,,,,,,,,,,,,,,,,unknown,grade1,1149218347,unbekannt
7933,,,,,,,,,,,,,,,,paved,grade1,1149372649,versiegelt
7934,,,,,,,,,,,,,,,,asphalt,grade1,1149373405,versiegelt
7935,,,,,,,,,,,,,,,,ground,grade3,1149374182,unbekannt
7936,,,,,,,,,,,,,,,,asphalt,grade1,1149374953,versiegelt
7937,,,,,,,,,,,,,,,,asphalt,grade1,1149377924,versiegelt
7938,,,,,,,,,,,,,,,,compacted,grade4,1149386535,mineralisch
7939,,,,,,,,,,,,,,,,asphalt,grade1,1149386856,versiegelt
7940,,,,,,,,,,,,,,,,asphalt,grade1,1149948219,versiegelt
7941,,,,,,,,,,,,,,,,asphalt,grade1,1149948587,versiegelt
7942,,,,,,,,,,,,,,,,ground,grade5,1149950888,unbekannt
7943,,,,,,,,,,,,,,,,ground,grade4,1149953362,unbekannt
7944,,,,,,,,,,,,,,,,compacted,grade2,1149954625,mineralisch
7945,,,,,,,,,,,,,,,,asphalt,unknown,1149972857,versiegelt
7946,,,,,,,,,,,,,,,,asphalt,unknown,1150677831,versiegelt
7947,,,,,,,,,,,,,,,,grass,grade5,1150749012,begrünt_erdig
7948,,,,,,,,,,,,,,,,compacted,unknown,1150758058,mineralisch
7949,,,,,,,,,,,,,,,,unknown,unknown,1152391213,unbekannt
7950,,,,,,,,,,,,,,,,unknown,grade5,1152391214,unbekannt
7951,,,,,,,,,,,,,,,,unknown,grade5,1152391219,unbekannt
7952,,,,,,,,,,,,,,,,unknown,grade3,1153312144,unbekannt
7953,,,,,,,,,,,,,,,,dirt,unknown,1153602297,begrünt_erdig
7954,,,,,,,,,,,,,,,,unknown,unknown,1154822129,unbekannt
7955,,,,,,,,,,,,,,,,unknown,unknown,1154822791,unbekannt
7956,,,,,,,,,,,,,,,,unknown,unknown,1160819280,unbekannt
7957,,,,,,,,,,,,,,,,grass,unknown,1161301912,begrünt_erdig
7958,,,,,,,,,,,,,,,,ground,unknown,1161302983,unbekannt
7959,,,,,,,,,,,,,,,,grass,grade5,1167845801,begrünt_erdig
7960,,,,,,,,,,,,,,,,unknown,grade3,1167845802,unbekannt
7961,,,,,,,,,,,,,,,,grass,grade5,1167845803,begrünt_erdig
7962,,,,,,,,,,,,,,,,unknown,unknown,1168273385,unbekannt
7963,,,,,,,,,,,,,,,,unknown,grade2,1173392959,unbekannt
7964,,,,,,,,,,,,,,,,unknown,grade5,1173392960,unbekannt
7965,,,,,,,,,,,,,,,,unknown,unknown,1173398150,unbekannt
7966,,,,,,,,,,,,,,,,unknown,unknown,1174000801,unbekannt
7967,,,,,,,,,,,,,,,,paving_stones,unknown,1174012806,unbekannt
7968,,,,,,,,,,,,,,,,unknown,unknown,1174012807,unbekannt
7969,,,,,,,,,,,,,,,,asphalt,unknown,1174012808,versiegelt
7970,,,,,,,,,,,,,,,,asphalt,unknown,1174018683,versiegelt
7971,,,,,,,,,,,,,,,,unknown,grade5,1174018684,unbekannt
7972,,,,,,,,,,,,,,,,unknown,grade5,1174018685,unbekannt
7973,,,,,,,,,,,,,,,,unknown,grade5,1174018686,unbekannt
7974,,,,,,,,,,,,,,,,unknown,grade5,1174018687,unbekannt
7975,,,,,,,,,,,,,,,,pebblestone,grade3,1174018688,unbekannt
7976,,,,,,,,,,,,,,,,concrete,grade1,1174708636,versiegelt
7977,,,,,,,,,,,,,,,,unknown,unknown,1190228626,unbekannt
7978,,,,,,,,,,,,,,,,unknown,unknown,1195281827,unbekannt
7979,,,,,,,,,,,,,,,,unknown,unknown,1195281828,unbekannt
7980,,,,,,,,,,,,,,,,unknown,unknown,1195281829,unbekannt
7981,,,,,,,,,,,,,,,,unknown,unknown,1195281830,unbekannt
7982,,,,,,,,,,,,,,,,asphalt,grade1,1208320259,versiegelt
7983,,,,,,,,,,,,,,,,paved,grade1,1208844902,versiegelt
7984,,,,,,,,,,,,,,,,unknown,grade2,1209090686,unbekannt
7985,,,,,,,,,,,,,,,,unknown,unknown,1209103211,unbekannt
7986,,,,,,,,,,,,,,,,grass,grade5,1213628350,begrünt_erdig
7987,,,,,,,,,,,,,,,,unknown,unknown,1213628351,unbekannt
7988,,,,,,,,,,,,,,,,unknown,unknown,1213628353,unbekannt
7989,,,,,,,,,,,,,,,,unknown,unknown,1213628354,unbekannt
7990,,,,,,,,,,,,,,,,unknown,unknown,1213628355,unbekannt
7991,,,,,,,,,,,,,,,,unknown,unknown,1216742377,unbekannt
7992,,,,,,,,,,,,,,,,unknown,unknown,1217131589,unbekannt
7993,,,,,,,,,,,,,,,,asphalt,grade1,1217271105,versiegelt
7994,,,,,,,,,,,,,,,,unknown,grade3,1220956032,unbekannt
7995,,,,,,,,,,,,,,,,grass,grade5,1220956033,begrünt_erdig
7996,,,,,,,,,,,,,,,,unknown,grade4,1221975408,unbekannt
7997,,,,,,,,,,,,,,,,unknown,grade4,1221990356,unbekannt
7998,,,,,,,,,,,,,,,,unknown,grade5,1221990358,unbekannt
7999,,,,,,,,,,,,,,,,unknown,grade5,1221991144,unbekannt
8000,,,,,,,,,,,,,,,,unknown,grade3,1222014205,unbekannt
8001,,,,,,,,,,,,,,,,unknown,grade5,1222014206,unbekannt
8002,,,,,,,,,,,,,,,,unknown,grade5,1222014207,unbekannt
8003,,,,,,,,,,,,,,,,unknown,grade5,1222021148,unbekannt
8004,,,,,,,,,,,,,,,,unknown,unknown,1222021880,unbekannt
8005,,,,,,,,,,,,,,,,unknown,unknown,1222021881,unbekannt
8006,,,,,,,,,,,,,,,,unknown,grade3,1222737113,unbekannt
8007,,,,,,,,,,,,,,,,asphalt,unknown,1224035369,versiegelt
8008,,,,,,,,,,,,,,,,unknown,unknown,1231748029,unbekannt
8009,,,,,,,,,,,,,,,,unknown,unknown,1231748030,unbekannt
8010,,,,,,,,,,,,,,,,unknown,unknown,1235010262,unbekannt
8011,,,,,,,,,,,,,,,,unknown,unknown,1235163945,unbekannt
8012,,,,,,,,,,,,,,,,unknown,unknown,1239546951,unbekannt
8013,,,,,,,,,,,,,,,,unknown,unknown,1239547000,unbekannt
8014,,,,,,,,,,,,,,,,asphalt,unknown,1240647655,versiegelt
8015,,,,,,,,,,,,,,,,grass,unknown,1243493559,begrünt_erdig
8016,,,,,,,,,,,,,,,,paving_stones,unknown,1243493563,unbekannt
8017,,,,,,,,,,,,,,,,paving_stones,unknown,1243493564,unbekannt
8018,,,,,,,,,,,,,,,,paving_stones,unknown,1243493565,unbekannt
8019,,,,,,,,,,,,,,,,paving_stones,unknown,1243493566,unbekannt
8020,,,,,,,,,,,,,,,,paving_stones,unknown,1243493567,unbekannt
8021,,,,,,,,,,,,,,,,paving_stones,unknown,1243493568,unbekannt
8022,,,,,,,,,,,,,,,,unknown,unknown,1243493569,unbekannt
8023,,,,,,,,,,,,,,,,unknown,unknown,1243793710,unbekannt
8024,,,,,,,,,,,,,,,,unknown,unknown,1250659526,unbekannt
8025,,,,,,,,,,,,,,,,unknown,grade4,1257075364,unbekannt
8026,,,,,,,,,,,,,,,,unknown,unknown,1257623036,unbekannt
8027,,,,,,,,,,,,,,,,unknown,grade4,1263695993,unbekannt
8028,,,,,,,,,,,,,,,,asphalt,grade1,1264138742,versiegelt
8029,,,,,,,,,,,,,,,,paving_stones,unknown,1264138743,unbekannt
8030,,,,,,,,,,,,,,,,paving_stones,unknown,1264138744,unbekannt
8031,,,,,,,,,,,,,,,,paving_stones,unknown,1264138745,unbekannt
8032,,,,,,,,,,,,,,,,asphalt,unknown,1264138746,versiegelt
8033,,,,,,,,,,,,,,,,grass,unknown,1264145337,begrünt_erdig
8034,,,,,,,,,,,,,,,,unknown,unknown,1264162107,unbekannt
8035,,,,,,,,,,,,,,,,ground,unknown,1264584465,unbekannt
8036,,,,,,,,,,,,,,,,dirt,grade4,1264855160,begrünt_erdig
8037,,,,,,,,,,,,,,,,unknown,unknown,1264855161,unbekannt
8038,,,,,,,,,,,,,,,,unknown,unknown,1266403903,unbekannt
8039,,,,,,,,,,,,,,,,unknown,unknown,1266403904,unbekannt
8040,,,,,,,,,,,,,,,,unknown,grade5,1266403905,unbekannt
8041,,,,,,,,,,,,,,,,unknown,unknown,1266476270,unbekannt
8042,,,,,,,,,,,,,,,,unknown,unknown,1266624673,unbekannt
8043,,,,,,,,,,,,,,,,unknown,grade4,1267697069,unbekannt
8044,,,,,,,,,,,,,,,,unknown,grade4,1269711547,unbekannt
8045,,,,,,,,,,,,,,,,unknown,grade5,1269711548,unbekannt
8046,,,,,,,,,,,,,,,,unknown,grade5,1269824090,unbekannt
8047,,,,,,,,,,,,,,,,unknown,grade5,1269866854,unbekannt
8048,,,,,,,,,,,,,,,,asphalt,unknown,1272293243,versiegelt
8049,,,,,,,,,,,,,,,,unknown,grade5,1272381235,unbekannt
8050,,,,,,,,,,,,,,,,unknown,grade5,1272381236,unbekannt
8051,,,,,,,,,,,,,,,,unknown,grade5,1272381237,unbekannt
8052,,,,,,,,,,,,,,,,unknown,grade5,1272381238,unbekannt
8053,,,,,,,,,,,,,,,,unknown,unknown,1272381239,unbekannt
8054,,,,,,,,,,,,,,,,asphalt,unknown,1274344640,versiegelt
8055,,,,,,,,,,,,,,,,asphalt,unknown,1274344641,versiegelt
8056,,,,,,,,,,,,,,,,asphalt,unknown,1274344642,versiegelt
8057,,,,,,,,,,,,,,,,asphalt,unknown,1274344643,versiegelt
8058,,,,,,,,,,,,,,,,unknown,grade5,1277665727,unbekannt
8059,,,,,,,,,,,,,,,,unknown,grade5,1277667577,unbekannt
8060,,,,,,,,,,,,,,,,grass,grade4,1277668143,begrünt_erdig
8061,,,,,,,,,,,,,,,,grass,grade5,1277668144,begrünt_erdig
8062,,,,,,,,,,,,,,,,unknown,grade4,1277669184,unbekannt
8063,,,,,,,,,,,,,,,,unknown,grade5,1277669185,unbekannt
8064,,,,,,,,,,,,,,,,pebblestone,unknown,1277670917,unbekannt
8065,,,,,,,,,,,,,,,,unknown,grade3,1277673042,unbekannt
8066,,,,,,,,,,,,,,,,grass,grade5,1279301883,begrünt_erdig
8067,,,,,,,,,,,,,,,,grass,grade5,1279301884,begrünt_erdig
8068,,,,,,,,,,,,,,,,grass,grade5,1279301885,begrünt_erdig
8069,,,,,,,,,,,,,,,,unknown,grade5,1280147722,unbekannt
8070,,,,,,,,,,,,,,,,unknown,grade5,1280147724,unbekannt
8071,,,,,,,,,,,,,,,,unknown,grade4,1280147725,unbekannt
8072,,,,,,,,,,,,,,,,unknown,grade3,1280147736,unbekannt
8073,,,,,,,,,,,,,,,,unknown,grade5,1280151228,unbekannt
8074,,,,,,,,,,,,,,,,unknown,grade5,1280156814,unbekannt
8075,,,,,,,,,,,,,,,,unknown,unknown,1281585473,unbekannt
8076,,,,,,,,,,,,,,,,unknown,grade5,1281585474,unbekannt
8077,,,,,,,,,,,,,,,,unknown,grade5,1281585475,unbekannt
8078,,,,,,,,,,,,,,,,unknown,grade5,1281585476,unbekannt
8079,,,,,,,,,,,,,,,,unknown,grade5,1281585477,unbekannt
8080,,,,,,,,,,,,,,,,unknown,grade5,1281585478,unbekannt
8081,,,,,,,,,,,,,,,,unknown,unknown,1281585479,unbekannt
8082,,,,,,,,,,,,,,,,unknown,grade5,1281585480,unbekannt
8083,,,,,,,,,,,,,,,,unknown,grade5,1281585481,unbekannt
8084,,,,,,,,,,,,,,,,unknown,grade5,1281585482,unbekannt
8085,,,,,,,,,,,,,,,,unknown,unknown,1281585483,unbekannt
8086,,,,,,,,,,,,,,,,unknown,unknown,1281585484,unbekannt
8087,,,,,,,,,,,,,,,,unknown,grade5,1284651611,unbekannt
8088,,,,,,,,,,,,,,,,unknown,grade5,1284651612,unbekannt
8089,,,,,,,,,,,,,,,,unknown,unknown,1284651613,unbekannt
8090,,,,,,,,,,,,,,,,unknown,unknown,1284651614,unbekannt
8091,,,,,,,,,,,,,,,,asphalt,grade1,1284651615,versiegelt
8092,,,,,,,,,,,,,,,,unknown,unknown,1289268142,unbekannt
8093,,,,,,,,,,,,,,,,unknown,unknown,1289268143,unbekannt
8094,,,,,,,,,,,,,,,,unknown,unknown,1289268144,unbekannt
8095,,,,,,,,,,,,,,,,unknown,unknown,1289268145,unbekannt
8096,,,,,,,,,,,,,,,,unknown,unknown,1293774977,unbekannt
8097,,,,,,,,,,,,,,,,unknown,unknown,1293774978,unbekannt
8098,,,,,,,,,,,,,,,,paved,grade2,1305542063,versiegelt
8099,,,,,,,,,,,,,,,,ground,unknown,1305543121,unbekannt
8100,,,,,,,,,,,,,,,,unknown,unknown,1305543889,unbekannt
8101,,,,,,,,,,,,,,,,ground,unknown,1305544342,unbekannt
8102,,,,,,,,,,,,,,,,unknown,unknown,1307515336,unbekannt
8103,,,,,,,,,,,,,,,,unknown,unknown,1307515943,unbekannt
8104,,,,,,,,,,,,,,,,unknown,unknown,1308589884,unbekannt
8105,,,,,,,,,,,,,,,,unknown,unknown,1308589885,unbekannt
8106,,,,,,,,,,,,,,,,unknown,unknown,1308589886,unbekannt
8107,,,,,,,,,,,,,,,,unknown,unknown,1312681420,unbekannt
8108,,,,,,,,,,,,,,,,unknown,grade1,1315774017,unbekannt
8109,,,,,,,,,,,,,,,,unknown,grade5,1315774018,unbekannt
8110,,,,,,,,,,,,,,,,unknown,unknown,1317066284,unbekannt
8111,,,,,,,,,,,,,,,,unknown,unknown,1317066285,unbekannt
8112,,,,,,,,,,,,,,,,paving_stones,unknown,1317066286,unbekannt
8113,,,,,,,,,,,,,,,,gravel,grade2,1317428113,mineralisch
8114,,,,,,,,,,,,,,,,grass,grade5,1317428114,begrünt_erdig
8115,,,,,,,,,,,,,,,,ground,unknown,1317428115,unbekannt
8116,,,,,,,,,,,,,,,,asphalt,grade1,1319235430,versiegelt
8117,,,,,,,,,,,,,,,,asphalt,grade2,1319239900,versiegelt
8118,,,,,,,,,,,,,,,,unknown,unknown,1319409963,unbekannt
8119,,,,,,,,,,,,,,,,unknown,grade3,1320129711,unbekannt
8120,,,,,,,,,,,,,,,,asphalt,grade1,1320129712,versiegelt
8121,,,,,,,,,,,,,,,,unknown,unknown,1320705485,unbekannt
8122,,,,,,,,,,,,,,,,unknown,unknown,1320705486,unbekannt
8123,,,,,,,,,,,,,,,,unknown,unknown,1320705487,unbekannt
8124,,,,,,,,,,,,,,,,unknown,unknown,1320705488,unbekannt
8125,,,,,,,,,,,,,,,,paving_stones,unknown,1320705491,unbekannt
8126,,,,,,,,,,,,,,,,asphalt,unknown,1320705493,versiegelt
8127,,,,,,,,,,,,,,,,metal,unknown,1320705494,unbekannt
8128,,,,,,,,,,,,,,,,grass,unknown,1320705495,begrünt_erdig
8129,,,,,,,,,,,,,,,,unknown,unknown,1334322181,unbekannt
8130,,,,,,,,,,,,,,,,unknown,unknown,1334322182,unbekannt
8131,,,,,,,,,,,,,,,,unknown,unknown,1334322183,unbekannt
8132,,,,,,,,,,,,,,,,unknown,unknown,1334323905,unbekannt
8133,,,,,,,,,,,,,,,,unknown,unknown,1334323906,unbekannt
8134,,,,,,,,,,,,,,,,grass,unknown,1334410591,begrünt_erdig
8135,,,,,,,,,,,,,,,,unknown,unknown,1336838296,unbekannt
8136,,,,,,,,,,,,,,,,unknown,unknown,1336838297,unbekannt
8137,,,,,,,,,,,,,,,,unknown,unknown,1336838298,unbekannt
8138,,,,,,,,,,,,,,,,unknown,unknown,1336838301,unbekannt
8139,,,,,,,,,,,,,,,,unknown,unknown,1336838302,unbekannt
8140,,,,,,,,,,,,,,,,unknown,grade4,1337784647,unbekannt
8141,,,,,,,,,,,,,,,,ground,unknown,1338304854,unbekannt
8142,,,,,,,,,,,,,,,,unknown,unknown,1338384818,unbekannt
8143,,,,,,,,,,,,,,,,unknown,grade5,1338384819,unbekannt
8144,,,,,,,,,,,,,,,,unknown,grade5,1338384820,unbekannt
8145,,,,,,,,,,,,,,,,unknown,unknown,1339318639,unbekannt
8146,,,,,,,,,,,,,,,,unknown,grade4,1340246844,unbekannt
8147,,,,,,,,,,,,,,,,ground,grade5,1340962221,unbekannt
8148,,,,,,,,,,,,,,,,ground,unknown,1343982294,unbekannt
8149,,,,,,,,,,,,,,,,grass,grade5,1344383177,begrünt_erdig
8150,,,,,,,,,,,,,,,,unknown,unknown,1344383178,unbekannt
8151,,,,,,,,,,,,,,,,unknown,grade5,1344383179,unbekannt
8152,,,,,,,,,,,,,,,,gravel,grade2,1347196357,mineralisch
8153,,,,,,,,,,,,,,,,unknown,unknown,1352360024,unbekannt
8154,,,,,,,,,,,,,,,,unknown,unknown,1352483980,unbekannt
8155,,,,,,,,,,,,,,,,unknown,unknown,1352483981,unbekannt
8156,,,,,,,,,,,,,,,,unknown,unknown,1352483983,unbekannt
8157,,,,,,,,,,,,,,,,unknown,unknown,1352483984,unbekannt
8158,,,,,,,,,,,,,,,,unknown,unknown,1352483985,unbekannt
8159,,,,,,,,,,,,,,,,unknown,unknown,1352483986,unbekannt
8160,,,,,,,,,,,,,,,,unknown,unknown,1352483987,unbekannt
8161,,,,,,,,,,,,,,,,unknown,unknown,1352483988,unbekannt
8162,,,,,,,,,,,,,,,,unknown,unknown,1352483989,unbekannt
8163,,,,,,,,,,,,,,,,asphalt,unknown,1352483990,versiegelt
8164,,,,,,,,,,,,,,,,unknown,unknown,1352483991,unbekannt
8165,,,,,,,,,,,,,,,,unknown,unknown,1352483992,unbekannt
8166,,,,,,,,,,,,,,,,unknown,unknown,1352483993,unbekannt
8167,,,,,,,,,,,,,,,,unknown,unknown,1352483996,unbekannt
8168,,,,,,,,,,,,,,,,unknown,unknown,1352483998,unbekannt
8169,,,,,,,,,,,,,,,,unknown,unknown,1352483999,unbekannt
8170,,,,,,,,,,,,,,,,unknown,unknown,1352484000,unbekannt
8171,,,,,,,,,,,,,,,,ground,grade5,1354384799,unbekannt
8172,,,,,,,,,,,,,,,,ground,unknown,1354384803,unbekannt
8173,,,,,,,,,,,,,,,,dirt,unknown,1354384804,begrünt_erdig
8174,,,,,,,,,,,,,,,,unknown,unknown,1354384805,unbekannt
8175,,,,,,,,,,,,,,,,gravel,unknown,1354384806,mineralisch
8176,,,,,,,,,,,,,,,,unknown,grade5,1354384807,unbekannt
8177,,,,,,,,,,,,,,,,unknown,grade5,1354384808,unbekannt
8178,,,,,,,,,,,,,,,,unknown,grade5,1354384813,unbekannt
8179,,,,,,,,,,,,,,,,ground,unknown,1354384814,unbekannt
8180,,,,,,,,,,,,,,,,unknown,unknown,1354384815,unbekannt
8181,,,,,,,,,,,,,,,,unknown,grade5,1354384816,unbekannt
8182,,,,,,,,,,,,,,,,unknown,grade5,1354384817,unbekannt
8183,,,,,,,,,,,,,,,,unknown,grade5,1354384818,unbekannt
8184,,,,,,,,,,,,,,,,unknown,grade5,1354384819,unbekannt
8185,,,,,,,,,,,,,,,,ground,unknown,1354384820,unbekannt
8186,,,,,,,,,,,,,,,,grass,grade5,1354384821,begrünt_erdig
8187,,,,,,,,,,,,,,,,unknown,unknown,1355985934,unbekannt
8188,,,,,,,,,,,,,,,,unknown,unknown,1355985935,unbekannt
8189,,,,,,,,,,,,,,,,unknown,unknown,1355985936,unbekannt
8190,,,,,,,,,,,,,,,,unknown,unknown,1355985937,unbekannt
8191,,,,,,,,,,,,,,,,unknown,unknown,1355985938,unbekannt
8192,,,,,,,,,,,,,,,,unknown,unknown,1355985939,unbekannt
8193,,,,,,,,,,,,,,,,unknown,unknown,1355985940,unbekannt
8194,,,,,,,,,,,,,,,,unknown,unknown,1355985941,unbekannt
8195,,,,,,,,,,,,,,,,unknown,unknown,1355985942,unbekannt
8196,,,,,,,,,,,,,,,,unknown,unknown,1355985943,unbekannt
8197,,,,,,,,,,,,,,,,unknown,unknown,1355985944,unbekannt
8198,,,,,,,,,,,,,,,,grass,grade5,1355985945,begrünt_erdig
8199,,,,,,,,,,,,,,,,grass,grade5,1355985946,begrünt_erdig
8200,,,,,,,,,,,,,,,,grass,grade5,1355985947,begrünt_erdig
8201,,,,,,,,,,,,,,,,unknown,grade5,1355987390,unbekannt
8202,,,,,,,,,,,,,,,,paving_stones,unknown,1355987391,unbekannt
8203,,,,,,,,,,,,,,,,compacted,grade2,1355990272,mineralisch
8204,,,,,,,,,,,,,,,,ground,grade5,1355990273,unbekannt
8205,,,,,,,,,,,,,,,,compacted,unknown,1355991952,mineralisch
8206,,,,,,,,,,,,,,,,asphalt,grade1,1355991954,versiegelt
8207,,,,,,,,,,,,,,,,compacted,grade3,1355991955,mineralisch
8208,,,,,,,,,,,,,,,,compacted,grade2,1355991956,mineralisch
8209,,,,,,,,,,,,,,,,asphalt,grade1,1355991957,versiegelt
8210,,,,,,,,,,,,,,,,asphalt,unknown,1355991958,versiegelt
8211,,,,,,,,,,,,,,,,asphalt,unknown,1355991959,versiegelt
8212,,,,,,,,,,,,,,,,unknown,unknown,1355991960,unbekannt
8213,,,,,,,,,,,,,,,,ground,grade2,1355993959,unbekannt
8214,,,,,,,,,,,,,,,,asphalt,grade1,1355995183,versiegelt
8215,,,,,,,,,,,,,,,,unknown,unknown,1356000647,unbekannt
8216,,,,,,,,,,,,,,,,unknown,unknown,1356000650,unbekannt
8217,,,,,,,,,,,,,,,,grass,grade5,1356005599,begrünt_erdig
8218,,,,,,,,,,,,,,,,unknown,unknown,1356005600,unbekannt
8219,,,,,,,,,,,,,,,,unknown,grade5,1356183162,unbekannt
8220,,,,,,,,,,,,,,,,asphalt,unknown,1358425958,versiegelt
8221,,,,,,,,,,,,,,,,ground,unknown,1363322192,unbekannt
8222,,,,,,,,,,,,,,,,paving_stones,unknown,1365791133,unbekannt
8223,,,,,,,,,,,,,,,,paving_stones,grade1,1378303026,unbekannt
8224,,,,,,,,,,,,,,,,unknown,unknown,1380345627,unbekannt
8225,,,,,,,,,,,,,,,,grass,grade5,1385031869,begrünt_erdig
8226,,,,,,,,,,,,,,,,asphalt,unknown,1385031870,versiegelt
8227,,,,,,,,,,,,,,,,asphalt,unknown,1385852131,versiegelt
8228,,,,,,,,,,,,,,,,unknown,unknown,1386319118,unbekannt
8229,,,,,,,,,,,,,,,,unknown,unknown,1386319123,unbekannt
8230,,,,,,,,,,,,,,,,unknown,unknown,1386319124,unbekannt
8231,,,,,,,,,,,,,,,,unknown,grade5,1386539612,unbekannt
8232,,,,,,,,,,,,,,,,unknown,grade3,1386541413,unbekannt
8233,,,,,,,,,,,,,,,,paved,unknown,1387097405,versiegelt
8234,,,,,,,,,,,,,,,,unknown,unknown,1387097409,unbekannt
8235,,,,,,,,,,,,,,,,unknown,unknown,1387097411,unbekannt
8236,,,,,,,,,,,,,,,,unknown,unknown,1387097416,unbekannt
8237,,,,,,,,,,,,,,,,unknown,unknown,1387097418,unbekannt
8238,,,,,,,,,,,,,,,,unknown,unknown,1387097419,unbekannt
8239,,,,,,,,,,,,,,,,unknown,unknown,1387097420,unbekannt
8240,,,,,,,,,,,,,,,,unknown,unknown,1387097425,unbekannt
8241,,,,,,,,,,,,,,,,unknown,unknown,1387097432,unbekannt
8242,,,,,,,,,,,,,,,,unknown,grade5,1387184531,unbekannt
8243,,,,,,,,,,,,,,,,unknown,grade5,1387184532,unbekannt
8244,,,,,,,,,,,,,,,,unknown,grade5,1387186499,unbekannt
8245,,,,,,,,,,,,,,,,unknown,grade4,1387186849,unbekannt
8246,,,,,,,,,,,,,,,,unknown,grade5,1387188236,unbekannt
8247,,,,,,,,,,,,,,,,unknown,grade5,1387188237,unbekannt
8248,,,,,,,,,,,,,,,,unknown,grade5,1387188931,unbekannt
8249,,,,,,,,,,,,,,,,unknown,grade5,1387188932,unbekannt
8250,,,,,,,,,,,,,,,,unknown,grade5,1387192009,unbekannt
8251,,,,,,,,,,,,,,,,ground,grade4,1387192010,unbekannt
8252,,,,,,,,,,,,,,,,unknown,grade5,1387968863,unbekannt
8253,,,,,,,,,,,,,,,,unknown,grade5,1387968864,unbekannt
8254,,,,,,,,,,,,,,,,unknown,grade5,1387968865,unbekannt
8255,,,,,,,,,,,,,,,,unknown,grade5,1387968866,unbekannt
8256,,,,,,,,,,,,,,,,unknown,grade5,1387969734,unbekannt
8257,,,,,,,,,,,,,,,,unknown,grade4,1387969735,unbekannt
8258,,,,,,,,,,,,,,,,unknown,grade5,1387969736,unbekannt
8259,,,,,,,,,,,,,,,,unknown,grade5,1387969737,unbekannt
8260,,,,,,,,,,,,,,,,grass,grade5,1388076112,begrünt_erdig
8261,,,,,,,,,,,,,,,,asphalt,unknown,1389221159,versiegelt
8262,,,,,,,,,,,,,,,,unknown,grade5,1389271522,unbekannt
8263,,,,,,,,,,,,,,,,unknown,grade5,1389282345,unbekannt
8264,,,,,,,,,,,,,,,,unknown,unknown,1391372739,unbekannt
8265,,,,,,,,,,,,,,,,unknown,unknown,1391372740,unbekannt
8266,,,,,,,,,,,,,,,,unknown,unknown,1391372741,unbekannt
8267,,,,,,,,,,,,,,,,unknown,unknown,1391543586,unbekannt
8268,,,,,,,,,,,,,,,,unknown,grade5,1391543587,unbekannt
8269,,,,,,,,,,,,,,,,unknown,unknown,1391543588,unbekannt
8270,,,,,,,,,,,,,,,,unknown,unknown,1391543589,unbekannt
8271,,,,,,,,,,,,,,,,unknown,grade5,1391543590,unbekannt
8272,,,,,,,,,,,,,,,,unknown,grade5,1391543591,unbekannt
8273,,,,,,,,,,,,,,,,unknown,grade5,1391543592,unbekannt
8274,,,,,,,,,,,,,,,,unknown,grade5,1391543593,unbekannt
8275,,,,,,,,,,,,,,,,unknown,unknown,1391543594,unbekannt
8276,,,,,,,,,,,,,,,,unknown,unknown,1391543595,unbekannt
8277,,,,,,,,,,,,,,,,unknown,unknown,1391543596,unbekannt
8278,,,,,,,,,,,,,,,,unknown,unknown,1391543597,unbekannt
8279,,,,,,,,,,,,,,,,unknown,unknown,1391543598,unbekannt
8280,,,,,,,,,,,,,,,,unknown,unknown,1391543599,unbekannt
8281,,,,,,,,,,,,,,,,unknown,grade5,1391543600,unbekannt
8282,,,,,,,,,,,,,,,,unknown,grade3,1391543601,unbekannt
8283,,,,,,,,,,,,,,,,unknown,grade2,1391543602,unbekannt
8284,,,,,,,,,,,,,,,,unknown,unknown,1391581271,unbekannt
8285,,,,,,,,,,,,,,,,unknown,grade5,1391581272,unbekannt
8286,,,,,,,,,,,,,,,,unknown,unknown,1391761674,unbekannt
8287,,,,,,,,,,,,,,,,unknown,grade5,1391785979,unbekannt
8288,,,,,,,,,,,,,,,,unknown,grade4,1391785980,unbekannt
8289,,,,,,,,,,,,,,,,unknown,grade5,1391785981,unbekannt
8290,,,,,,,,,,,,,,,,unknown,grade5,1391785982,unbekannt
8291,,,,,,,,,,,,,,,,unknown,grade5,1391785983,unbekannt
8292,,,,,,,,,,,,,,,,unknown,grade5,1391785984,unbekannt
8293,,,,,,,,,,,,,,,,unknown,unknown,1393870364,unbekannt
8294,,,,,,,,,,,,,,,,unknown,grade4,1393873652,unbekannt
8295,,,,,,,,,,,,,,,,unknown,grade5,1393873653,unbekannt
8296,,,,,,,,,,,,,,,,grass,grade5,1394007540,begrünt_erdig
8297,,,,,,,,,,,,,,,,grass,unknown,1395819260,begrünt_erdig
8298,,,,,,,,,,,,,,,,paving_stones,unknown,1411458593,unbekannt
8299,,,,,,,,,,,,,,,,paving_stones,unknown,1411458595,unbekannt
8300,,,,,,,,,,,,,,,,unknown,unknown,1411458596,unbekannt
8301,,,,,,,,,,,,,,,,paving_stones,unknown,1411458600,unbekannt
8302,,,,,,,,,,,,,,,,asphalt,unknown,1411458602,versiegelt
8303,,,,,,,,,,,,,,,,unknown,unknown,1411763052,unbekannt
8304,,,,,,,,,,,,,,,,compacted,unknown,1411774515,mineralisch
8305,,,,,,,,,,,,,,,,unknown,unknown,1413367333,unbekannt
8306,,,,,,,,,,,,,,,,unknown,unknown,1413367334,unbekannt
8307,,,,,,,,,,,,,,,,unknown,unknown,1413367335,unbekannt
8308,,,,,,,,,,,,,,,,unknown,unknown,1413367337,unbekannt
8309,,,,,,,,,,,,,,,,unknown,unknown,1413367341,unbekannt
8310,,,,,,,,,,,,,,,,ground,grade2,1413987249,unbekannt
8311,,,,,,,,,,,,,,,,unknown,unknown,1413987268,unbekannt
8312,,,,,,,,,,,,,,,,paving_stones,unknown,1418691178,unbekannt
8313,,,,,,,,,,,,,,,,asphalt,unknown,1418691179,versiegelt
8314,,,,,,,,,,,,,,,,compacted,grade3,1421664062,mineralisch
8315,,,,,,,,,,,,,,,,unknown,unknown,1426313634,unbekannt
8316,,,,,,,,,,,,,,,,unknown,grade5,1428254906,unbekannt
8317,,,,,,,,,,,,,,,,unknown,grade5,1428255243,unbekannt
8318,,,,,,,,,,,,,,,,unknown,grade3,1428255454,unbekannt
8319,,,,,,,,,,,,,,,,unknown,grade5,1428257303,unbekannt
8320,,,,,,,,,,,,,,,,unknown,grade4,1428257737,unbekannt
8321,,,,,,,,,,,,,,,,unknown,grade5,1428258050,unbekannt
8322,,,,,,,,,,,,,,,,unknown,grade5,1428258278,unbekannt
8323,,,,,,,,,,,,,,,,unknown,unknown,1428869652,unbekannt
8324,,,,,,,,,,,,,,,,unknown,unknown,1428869653,unbekannt
8325,,,,,,,,,,,,,,,,unknown,unknown,1428869654,unbekannt
8326,,,,,,,,,,,,,,,,unknown,unknown,1428869655,unbekannt
8327,,,,,,,,,,,,,,,,unknown,unknown,1433146082,unbekannt
8328,,,,,,,,,,,,,,,,unknown,unknown,1434441287,unbekannt
8329,,,,,,,,,,,,,,,,grass,grade4,1442139072,begrünt_erdig
8330,,,,,,,,,,,,,,,,unknown,grade4,1444661112,unbekannt
8331,,,,,,,,,,,,,,,,unknown,unknown,1444661509,unbekannt
8332,,,,,,,,,,,,,,,,unknown,grade5,1445366565,unbekannt
8333,,,,,,,,,,,,,,,,unknown,grade4,1445366573,unbekannt
8334,,,,,,,,,,,,,,,,unknown,grade4,1445370460,unbekannt
8335,,,,,,,,,,,,,,,,unknown,grade5,1445375854,unbekannt
8336,,,,,,,,,,,,,,,,unknown,grade5,1445375856,unbekannt
8337,,,,,,,,,,,,,,,,unknown,grade4,1445956701,unbekannt
8338,,,,,,,,,,,,,,,,unknown,grade5,1446228080,unbekannt
8339,,,,,,,,,,,,,,,,ground,grade4,1446230177,unbekannt
8340,,,,,,,,,,,,,,,,unknown,unknown,1449419425,unbekannt
8341,,,,,,,,,,,,,,,,paved,unknown,1449419426,versiegelt
8342,,,,,,,,,,,,,,,,paved,unknown,1449419427,versiegelt
8343,,,,,,,,,,,,,,,,unknown,unknown,1449419428,unbekannt
8344,,,,,,,,,,,,,,,,unknown,unknown,1449419430,unbekannt
8345,,,,,,,,,,,,,,,,asphalt,unknown,1449419432,versiegelt
8346,,,,,,,,,,,,,,,,paving_stones,unknown,1449419433,unbekannt
8347,,,,,,,,,,,,,,,,paving_stones,unknown,1449419435,unbekannt
8348,,,,,,,,,,,,,,,,paved,unknown,1449419441,versiegelt
8349,,,,,,,,,,,,,,,,unknown,unknown,1449419442,unbekannt
8350,,,,,,,,,,,,,,,,paving_stones,unknown,1449419444,unbekannt
8351,,,,,,,,,,,,,,,,paving_stones,unknown,1449419445,unbekannt
8352,,,,,,,,,,,,,,,,paving_stones,unknown,1449419446,unbekannt
8353,,,,,,,,,,,,,,,,unknown,grade1,1458416505,unbekannt
8354,,,,,,,,,,,,,,,,compacted,grade2,1469020657,mineralisch
8355,,,,,,,,,,,,,,,,asphalt,unknown,1469632383,versiegelt
8356,,,,,,,,,,,,,,,,unknown,unknown,1469684227,unbekannt
8357,,,,,,,,,,,,,,,,unknown,unknown,1469684228,unbekannt
8358,,,,,,,,,,,,,,,,unknown,unknown,1469684229,unbekannt
8359,,,,,,,,,,,,,,,,unknown,unknown,1469684230,unbekannt
8360,,,,,,,,,,,,,,,,paving_stones,unknown,1469684231,unbekannt
8361,,,,,,,,,,,,,,,,unknown,unknown,1469684234,unbekannt
8362,,,,,,,,,,,,,,,,unknown,unknown,1469687715,unbekannt
8363,,,,,,,,,,,,,,,,unknown,unknown,1469687716,unbekannt
8364,,,,,,,,,,,,,,,,unknown,unknown,1474574913,unbekannt
8365,,,,,,,,,,,,,,,,unknown,grade1,1492356130,unbekannt
8366,,,,,,,,,,,,,,,,unknown,grade3,1492356131,unbekannt
8367,,,,,,,,,,,,,,,,unknown,grade5,1492356132,unbekannt
8368,,,,,,,,,,,,,,,,gravel,grade3,1492356133,mineralisch
8369,,,,,,,,,,,,,,,,gravel,grade2,1492356134,mineralisch
8370,,,,,,,,,,,,,,,,unknown,unknown,1492372016,unbekannt
8371,,,,,,,,,,,,,,,,unknown,unknown,1495763397,unbekannt
8372,,,,,,,,,,,,,,,,asphalt,unknown,1497109745,versiegelt
8373,,,,,,,,,,,,,,,,grass,unknown,1497699177,begrünt_erdig
8374,,,,,,,,,,,,,,,,ground,unknown,1497699178,unbekannt
8375,,,,,,,,,,,,,,,,unknown,unknown,1498371271,unbekannt
8376,,,,,,,,,,,,,,,,asphalt,grade1,1500138816,versiegelt
8377,,,,,,,,,,,,,,,,asphalt,unknown,1505386246,versiegelt
8378,,,,,,,,,,,,,,,,asphalt,unknown,1505386247,versiegelt
8379,,,,,,,,,,,,,,,,asphalt,unknown,1505386248,versiegelt
8380,,,,,,,,,,,,,,,,gravel,grade2,1505386964,mineralisch
8381,,,,,,,,,,,,,,,,gravel,grade2,1505386965,mineralisch
8382,,,,,,,,,,,,,,,,unknown,unknown,1508987605,unbekannt
8383,,,,,,,,,,,,,,,,unknown,unknown,1508987615,unbekannt
8384,,,,,,,,,,,,,,,,unknown,unknown,1508987620,unbekannt
8385,,,,,,,,,,,,,,,,asphalt,unknown,1508987621,versiegelt
8386,,,,,,,,,,,,,,,,asphalt,unknown,1508987622,versiegelt
8387,,,,,,,,,,,,,,,,asphalt,unknown,1508987623,versiegelt
8388,,,,,,,,,,,,,,,,unknown,unknown,1508987624,unbekannt
