osm_id,osm_surface,osm_tracktype,class_label,confidence,prob_versiegelt,prob_mineralisch,prob_begrünt_erdig
8048891,asphalt,unknown,versiegelt,0.334,0.334,0.333,0.333
8117280,asphalt,unknown,versiegelt,0.334,0.334,0.333,0.333
18821731,asphalt,unknown,versiegelt,0.334,0.334,0.333,0.333
18822204,asphalt,unknown,versiegelt,0.334,0.334,0.333,0.333
18822992,asphalt,unknown,versiegelt,0.334,0.334,0.333,0.333
18822994,asphalt,unknown,versiegelt,0.334,0.334,0.333,0.333
18822995,asphalt,unknown,versiegelt,0.334,0.334,0.333,0.333
18825535,asphalt,unknown,versiegelt,0.334,0.334,0.333,0.333
18826645,asphalt,grade1,versiegelt,0.334,0.334,0.333,0.333
18826648,fine_gravel,grade4,versiegelt,0.334,0.334,0.333,0.333
18931566,asphalt,unknown,versiegelt,0.334,0.334,0.333,0.333
18931571,asphalt,unknown,versiegelt,0.334,0.334,0.333,0.333
18931575,asphalt,unknown,versiegelt,0.334,0.334,0.333,0.333
22932555,asphalt,unknown,versiegelt,0.334,0.334,0.333,0.333
22932561,asphalt,unknown,versiegelt,0.334,0.334,0.333,0.333
23264666,asphalt,unknown,versiegelt,0.334,0.334,0.333,0.333
23264950,asphalt,unknown,versiegelt,0.334,0.334,0.333,0.333
23385404,asphalt,unknown,versiegelt,0.334,0.334,0.333,0.333
23385405,asphalt,unknown,versiegelt,0.334,0.334,0.333,0.333
23396232,asphalt,unknown,versiegelt,0.334,0.334,0.333,0.333
23396233,asphalt,unknown,versiegelt,0.334,0.334,0.333,0.333
23396444,asphalt,unknown,versiegelt,0.334,0.334,0.333,0.333
23397414,asphalt,unknown,versiegelt,0.334,0.334,0.333,0.333
23397471,asphalt,unknown,versiegelt,0.334,0.334,0.333,0.333
23398115,asphalt,unknown,versiegelt,0.334,0.334,0.333,0.333
23739099,asphalt,unknown,versiegelt,0.334,0.334,0.333,0.333
23740612,gravel,grade2,versiegelt,0.334,0.334,0.333,0.333
23740613,asphalt,unknown,versiegelt,0.334,0.334,0.333,0.333
23823686,gravel,unknown,versiegelt,0.334,0.334,0.333,0.333
23823687,gravel,unknown,versiegelt,0.334,0.334,0.333,0.333
23823690,asphalt,unknown,versiegelt,0.334,0.334,0.333,0.333
23823697,asphalt,grade1,versiegelt,0.334,0.334,0.333,0.333
23823698,asphalt,grade1,versiegelt,0.334,0.334,0.333,0.333
23823699,asphalt,grade1,versiegelt,0.334,0.334,0.333,0.333
23823702,asphalt,grade1,versiegelt,0.334,0.334,0.333,0.333
24001198,asphalt,grade1,versiegelt,0.334,0.334,0.333,0.333
24033182,asphalt,unknown,versiegelt,0.334,0.334,0.333,0.333
24033184,gravel,grade2,versiegelt,0.334,0.334,0.333,0.333
25006934,asphalt,unknown,versiegelt,0.334,0.334,0.333,0.333
25006937,asphalt,unknown,versiegelt,0.334,0.334,0.333,0.333
25024168,asphalt,unknown,versiegelt,0.334,0.334,0.333,0.333
25024169,asphalt,unknown,versiegelt,0.334,0.334,0.333,0.333
25024170,asphalt,unknown,versiegelt,0.334,0.334,0.333,0.333
25024171,asphalt,unknown,versiegelt,0.334,0.334,0.333,0.333
25024172,asphalt,unknown,versiegelt,0.334,0.334,0.333,0.333
25050511,fine_gravel,grade3,versiegelt,0.334,0.334,0.333,0.333
25050515,compacted,grade2,versiegelt,0.334,0.334,0.333,0.333
25050516,fine_gravel,grade2,versiegelt,0.334,0.334,0.333,0.333
25050517,compacted,grade2,versiegelt,0.334,0.334,0.333,0.333
25050518,gravel,grade3,versiegelt,0.334,0.334,0.333,0.333
25050522,gravel,grade4,versiegelt,0.334,0.334,0.333,0.333
25050533,gravel,grade2,versiegelt,0.334,0.334,0.333,0.333
25050534,grass,grade5,versiegelt,0.334,0.334,0.333,0.333
25050538,asphalt,unknown,versiegelt,0.334,0.334,0.333,0.333
25050541,asphalt,unknown,versiegelt,0.334,0.334,0.333,0.333
25050542,asphalt,unknown,versiegelt,0.334,0.334,0.333,0.333
25050543,asphalt,unknown,versiegelt,0.334,0.334,0.333,0.333
25050545,fine_gravel,grade2,versiegelt,0.334,0.334,0.333,0.333
25050546,gravel,grade2,versiegelt,0.334,0.334,0.333,0.333
25050549,gravel,grade2,versiegelt,0.334,0.334,0.333,0.333
25050550,fine_gravel,grade2,versiegelt,0.334,0.334,0.333,0.333
25050552,fine_gravel,grade2,versiegelt,0.334,0.334,0.333,0.333
25050554,asphalt,unknown,versiegelt,0.334,0.334,0.333,0.333
25050559,grass,grade3,versiegelt,0.334,0.334,0.333,0.333
25050560,asphalt,grade1,versiegelt,0.334,0.334,0.333,0.333
25050561,asphalt,unknown,versiegelt,0.334,0.334,0.333,0.333
25050571,asphalt,grade1,versiegelt,0.334,0.334,0.333,0.333
25050578,asphalt,unknown,versiegelt,0.334,0.334,0.333,0.333
25050581,asphalt,unknown,versiegelt,0.334,0.334,0.333,0.333
25050582,asphalt,grade2,versiegelt,0.334,0.334,0.333,0.333
25050588,grass,grade5,versiegelt,0.334,0.334,0.333,0.333
25050589,fine_gravel,grade3,versiegelt,0.334,0.334,0.333,0.333
25050590,fine_gravel,grade3,versiegelt,0.334,0.334,0.333,0.333
25111927,asphalt,unknown,versiegelt,0.334,0.334,0.333,0.333
25111929,asphalt,unknown,versiegelt,0.334,0.334,0.333,0.333
25111931,asphalt,unknown,versiegelt,0.334,0.334,0.333,0.333
25111932,asphalt,unknown,versiegelt,0.334,0.334,0.333,0.333
25112476,asphalt,unknown,versiegelt,0.334,0.334,0.333,0.333
25112477,asphalt,unknown,versiegelt,0.334,0.334,0.333,0.333
25113001,gravel,grade2,versiegelt,0.334,0.334,0.333,0.333
25346649,asphalt,grade1,versiegelt,0.334,0.334,0.333,0.333
25346650,asphalt,grade1,versiegelt,0.334,0.334,0.333,0.333
25346651,asphalt,unknown,versiegelt,0.334,0.334,0.333,0.333
25350354,asphalt,unknown,versiegelt,0.334,0.334,0.333,0.333
25351179,asphalt,grade1,versiegelt,0.334,0.334,0.333,0.333
25523676,asphalt,unknown,versiegelt,0.334,0.334,0.333,0.333
25523770,asphalt,unknown,versiegelt,0.334,0.334,0.333,0.333
25524031,asphalt,unknown,versiegelt,0.334,0.334,0.333,0.333
25620276,asphalt,unknown,versiegelt,0.334,0.334,0.333,0.333
25623889,asphalt,unknown,versiegelt,0.334,0.334,0.333,0.333
25628744,asphalt,unknown,versiegelt,0.334,0.334,0.333,0.333
25708608,asphalt,unknown,versiegelt,0.334,0.334,0.333,0.333
25708610,asphalt,unknown,versiegelt,0.334,0.334,0.333,0.333
25711326,asphalt,unknown,versiegelt,0.334,0.334,0.333,0.333
25711671,asphalt,unknown,versiegelt,0.334,0.334,0.333,0.333
25712339,asphalt,unknown,versiegelt,0.334,0.334,0.333,0.333
25712770,asphalt,unknown,versiegelt,0.334,0.334,0.333,0.333
25744334,asphalt,grade1,versiegelt,0.334,0.334,0.333,0.333
25744356,gravel,unknown,versiegelt,0.334,0.334,0.333,0.333
25749545,asphalt,unknown,versiegelt,0.334,0.334,0.333,0.333
25751285,asphalt,unknown,versiegelt,0.334,0.334,0.333,0.333
25751287,asphalt,unknown,versiegelt,0.334,0.334,0.333,0.333
25751288,asphalt,grade1,versiegelt,0.334,0.334,0.333,0.333
25751289,asphalt,grade1,versiegelt,0.334,0.334,0.333,0.333
25751291,asphalt,grade1,versiegelt,0.334,0.334,0.333,0.333
25766280,asphalt,unknown,versiegelt,0.334,0.334,0.333,0.333
25766281,asphalt,unknown,versiegelt,0.334,0.334,0.333,0.333
25917399,asphalt,grade1,versiegelt,0.334,0.334,0.333,0.333
25917401,asphalt,grade1,versiegelt,0.334,0.334,0.333,0.333
25917402,grass,grade5,versiegelt,0.334,0.334,0.333,0.333
25917403,asphalt,grade1,versiegelt,0.334,0.334,0.333,0.333
26190132,asphalt,grade1,versiegelt,0.334,0.334,0.333,0.333
26190133,paved,grade1,versiegelt,0.334,0.334,0.333,0.333
26190136,paved,grade1,versiegelt,0.334,0.334,0.333,0.333
26191256,asphalt,grade1,versiegelt,0.334,0.334,0.333,0.333
26191257,asphalt,grade1,versiegelt,0.334,0.334,0.333,0.333
26191259,gravel,grade2,versiegelt,0.334,0.334,0.333,0.333
26192281,asphalt,grade1,versiegelt,0.334,0.334,0.333,0.333
26192427,paved,grade1,versiegelt,0.334,0.334,0.333,0.333
26192713,asphalt,grade1,versiegelt,0.334,0.334,0.333,0.333
26192714,asphalt,grade1,versiegelt,0.334,0.334,0.333,0.333
26281122,grass,grade4,versiegelt,0.334,0.334,0.333,0.333
26281125,grass,grade4,versiegelt,0.334,0.334,0.333,0.333
26281128,gravel,grade2,versiegelt,0.334,0.334,0.333,0.333
26281129,grass,grade5,versiegelt,0.334,0.334,0.333,0.333
26297918,asphalt,grade1,versiegelt,0.334,0.334,0.333,0.333
26297919,asphalt,grade1,versiegelt,0.334,0.334,0.333,0.333
26297929,asphalt,grade1,versiegelt,0.334,0.334,0.333,0.333
26297930,gravel,grade2,versiegelt,0.334,0.334,0.333,0.333
26297931,asphalt,grade1,versiegelt,0.334,0.334,0.333,0.333
26297932,asphalt,grade1,versiegelt,0.334,0.334,0.333,0.333
26297938,gravel,grade2,versiegelt,0.334,0.334,0.333,0.333
26297940,asphalt,grade1,versiegelt,0.334,0.334,0.333,0.333
26297941,asphalt,grade1,versiegelt,0.334,0.334,0.333,0.333
26297944,gravel,grade2,versiegelt,0.334,0.334,0.333,0.333
26298036,asphalt,unknown,versiegelt,0.334,0.334,0.333,0.333
26340865,asphalt,grade1,versiegelt,0.334,0.334,0.333,0.333
26340866,asphalt,grade1,versiegelt,0.334,0.334,0.333,0.333
26340867,asphalt,grade1,versiegelt,0.334,0.334,0.333,0.333
26496223,asphalt,grade1,versiegelt,0.334,0.334,0.333,0.333
26531066,asphalt,unknown,versiegelt,0.334,0.334,0.333,0.333
26531072,asphalt,unknown,versiegelt,0.334,0.334,0.333,0.333
26531526,fine_gravel,grade3,versiegelt,0.334,0.334,0.333,0.333
26531527,gravel,grade3,versiegelt,0.334,0.334,0.333,0.333
26532248,fine_gravel,grade2,versiegelt,0.334,0.334,0.333,0.333
26570309,concrete,grade1,versiegelt,0.334,0.334,0.333,0.333
26570310,concrete,grade1,versiegelt,0.334,0.334,0.333,0.333
26570311,asphalt,grade1,versiegelt,0.334,0.334,0.333,0.333
26603611,asphalt,unknown,versiegelt,0.334,0.334,0.333,0.333
26603619,asphalt,unknown,versiegelt,0.334,0.334,0.333,0.333
26603629,asphalt,unknown,versiegelt,0.334,0.334,0.333,0.333
26622023,asphalt,grade1,versiegelt,0.334,0.334,0.333,0.333
26622024,compacted,grade3,versiegelt,0.334,0.334,0.333,0.333
26622025,asphalt,unknown,versiegelt,0.334,0.334,0.333,0.333
26622031,asphalt,grade1,versiegelt,0.334,0.334,0.333,0.333
26622032,gravel,grade3,versiegelt,0.334,0.334,0.333,0.333
26622033,asphalt,grade1,versiegelt,0.334,0.334,0.333,0.333
26622036,asphalt,unknown,versiegelt,0.334,0.334,0.333,0.333
26622037,asphalt,unknown,versiegelt,0.334,0.334,0.333,0.333
26622039,asphalt,grade1,versiegelt,0.334,0.334,0.333,0.333
26622040,asphalt,unknown,versiegelt,0.334,0.334,0.333,0.333
26622041,asphalt,grade1,versiegelt,0.334,0.334,0.333,0.333
26622046,asphalt,grade1,versiegelt,0.334,0.334,0.333,0.333
26622048,asphalt,grade1,versiegelt,0.334,0.334,0.333,0.333
26624669,asphalt,unknown,versiegelt,0.334,0.334,0.333,0.333
26624735,asphalt,unknown,versiegelt,0.334,0.334,0.333,0.333
26624754,asphalt,unknown,versiegelt,0.334,0.334,0.333,0.333
26624774,asphalt,unknown,versiegelt,0.334,0.334,0.333,0.333
26624844,asphalt,grade1,versiegelt,0.334,0.334,0.333,0.333
26647266,fine_gravel,grade3,versiegelt,0.334,0.334,0.333,0.333
26648627,asphalt,grade1,versiegelt,0.334,0.334,0.333,0.333
26648719,asphalt,grade1,versiegelt,0.334,0.334,0.333,0.333
26648930,asphalt,grade1,versiegelt,0.334,0.334,0.333,0.333
26648931,paved,grade1,versiegelt,0.334,0.334,0.333,0.333
26652278,asphalt,grade2,versiegelt,0.334,0.334,0.333,0.333
26652279,asphalt,unknown,versiegelt,0.334,0.334,0.333,0.333
26652583,asphalt,grade1,versiegelt,0.334,0.334,0.333,0.333
26652584,asphalt,unknown,versiegelt,0.334,0.334,0.333,0.333
26652586,asphalt,grade2,versiegelt,0.334,0.334,0.333,0.333
26664529,asphalt,unknown,versiegelt,0.334,0.334,0.333,0.333
26708260,gravel,grade2,versiegelt,0.334,0.334,0.333,0.333
26720994,concrete,grade1,versiegelt,0.334,0.334,0.333,0.333
26724223,asphalt,grade1,versiegelt,0.334,0.334,0.333,0.333
26724224,asphalt,grade1,versiegelt,0.334,0.334,0.333,0.333
26724225,gravel,grade2,versiegelt,0.334,0.334,0.333,0.333
26932903,asphalt,grade1,versiegelt,0.334,0.334,0.333,0.333
27008618,asphalt,grade1,versiegelt,0.334,0.334,0.333,0.333
27058299,gravel,grade2,versiegelt,0.334,0.334,0.333,0.333
27058300,asphalt,grade1,versiegelt,0.334,0.334,0.333,0.333
27058301,asphalt,grade1,versiegelt,0.334,0.334,0.333,0.333
27058302,asphalt,grade1,versiegelt,0.334,0.334,0.333,0.333
27058406,asphalt,grade1,versiegelt,0.334,0.334,0.333,0.333
27094701,asphalt,grade1,versiegelt,0.334,0.334,0.333,0.333
27094702,asphalt,grade1,versiegelt,0.334,0.334,0.333,0.333
27171380,compacted,unknown,versiegelt,0.334,0.334,0.333,0.333
27335616,asphalt,grade1,versiegelt,0.334,0.334,0.333,0.333
27364651,asphalt,grade3,versiegelt,0.334,0.334,0.333,0.333
27364674,paved,grade1,versiegelt,0.334,0.334,0.333,0.333
27366129,asphalt,unknown,versiegelt,0.334,0.334,0.333,0.333
27379065,paved,grade1,versiegelt,0.334,0.334,0.333,0.333
27379069,gravel,grade2,versiegelt,0.334,0.334,0.333,0.333
27488473,asphalt,grade1,versiegelt,0.334,0.334,0.333,0.333
27492831,gravel,unknown,versiegelt,0.334,0.334,0.333,0.333
27492832,asphalt,grade1,versiegelt,0.334,0.334,0.333,0.333
27493823,asphalt,grade1,versiegelt,0.334,0.334,0.333,0.333
27494315,gravel,grade2,versiegelt,0.334,0.334,0.333,0.333
27494417,asphalt,unknown,versiegelt,0.334,0.334,0.333,0.333
27514245,asphalt,unknown,versiegelt,0.334,0.334,0.333,0.333
27514246,asphalt,unknown,versiegelt,0.334,0.334,0.333,0.333
27540899,gravel,grade2,versiegelt,0.334,0.334,0.333,0.333
27540901,fine_gravel,grade2,versiegelt,0.334,0.334,0.333,0.333
27540902,fine_gravel,grade3,versiegelt,0.334,0.334,0.333,0.333
27540903,gravel,grade2,versiegelt,0.334,0.334,0.333,0.333
27540904,compacted,grade2,versiegelt,0.334,0.334,0.333,0.333
27540905,gravel,grade2,versiegelt,0.334,0.334,0.333,0.333
27836766,gravel,grade2,versiegelt,0.334,0.334,0.333,0.333
27836767,gravel,grade2,versiegelt,0.334,0.334,0.333,0.333
27836770,gravel,grade2,versiegelt,0.334,0.334,0.333,0.333
27836771,gravel,grade2,versiegelt,0.334,0.334,0.333,0.333
27836772,gravel,grade2,versiegelt,0.334,0.334,0.333,0.333
27836773,gravel,grade2,versiegelt,0.334,0.334,0.333,0.333
27836774,grass,grade5,versiegelt,0.334,0.334,0.333,0.333
27836776,grass,grade5,versiegelt,0.334,0.334,0.333,0.333
27836777,grass,grade5,versiegelt,0.334,0.334,0.333,0.333
27836778,gravel,grade4,versiegelt,0.334,0.334,0.333,0.333
27837183,fine_gravel,grade2,versiegelt,0.334,0.334,0.333,0.333
27837184,fine_gravel,grade3,versiegelt,0.334,0.334,0.333,0.333
27837185,fine_gravel,grade2,versiegelt,0.334,0.334,0.333,0.333
27837190,fine_gravel,grade3,versiegelt,0.334,0.334,0.333,0.333
27837191,fine_gravel,grade3,versiegelt,0.334,0.334,0.333,0.333
27837192,fine_gravel,grade3,versiegelt,0.334,0.334,0.333,0.333
27837193,fine_gravel,grade3,versiegelt,0.334,0.334,0.333,0.333
27837501,gravel,grade3,versiegelt,0.334,0.334,0.333,0.333
27837503,grass,grade5,versiegelt,0.334,0.334,0.333,0.333
27837504,fine_gravel,grade2,versiegelt,0.334,0.334,0.333,0.333
27837506,asphalt,unknown,versiegelt,0.334,0.334,0.333,0.333
27837729,gravel,grade4,versiegelt,0.334,0.334,0.333,0.333
27837730,asphalt,grade1,versiegelt,0.334,0.334,0.333,0.333
27837731,asphalt,grade1,versiegelt,0.334,0.334,0.333,0.333
27837733,asphalt,grade1,versiegelt,0.334,0.334,0.333,0.333
28047311,asphalt,unknown,versiegelt,0.334,0.334,0.333,0.333
28047312,asphalt,grade1,versiegelt,0.334,0.334,0.333,0.333
28047313,asphalt,unknown,versiegelt,0.334,0.334,0.333,0.333
28047319,asphalt,unknown,versiegelt,0.334,0.334,0.333,0.333
28047320,asphalt,unknown,versiegelt,0.334,0.334,0.333,0.333
28090214,asphalt,unknown,versiegelt,0.334,0.334,0.333,0.333
28126015,grass,grade5,versiegelt,0.334,0.334,0.333,0.333
28126087,asphalt,grade1,versiegelt,0.334,0.334,0.333,0.333
28126088,asphalt,grade1,versiegelt,0.334,0.334,0.333,0.333
28128035,asphalt,unknown,versiegelt,0.334,0.334,0.333,0.333
28128046,asphalt,unknown,versiegelt,0.334,0.334,0.333,0.333
28128047,grass,grade4,versiegelt,0.334,0.334,0.333,0.333
28128048,asphalt,grade1,versiegelt,0.334,0.334,0.333,0.333
28128049,asphalt,grade1,versiegelt,0.334,0.334,0.333,0.333
28128050,asphalt,grade1,versiegelt,0.334,0.334,0.333,0.333
28130958,asphalt,unknown,versiegelt,0.334,0.334,0.333,0.333
28149769,asphalt,unknown,versiegelt,0.334,0.334,0.333,0.333
28379075,asphalt,unknown,versiegelt,0.334,0.334,0.333,0.333
28428098,paved,grade1,versiegelt,0.334,0.334,0.333,0.333
28471472,asphalt,unknown,versiegelt,0.334,0.334,0.333,0.333
28471474,paved,grade1,versiegelt,0.334,0.334,0.333,0.333
28471475,paved,grade1,versiegelt,0.334,0.334,0.333,0.333
28471479,gravel,grade2,versiegelt,0.334,0.334,0.333,0.333
28471550,asphalt,unknown,versiegelt,0.334,0.334,0.333,0.333
28471551,paved,grade1,versiegelt,0.334,0.334,0.333,0.333
28484614,paved,unknown,versiegelt,0.334,0.334,0.333,0.333
28484618,asphalt,unknown,versiegelt,0.334,0.334,0.333,0.333
28484632,paved,grade1,versiegelt,0.334,0.334,0.333,0.333
28486307,asphalt,unknown,versiegelt,0.334,0.334,0.333,0.333
28486397,asphalt,unknown,versiegelt,0.334,0.334,0.333,0.333
28486399,asphalt,unknown,versiegelt,0.334,0.334,0.333,0.333
28635824,gravel,grade2,versiegelt,0.334,0.334,0.333,0.333
28635826,asphalt,grade1,versiegelt,0.334,0.334,0.333,0.333
28636771,compacted,grade2,versiegelt,0.334,0.334,0.333,0.333
28665691,compacted,grade2,versiegelt,0.334,0.334,0.333,0.333
28678788,gravel,grade2,versiegelt,0.334,0.334,0.333,0.333
28690715,gravel,grade2,versiegelt,0.334,0.334,0.333,0.333
28690820,asphalt,unknown,versiegelt,0.334,0.334,0.333,0.333
28690821,asphalt,unknown,versiegelt,0.334,0.334,0.333,0.333
28690879,asphalt,unknown,versiegelt,0.334,0.334,0.333,0.333
28690931,fine_gravel,grade2,versiegelt,0.334,0.334,0.333,0.333
28690954,asphalt,grade1,versiegelt,0.334,0.334,0.333,0.333
28690983,gravel,grade2,versiegelt,0.334,0.334,0.333,0.333
28691691,asphalt,grade1,versiegelt,0.334,0.334,0.333,0.333
28691866,asphalt,grade1,versiegelt,0.334,0.334,0.333,0.333
28887928,asphalt,unknown,versiegelt,0.334,0.334,0.333,0.333
28887929,asphalt,unknown,versiegelt,0.334,0.334,0.333,0.333
29247966,fine_gravel,grade4,versiegelt,0.334,0.334,0.333,0.333
29248472,gravel,grade3,versiegelt,0.334,0.334,0.333,0.333
29248477,gravel,grade2,versiegelt,0.334,0.334,0.333,0.333
29248480,asphalt,grade1,versiegelt,0.334,0.334,0.333,0.333
29319688,gravel,grade3,versiegelt,0.334,0.334,0.333,0.333
29579431,asphalt,grade1,versiegelt,0.334,0.334,0.333,0.333
29579435,fine_gravel,grade3,versiegelt,0.334,0.334,0.333,0.333
29581448,gravel,grade2,versiegelt,0.334,0.334,0.333,0.333
29581456,compacted,grade4,versiegelt,0.334,0.334,0.333,0.333
29586622,fine_gravel,grade4,versiegelt,0.334,0.334,0.333,0.333
29586631,fine_gravel,grade4,versiegelt,0.334,0.334,0.333,0.333
29586634,gravel,grade3,versiegelt,0.334,0.334,0.333,0.333
29586639,gravel,grade3,versiegelt,0.334,0.334,0.333,0.333
29588520,fine_gravel,grade2,versiegelt,0.334,0.334,0.333,0.333
29588529,grass,grade5,versiegelt,0.334,0.334,0.333,0.333
29589263,mud,grade3,versiegelt,0.334,0.334,0.333,0.333
29986897,asphalt,grade1,versiegelt,0.334,0.334,0.333,0.333
29986902,asphalt,grade1,versiegelt,0.334,0.334,0.333,0.333
29987051,asphalt,grade1,versiegelt,0.334,0.334,0.333,0.333
29987052,fine_gravel,grade2,versiegelt,0.334,0.334,0.333,0.333
29987053,asphalt,unknown,versiegelt,0.334,0.334,0.333,0.333
30195409,gravel,grade4,versiegelt,0.334,0.334,0.333,0.333
30443174,asphalt,unknown,versiegelt,0.334,0.334,0.333,0.333
30683804,asphalt,grade1,versiegelt,0.334,0.334,0.333,0.333
30688373,asphalt,grade1,versiegelt,0.334,0.334,0.333,0.333
30688374,asphalt,unknown,versiegelt,0.334,0.334,0.333,0.333
30726219,asphalt,unknown,versiegelt,0.334,0.334,0.333,0.333
30726236,asphalt,unknown,versiegelt,0.334,0.334,0.333,0.333
30729128,gravel,grade2,versiegelt,0.334,0.334,0.333,0.333
31052965,asphalt,unknown,versiegelt,0.334,0.334,0.333,0.333
31098196,asphalt,unknown,versiegelt,0.334,0.334,0.333,0.333
31102338,asphalt,unknown,versiegelt,0.334,0.334,0.333,0.333
31106969,asphalt,unknown,versiegelt,0.334,0.334,0.333,0.333
31107003,asphalt,unknown,versiegelt,0.334,0.334,0.333,0.333
31143947,asphalt,unknown,versiegelt,0.334,0.334,0.333,0.333
31316575,paved,unknown,versiegelt,0.334,0.334,0.333,0.333
31316698,asphalt,grade1,versiegelt,0.334,0.334,0.333,0.333
31318935,asphalt,unknown,versiegelt,0.334,0.334,0.333,0.333
31548701,asphalt,unknown,versiegelt,0.334,0.334,0.333,0.333
31652669,asphalt,unknown,versiegelt,0.334,0.334,0.333,0.333
31652863,asphalt,unknown,versiegelt,0.334,0.334,0.333,0.333
31653100,asphalt,grade1,versiegelt,0.334,0.334,0.333,0.333
31653126,fine_gravel,grade2,versiegelt,0.334,0.334,0.333,0.333
31653134,fine_gravel,grade2,versiegelt,0.334,0.334,0.333,0.333
31653311,asphalt,grade1,versiegelt,0.334,0.334,0.333,0.333
32143463,asphalt,unknown,versiegelt,0.334,0.334,0.333,0.333
32144820,asphalt,grade1,versiegelt,0.334,0.334,0.333,0.333
32144975,asphalt,grade1,versiegelt,0.334,0.334,0.333,0.333
32144976,asphalt,grade1,versiegelt,0.334,0.334,0.333,0.333
32145781,asphalt,grade1,versiegelt,0.334,0.334,0.333,0.333
32145788,grass,grade5,versiegelt,0.334,0.334,0.333,0.333
32145789,grass,grade5,versiegelt,0.334,0.334,0.333,0.333
32145791,gravel,grade3,versiegelt,0.334,0.334,0.333,0.333
32145793,asphalt,grade1,versiegelt,0.334,0.334,0.333,0.333
32145796,asphalt,grade1,versiegelt,0.334,0.334,0.333,0.333
32145801,asphalt,unknown,versiegelt,0.334,0.334,0.333,0.333
32146856,asphalt,grade1,versiegelt,0.334,0.334,0.333,0.333
32146857,grass,grade5,versiegelt,0.334,0.334,0.333,0.333
32146858,gravel,grade2,versiegelt,0.334,0.334,0.333,0.333
32146859,gravel,grade2,versiegelt,0.334,0.334,0.333,0.333
32146861,gravel,grade2,versiegelt,0.334,0.334,0.333,0.333
32147396,gravel,grade2,versiegelt,0.334,0.334,0.333,0.333
32147397,gravel,grade2,versiegelt,0.334,0.334,0.333,0.333
32147399,asphalt,grade1,versiegelt,0.334,0.334,0.333,0.333
32147400,gravel,grade2,versiegelt,0.334,0.334,0.333,0.333
32147409,asphalt,unknown,versiegelt,0.334,0.334,0.333,0.333
32147411,asphalt,grade1,versiegelt,0.334,0.334,0.333,0.333
32147412,compacted,grade2,versiegelt,0.334,0.334,0.333,0.333
32147413,gravel,grade2,versiegelt,0.334,0.334,0.333,0.333
32147414,grass,grade5,versiegelt,0.334,0.334,0.333,0.333
32147416,gravel,grade3,versiegelt,0.334,0.334,0.333,0.333
32147418,grass,grade4,versiegelt,0.334,0.334,0.333,0.333
32147419,grass,grade5,versiegelt,0.334,0.334,0.333,0.333
32147420,grass,grade5,versiegelt,0.334,0.334,0.333,0.333
32147421,grass,grade5,versiegelt,0.334,0.334,0.333,0.333
32147422,grass,grade5,versiegelt,0.334,0.334,0.333,0.333
32147423,grass,grade5,versiegelt,0.334,0.334,0.333,0.333
32147424,grass,grade5,versiegelt,0.334,0.334,0.333,0.333
32148559,asphalt,grade1,versiegelt,0.334,0.334,0.333,0.333
32148572,gravel,grade3,versiegelt,0.334,0.334,0.333,0.333
32148706,asphalt,unknown,versiegelt,0.334,0.334,0.333,0.333
32148711,asphalt,unknown,versiegelt,0.334,0.334,0.333,0.333
32148713,asphalt,unknown,versiegelt,0.334,0.334,0.333,0.333
32148763,gravel,grade2,versiegelt,0.334,0.334,0.333,0.333
32148987,gravel,grade2,versiegelt,0.334,0.334,0.333,0.333
32149016,asphalt,grade1,versiegelt,0.334,0.334,0.333,0.333
32149337,gravel,grade2,versiegelt,0.334,0.334,0.333,0.333
32149342,gravel,grade2,versiegelt,0.334,0.334,0.333,0.333
32205427,grass,grade5,versiegelt,0.334,0.334,0.333,0.333
32209000,gravel,grade2,versiegelt,0.334,0.334,0.333,0.333
32209004,asphalt,unknown,versiegelt,0.334,0.334,0.333,0.333
32209193,asphalt,unknown,versiegelt,0.334,0.334,0.333,0.333
32209198,asphalt,grade1,versiegelt,0.334,0.334,0.333,0.333
32209287,asphalt,unknown,versiegelt,0.334,0.334,0.333,0.333
32397966,asphalt,grade1,versiegelt,0.334,0.334,0.333,0.333
32397967,asphalt,grade1,versiegelt,0.334,0.334,0.333,0.333
32397969,asphalt,unknown,versiegelt,0.334,0.334,0.333,0.333
32397981,asphalt,unknown,versiegelt,0.334,0.334,0.333,0.333
32397987,asphalt,grade1,versiegelt,0.334,0.334,0.333,0.333
32397989,gravel,grade2,versiegelt,0.334,0.334,0.333,0.333
32399765,fine_gravel,grade2,versiegelt,0.334,0.334,0.333,0.333
32399771,asphalt,grade1,versiegelt,0.334,0.334,0.333,0.333
32399780,asphalt,grade1,versiegelt,0.334,0.334,0.333,0.333
32399782,asphalt,unknown,versiegelt,0.334,0.334,0.333,0.333
32399783,asphalt,unknown,versiegelt,0.334,0.334,0.333,0.333
32399786,asphalt,unknown,versiegelt,0.334,0.334,0.333,0.333
32399789,asphalt,grade1,versiegelt,0.334,0.334,0.333,0.333
32399790,grass,grade5,versiegelt,0.334,0.334,0.333,0.333
32399798,asphalt,unknown,versiegelt,0.334,0.334,0.333,0.333
32399799,asphalt,grade1,versiegelt,0.334,0.334,0.333,0.333
32399800,gravel,unknown,versiegelt,0.334,0.334,0.333,0.333
32399805,asphalt,unknown,versiegelt,0.334,0.334,0.333,0.333
32399812,asphalt,grade1,versiegelt,0.334,0.334,0.333,0.333
32399816,grass,grade5,versiegelt,0.334,0.334,0.333,0.333
32402356,asphalt,grade1,versiegelt,0.334,0.334,0.333,0.333
32402357,paved,grade1,versiegelt,0.334,0.334,0.333,0.333
32402358,asphalt,unknown,versiegelt,0.334,0.334,0.333,0.333
32402359,asphalt,grade1,versiegelt,0.334,0.334,0.333,0.333
32402360,asphalt,grade1,versiegelt,0.334,0.334,0.333,0.333
32402367,compacted,grade2,versiegelt,0.334,0.334,0.333,0.333
32403224,asphalt,grade1,versiegelt,0.334,0.334,0.333,0.333
32403231,asphalt,grade1,versiegelt,0.334,0.334,0.333,0.333
32403255,asphalt,grade1,versiegelt,0.334,0.334,0.333,0.333
32403333,asphalt,unknown,versiegelt,0.334,0.334,0.333,0.333
32403678,asphalt,unknown,versiegelt,0.334,0.334,0.333,0.333
32403737,asphalt,unknown,versiegelt,0.334,0.334,0.333,0.333
32403832,asphalt,grade1,versiegelt,0.334,0.334,0.333,0.333
32403874,asphalt,grade1,versiegelt,0.334,0.334,0.333,0.333
32403889,asphalt,unknown,versiegelt,0.334,0.334,0.333,0.333
32403977,asphalt,grade1,versiegelt,0.334,0.334,0.333,0.333
32404200,asphalt,unknown,versiegelt,0.334,0.334,0.333,0.333
32404203,fine_gravel,grade2,versiegelt,0.334,0.334,0.333,0.333
32404335,asphalt,grade1,versiegelt,0.334,0.334,0.333,0.333
32429897,asphalt,unknown,versiegelt,0.334,0.334,0.333,0.333
32429982,asphalt,unknown,versiegelt,0.334,0.334,0.333,0.333
32430013,asphalt,unknown,versiegelt,0.334,0.334,0.333,0.333
32430042,asphalt,grade1,versiegelt,0.334,0.334,0.333,0.333
32430112,asphalt,unknown,versiegelt,0.334,0.334,0.333,0.333
32430131,asphalt,unknown,versiegelt,0.334,0.334,0.333,0.333
32430168,gravel,grade2,versiegelt,0.334,0.334,0.333,0.333
32433670,gravel,grade2,versiegelt,0.334,0.334,0.333,0.333
32434079,asphalt,grade1,versiegelt,0.334,0.334,0.333,0.333
32434430,asphalt,grade1,versiegelt,0.334,0.334,0.333,0.333
33174009,asphalt,grade1,versiegelt,0.334,0.334,0.333,0.333
33174107,asphalt,grade1,versiegelt,0.334,0.334,0.333,0.333
33174277,fine_gravel,grade2,versiegelt,0.334,0.334,0.333,0.333
33174284,gravel,grade3,versiegelt,0.334,0.334,0.333,0.333
33174294,gravel,grade2,versiegelt,0.334,0.334,0.333,0.333
33174311,gravel,grade2,versiegelt,0.334,0.334,0.333,0.333
33174346,gravel,grade2,versiegelt,0.334,0.334,0.333,0.333
33174354,gravel,grade2,versiegelt,0.334,0.334,0.333,0.333
33176481,gravel,grade2,versiegelt,0.334,0.334,0.333,0.333
33176599,gravel,grade2,versiegelt,0.334,0.334,0.333,0.333
33176659,gravel,grade2,versiegelt,0.334,0.334,0.333,0.333
33176678,gravel,grade2,versiegelt,0.334,0.334,0.333,0.333
33176689,gravel,grade2,versiegelt,0.334,0.334,0.333,0.333
33176698,gravel,grade2,versiegelt,0.334,0.334,0.333,0.333
33176757,asphalt,unknown,versiegelt,0.334,0.334,0.333,0.333
33176770,gravel,grade2,versiegelt,0.334,0.334,0.333,0.333
33176828,gravel,grade2,versiegelt,0.334,0.334,0.333,0.333
33176858,gravel,grade3,versiegelt,0.334,0.334,0.333,0.333
33176872,dirt,grade3,versiegelt,0.334,0.334,0.333,0.333
33176899,gravel,grade3,versiegelt,0.334,0.334,0.333,0.333
33176956,gravel,grade2,versiegelt,0.334,0.334,0.333,0.333
33177065,compacted,grade2,versiegelt,0.334,0.334,0.333,0.333
33178995,asphalt,grade1,versiegelt,0.334,0.334,0.333,0.333
33179160,dirt,grade2,versiegelt,0.334,0.334,0.333,0.333
33278830,fine_gravel,grade2,versiegelt,0.334,0.334,0.333,0.333
33278836,fine_gravel,grade2,versiegelt,0.334,0.334,0.333,0.333
33279496,gravel,grade3,versiegelt,0.334,0.334,0.333,0.333
33283565,asphalt,grade1,versiegelt,0.334,0.334,0.333,0.333
33306548,grass,grade5,versiegelt,0.334,0.334,0.333,0.333
33308029,fine_gravel,grade3,versiegelt,0.334,0.334,0.333,0.333
33338700,asphalt,unknown,versiegelt,0.334,0.334,0.333,0.333
33383229,asphalt,unknown,versiegelt,0.334,0.334,0.333,0.333
33383233,asphalt,unknown,versiegelt,0.334,0.334,0.333,0.333
33459297,compacted,grade3,versiegelt,0.334,0.334,0.333,0.333
33463392,grass,grade4,versiegelt,0.334,0.334,0.333,0.333
33463667,compacted,grade2,versiegelt,0.334,0.334,0.333,0.333
33502579,compacted,grade3,versiegelt,0.334,0.334,0.333,0.333
33502643,dirt,unknown,versiegelt,0.334,0.334,0.333,0.333
33502674,dirt,grade5,versiegelt,0.334,0.334,0.333,0.333
33502758,compacted,grade3,versiegelt,0.334,0.334,0.333,0.333
33502773,dirt,unknown,versiegelt,0.334,0.334,0.333,0.333
33502775,asphalt,grade1,versiegelt,0.334,0.334,0.333,0.333
33502792,dirt,unknown,versiegelt,0.334,0.334,0.333,0.333
33505905,compacted,grade3,versiegelt,0.334,0.334,0.333,0.333
33510717,compacted,grade2,versiegelt,0.334,0.334,0.333,0.333
33510721,compacted,grade2,versiegelt,0.334,0.334,0.333,0.333
33510722,asphalt,grade1,versiegelt,0.334,0.334,0.333,0.333
33510865,compacted,unknown,versiegelt,0.334,0.334,0.333,0.333
33511059,compacted,grade2,versiegelt,0.334,0.334,0.333,0.333
33511080,gravel,grade2,versiegelt,0.334,0.334,0.333,0.333
33562397,asphalt,unknown,versiegelt,0.334,0.334,0.333,0.333
33617517,dirt,unknown,versiegelt,0.334,0.334,0.333,0.333
33618738,fine_gravel,grade3,versiegelt,0.334,0.334,0.333,0.333
33630409,compacted,grade3,versiegelt,0.334,0.334,0.333,0.333
33630410,dirt,unknown,versiegelt,0.334,0.334,0.333,0.333
33630429,dirt,unknown,versiegelt,0.334,0.334,0.333,0.333
33630868,gravel,grade2,versiegelt,0.334,0.334,0.333,0.333
33630869,gravel,grade2,versiegelt,0.334,0.334,0.333,0.333
33630900,grass,grade5,versiegelt,0.334,0.334,0.333,0.333
33636652,dirt,unknown,versiegelt,0.334,0.334,0.333,0.333
33636720,dirt,unknown,versiegelt,0.334,0.334,0.333,0.333
33637334,compacted,grade2,versiegelt,0.334,0.334,0.333,0.333
33637922,compacted,grade3,versiegelt,0.334,0.334,0.333,0.333
33637944,paved,grade3,versiegelt,0.334,0.334,0.333,0.333
33742065,compacted,grade2,versiegelt,0.334,0.334,0.333,0.333
33743185,paved,grade1,versiegelt,0.334,0.334,0.333,0.333
33769826,dirt,unknown,versiegelt,0.334,0.334,0.333,0.333
33770544,gravel,grade2,versiegelt,0.334,0.334,0.333,0.333
33770608,gravel,grade2,versiegelt,0.334,0.334,0.333,0.333
33770658,gravel,grade2,versiegelt,0.334,0.334,0.333,0.333
33770699,gravel,grade2,versiegelt,0.334,0.334,0.333,0.333
33770781,gravel,grade2,versiegelt,0.334,0.334,0.333,0.333
33770915,dirt,grade3,versiegelt,0.334,0.334,0.333,0.333
33847455,gravel,unknown,versiegelt,0.334,0.334,0.333,0.333
33888919,gravel,grade2,versiegelt,0.334,0.334,0.333,0.333
33888920,gravel,grade2,versiegelt,0.334,0.334,0.333,0.333
34132143,fine_gravel,grade2,versiegelt,0.334,0.334,0.333,0.333
34158253,fine_gravel,grade2,versiegelt,0.334,0.334,0.333,0.333
34231504,fine_gravel,grade2,versiegelt,0.334,0.334,0.333,0.333
34231508,gravel,grade2,versiegelt,0.334,0.334,0.333,0.333
34231521,gravel,grade2,versiegelt,0.334,0.334,0.333,0.333
34239621,gravel,grade2,versiegelt,0.334,0.334,0.333,0.333
34243194,fine_gravel,grade3,versiegelt,0.334,0.334,0.333,0.333
34243257,asphalt,unknown,versiegelt,0.334,0.334,0.333,0.333
34322891,asphalt,unknown,versiegelt,0.334,0.334,0.333,0.333
34418257,paved,unknown,versiegelt,0.334,0.334,0.333,0.333
34418263,paved,unknown,versiegelt,0.334,0.334,0.333,0.333
34418266,asphalt,unknown,versiegelt,0.334,0.334,0.333,0.333
34418287,asphalt,grade1,versiegelt,0.334,0.334,0.333,0.333
34505486,asphalt,grade1,versiegelt,0.334,0.334,0.333,0.333
34505487,asphalt,grade1,versiegelt,0.334,0.334,0.333,0.333
34508951,asphalt,grade1,versiegelt,0.334,0.334,0.333,0.333
34508953,gravel,grade3,versiegelt,0.334,0.334,0.333,0.333
34508954,compacted,grade2,versiegelt,0.334,0.334,0.333,0.333
34508957,asphalt,unknown,versiegelt,0.334,0.334,0.333,0.333
34508960,gravel,grade2,versiegelt,0.334,0.334,0.333,0.333
34510888,asphalt,unknown,versiegelt,0.334,0.334,0.333,0.333
34510889,asphalt,unknown,versiegelt,0.334,0.334,0.333,0.333
34510890,asphalt,unknown,versiegelt,0.334,0.334,0.333,0.333
34510891,asphalt,unknown,versiegelt,0.334,0.334,0.333,0.333
34510900,asphalt,grade1,versiegelt,0.334,0.334,0.333,0.333
34510925,asphalt,grade1,versiegelt,0.334,0.334,0.333,0.333
34586288,asphalt,grade2,versiegelt,0.334,0.334,0.333,0.333
34606648,asphalt,grade1,versiegelt,0.334,0.334,0.333,0.333
34606659,gravel,grade3,versiegelt,0.334,0.334,0.333,0.333
34606679,asphalt,grade1,versiegelt,0.334,0.334,0.333,0.333
34606703,fine_gravel,unknown,versiegelt,0.334,0.334,0.333,0.333
34622614,gravel,grade2,versiegelt,0.334,0.334,0.333,0.333
34622626,asphalt,grade1,versiegelt,0.334,0.334,0.333,0.333
34622637,asphalt,unknown,versiegelt,0.334,0.334,0.333,0.333
34622639,gravel,grade2,versiegelt,0.334,0.334,0.333,0.333
34622640,asphalt,unknown,versiegelt,0.334,0.334,0.333,0.333
34622649,asphalt,unknown,versiegelt,0.334,0.334,0.333,0.333
34967118,asphalt,unknown,versiegelt,0.334,0.334,0.333,0.333
34967237,asphalt,grade1,versiegelt,0.334,0.334,0.333,0.333
34967654,asphalt,grade1,versiegelt,0.334,0.334,0.333,0.333
34967655,asphalt,grade1,versiegelt,0.334,0.334,0.333,0.333
34967656,gravel,grade3,versiegelt,0.334,0.334,0.333,0.333
34967658,asphalt,grade1,versiegelt,0.334,0.334,0.333,0.333
34967661,grass,grade5,versiegelt,0.334,0.334,0.333,0.333
34990224,fine_gravel,grade2,versiegelt,0.334,0.334,0.333,0.333
35028038,asphalt,grade1,versiegelt,0.334,0.334,0.333,0.333
35038450,gravel,grade2,versiegelt,0.334,0.334,0.333,0.333
35038452,asphalt,grade1,versiegelt,0.334,0.334,0.333,0.333
35038454,asphalt,grade1,versiegelt,0.334,0.334,0.333,0.333
35038455,asphalt,grade1,versiegelt,0.334,0.334,0.333,0.333
35038462,asphalt,unknown,versiegelt,0.334,0.334,0.333,0.333
35038470,asphalt,unknown,versiegelt,0.334,0.334,0.333,0.333
35038474,gravel,unknown,versiegelt,0.334,0.334,0.333,0.333
35038478,gravel,grade2,versiegelt,0.334,0.334,0.333,0.333
35038487,asphalt,unknown,versiegelt,0.334,0.334,0.333,0.333
35038494,gravel,unknown,versiegelt,0.334,0.334,0.333,0.333
35038503,asphalt,grade1,versiegelt,0.334,0.334,0.333,0.333
35038513,asphalt,grade1,versiegelt,0.334,0.334,0.333,0.333
35038514,asphalt,grade1,versiegelt,0.334,0.334,0.333,0.333
35038516,asphalt,unknown,versiegelt,0.334,0.334,0.333,0.333
35051596,asphalt,unknown,versiegelt,0.334,0.334,0.333,0.333
35066050,grass,grade4,versiegelt,0.334,0.334,0.333,0.333
35326740,grass,grade5,versiegelt,0.334,0.334,0.333,0.333
35326888,gravel,grade3,versiegelt,0.334,0.334,0.333,0.333
35328600,grass,grade5,versiegelt,0.334,0.334,0.333,0.333
35330889,asphalt,grade1,versiegelt,0.334,0.334,0.333,0.333
35330891,gravel,grade4,versiegelt,0.334,0.334,0.333,0.333
35330893,grass,grade5,versiegelt,0.334,0.334,0.333,0.333
35331950,asphalt,grade1,versiegelt,0.334,0.334,0.333,0.333
35331952,gravel,grade3,versiegelt,0.334,0.334,0.333,0.333
35331954,asphalt,grade1,versiegelt,0.334,0.334,0.333,0.333
35331955,gravel,grade2,versiegelt,0.334,0.334,0.333,0.333
35331957,asphalt,grade1,versiegelt,0.334,0.334,0.333,0.333
35332948,grass,grade5,versiegelt,0.334,0.334,0.333,0.333
35332950,grass,grade5,versiegelt,0.334,0.334,0.333,0.333
35332956,grass,grade5,versiegelt,0.334,0.334,0.333,0.333
35332959,grass,grade5,versiegelt,0.334,0.334,0.333,0.333
35332962,grass,grade5,versiegelt,0.334,0.334,0.333,0.333
35332967,asphalt,grade1,versiegelt,0.334,0.334,0.333,0.333
35471408,asphalt,unknown,versiegelt,0.334,0.334,0.333,0.333
35471416,asphalt,unknown,versiegelt,0.334,0.334,0.333,0.333
35471442,asphalt,unknown,versiegelt,0.334,0.334,0.333,0.333
35480797,asphalt,unknown,versiegelt,0.334,0.334,0.333,0.333
35480798,asphalt,unknown,versiegelt,0.334,0.334,0.333,0.333
35558206,paved,unknown,versiegelt,0.334,0.334,0.333,0.333
35558207,paved,unknown,versiegelt,0.334,0.334,0.333,0.333
35558209,asphalt,unknown,versiegelt,0.334,0.334,0.333,0.333
35558210,asphalt,unknown,versiegelt,0.334,0.334,0.333,0.333
35838666,asphalt,grade1,versiegelt,0.334,0.334,0.333,0.333
35849064,paved,unknown,versiegelt,0.334,0.334,0.333,0.333
35899038,asphalt,unknown,versiegelt,0.334,0.334,0.333,0.333
35899039,asphalt,unknown,versiegelt,0.334,0.334,0.333,0.333
35899181,asphalt,grade1,versiegelt,0.334,0.334,0.333,0.333
35899209,gravel,grade2,versiegelt,0.334,0.334,0.333,0.333
35899244,gravel,grade2,versiegelt,0.334,0.334,0.333,0.333
35899332,asphalt,unknown,versiegelt,0.334,0.334,0.333,0.333
35917278,asphalt,unknown,versiegelt,0.334,0.334,0.333,0.333
35917279,asphalt,unknown,versiegelt,0.334,0.334,0.333,0.333
35917280,gravel,grade2,versiegelt,0.334,0.334,0.333,0.333
35917285,compacted,grade3,versiegelt,0.334,0.334,0.333,0.333
35917287,fine_gravel,grade2,versiegelt,0.334,0.334,0.333,0.333
35917288,gravel,grade2,versiegelt,0.334,0.334,0.333,0.333
35917291,compacted,grade3,versiegelt,0.334,0.334,0.333,0.333
35918740,compacted,grade5,versiegelt,0.334,0.334,0.333,0.333
35918746,gravel,grade2,versiegelt,0.334,0.334,0.333,0.333
35918747,asphalt,unknown,versiegelt,0.334,0.334,0.333,0.333
35918748,grass,grade5,versiegelt,0.334,0.334,0.333,0.333
35918749,asphalt,grade1,versiegelt,0.334,0.334,0.333,0.333
35918750,asphalt,grade1,versiegelt,0.334,0.334,0.333,0.333
35918766,asphalt,unknown,versiegelt,0.334,0.334,0.333,0.333
35918767,gravel,unknown,versiegelt,0.334,0.334,0.333,0.333
35937295,asphalt,grade1,versiegelt,0.334,0.334,0.333,0.333
36954677,gravel,grade2,versiegelt,0.334,0.334,0.333,0.333
36954678,gravel,grade2,versiegelt,0.334,0.334,0.333,0.333
36954679,grass,grade5,versiegelt,0.334,0.334,0.333,0.333
36954698,gravel,grade4,versiegelt,0.334,0.334,0.333,0.333
36954699,gravel,unknown,versiegelt,0.334,0.334,0.333,0.333
37101993,asphalt,grade1,versiegelt,0.334,0.334,0.333,0.333
37102054,compacted,grade2,versiegelt,0.334,0.334,0.333,0.333
37102055,fine_gravel,grade2,versiegelt,0.334,0.334,0.333,0.333
37102056,gravel,grade2,versiegelt,0.334,0.334,0.333,0.333
37102189,asphalt,grade1,versiegelt,0.334,0.334,0.333,0.333
37277999,grass,grade5,versiegelt,0.334,0.334,0.333,0.333
37278000,grass,grade5,versiegelt,0.334,0.334,0.333,0.333
37278001,asphalt,unknown,versiegelt,0.334,0.334,0.333,0.333
37278003,asphalt,grade1,versiegelt,0.334,0.334,0.333,0.333
37278004,dirt,grade2,versiegelt,0.334,0.334,0.333,0.333
37278006,paved,grade2,versiegelt,0.334,0.334,0.333,0.333
37278008,asphalt,grade1,versiegelt,0.334,0.334,0.333,0.333
37278009,asphalt,grade1,versiegelt,0.334,0.334,0.333,0.333
37292824,asphalt,grade1,versiegelt,0.334,0.334,0.333,0.333
37295699,asphalt,grade1,versiegelt,0.334,0.334,0.333,0.333
37295700,gravel,grade2,versiegelt,0.334,0.334,0.333,0.333
37296811,asphalt,unknown,versiegelt,0.334,0.334,0.333,0.333
37296812,gravel,grade2,versiegelt,0.334,0.334,0.333,0.333
37296813,asphalt,grade1,versiegelt,0.334,0.334,0.333,0.333
37296818,gravel,grade2,versiegelt,0.334,0.334,0.333,0.333
37296941,asphalt,grade1,versiegelt,0.334,0.334,0.333,0.333
37299109,grass,grade5,versiegelt,0.334,0.334,0.333,0.333
37299113,asphalt,unknown,versiegelt,0.334,0.334,0.333,0.333
37300038,asphalt,unknown,versiegelt,0.334,0.334,0.333,0.333
37300039,asphalt,unknown,versiegelt,0.334,0.334,0.333,0.333
37300041,asphalt,grade1,versiegelt,0.334,0.334,0.333,0.333
37300046,gravel,grade2,versiegelt,0.334,0.334,0.333,0.333
37300051,gravel,grade2,versiegelt,0.334,0.334,0.333,0.333
37641795,fine_gravel,grade2,versiegelt,0.334,0.334,0.333,0.333
37641796,gravel,grade2,versiegelt,0.334,0.334,0.333,0.333
37641797,fine_gravel,grade3,versiegelt,0.334,0.334,0.333,0.333
37641803,gravel,grade2,versiegelt,0.334,0.334,0.333,0.333
37641805,gravel,grade2,versiegelt,0.334,0.334,0.333,0.333
37766820,asphalt,unknown,versiegelt,0.334,0.334,0.333,0.333
37773139,compacted,grade2,versiegelt,0.334,0.334,0.333,0.333
37773140,asphalt,unknown,versiegelt,0.334,0.334,0.333,0.333
37797820,paved,grade1,versiegelt,0.334,0.334,0.333,0.333
37797828,paved,grade1,versiegelt,0.334,0.334,0.333,0.333
37831557,asphalt,unknown,versiegelt,0.334,0.334,0.333,0.333
37831567,paved,grade1,versiegelt,0.334,0.334,0.333,0.333
38059642,concrete,grade1,versiegelt,0.334,0.334,0.333,0.333
38059645,asphalt,grade1,versiegelt,0.334,0.334,0.333,0.333
38059646,asphalt,grade1,versiegelt,0.334,0.334,0.333,0.333
38059647,asphalt,grade1,versiegelt,0.334,0.334,0.333,0.333
38059653,fine_gravel,grade2,versiegelt,0.334,0.334,0.333,0.333
38059696,grass,unknown,versiegelt,0.334,0.334,0.333,0.333
38059698,asphalt,grade1,versiegelt,0.334,0.334,0.333,0.333
38059699,asphalt,grade1,versiegelt,0.334,0.334,0.333,0.333
38059700,asphalt,grade1,versiegelt,0.334,0.334,0.333,0.333
38069205,asphalt,grade1,versiegelt,0.334,0.334,0.333,0.333
38069207,grass,grade5,versiegelt,0.334,0.334,0.333,0.333
38069208,grass,grade5,versiegelt,0.334,0.334,0.333,0.333
38069457,grass,grade5,versiegelt,0.334,0.334,0.333,0.333
38069458,grass,grade5,versiegelt,0.334,0.334,0.333,0.333
38069459,grass,grade5,versiegelt,0.334,0.334,0.333,0.333
38069460,grass,grade5,versiegelt,0.334,0.334,0.333,0.333
38069461,grass,grade5,versiegelt,0.334,0.334,0.333,0.333
38069462,grass,grade5,versiegelt,0.334,0.334,0.333,0.333
38069464,concrete,grade1,versiegelt,0.334,0.334,0.333,0.333
38069466,grass,grade5,versiegelt,0.334,0.334,0.333,0.333
38069467,grass,grade5,versiegelt,0.334,0.334,0.333,0.333
38069468,grass,grade5,versiegelt,0.334,0.334,0.333,0.333
38069469,grass,grade5,versiegelt,0.334,0.334,0.333,0.333
38070271,grass,grade5,versiegelt,0.334,0.334,0.333,0.333
38070305,grass,grade5,versiegelt,0.334,0.334,0.333,0.333
38075038,asphalt,grade1,versiegelt,0.334,0.334,0.333,0.333
38075039,asphalt,grade1,versiegelt,0.334,0.334,0.333,0.333
38085258,asphalt,unknown,versiegelt,0.334,0.334,0.333,0.333
38085324,grass,grade5,versiegelt,0.334,0.334,0.333,0.333
38089893,grass,grade4,versiegelt,0.334,0.334,0.333,0.333
38120443,asphalt,grade1,versiegelt,0.334,0.334,0.333,0.333
38120444,gravel,grade2,versiegelt,0.334,0.334,0.333,0.333
38120446,fine_gravel,grade3,versiegelt,0.334,0.334,0.333,0.333
38120447,gravel,grade3,versiegelt,0.334,0.334,0.333,0.333
38428289,concrete,grade1,versiegelt,0.334,0.334,0.333,0.333
38524351,asphalt,grade1,versiegelt,0.334,0.334,0.333,0.333
38537775,asphalt,grade1,versiegelt,0.334,0.334,0.333,0.333
38537776,paved,grade2,versiegelt,0.334,0.334,0.333,0.333
38543815,paved,unknown,versiegelt,0.334,0.334,0.333,0.333
38545198,compacted,grade3,versiegelt,0.334,0.334,0.333,0.333
38765675,asphalt,grade1,versiegelt,0.334,0.334,0.333,0.333
38765679,grass,grade5,versiegelt,0.334,0.334,0.333,0.333
38966242,compacted,grade2,versiegelt,0.334,0.334,0.333,0.333
38968368,compacted,grade3,versiegelt,0.334,0.334,0.333,0.333
39021953,asphalt,unknown,versiegelt,0.334,0.334,0.333,0.333
39021954,asphalt,unknown,versiegelt,0.334,0.334,0.333,0.333
39034892,asphalt,unknown,versiegelt,0.334,0.334,0.333,0.333
39088049,fine_gravel,grade2,versiegelt,0.334,0.334,0.333,0.333
39088131,asphalt,unknown,versiegelt,0.334,0.334,0.333,0.333
39088225,fine_gravel,grade2,versiegelt,0.334,0.334,0.333,0.333
39184423,grass,grade4,versiegelt,0.334,0.334,0.333,0.333
39184426,grass,grade4,versiegelt,0.334,0.334,0.333,0.333
39186869,compacted,grade4,versiegelt,0.334,0.334,0.333,0.333
39187089,paved,grade1,versiegelt,0.334,0.334,0.333,0.333
39187145,asphalt,grade1,versiegelt,0.334,0.334,0.333,0.333
39425294,compacted,grade2,versiegelt,0.334,0.334,0.333,0.333
39425295,gravel,grade2,versiegelt,0.334,0.334,0.333,0.333
39428134,asphalt,grade1,versiegelt,0.334,0.334,0.333,0.333
39429154,compacted,unknown,versiegelt,0.334,0.334,0.333,0.333
39429278,gravel,unknown,versiegelt,0.334,0.334,0.333,0.333
39438800,asphalt,grade1,versiegelt,0.334,0.334,0.333,0.333
39815712,asphalt,unknown,versiegelt,0.334,0.334,0.333,0.333
40526853,asphalt,unknown,versiegelt,0.334,0.334,0.333,0.333
40526854,asphalt,unknown,versiegelt,0.334,0.334,0.333,0.333
40526855,asphalt,unknown,versiegelt,0.334,0.334,0.333,0.333
40526857,asphalt,unknown,versiegelt,0.334,0.334,0.333,0.333
40526858,asphalt,grade1,versiegelt,0.334,0.334,0.333,0.333
40526859,asphalt,grade1,versiegelt,0.334,0.334,0.333,0.333
40526860,grass,grade5,versiegelt,0.334,0.334,0.333,0.333
40526870,grass,grade5,versiegelt,0.334,0.334,0.333,0.333
40526871,grass,grade5,versiegelt,0.334,0.334,0.333,0.333
40526873,grass,grade5,versiegelt,0.334,0.334,0.333,0.333
40526874,grass,grade5,versiegelt,0.334,0.334,0.333,0.333
40526881,asphalt,grade1,versiegelt,0.334,0.334,0.333,0.333
40526882,grass,grade5,versiegelt,0.334,0.334,0.333,0.333
40526888,gravel,grade3,versiegelt,0.334,0.334,0.333,0.333
40527819,asphalt,grade1,versiegelt,0.334,0.334,0.333,0.333
40527822,grass,grade5,versiegelt,0.334,0.334,0.333,0.333
40527823,grass,grade5,versiegelt,0.334,0.334,0.333,0.333
40527824,grass,grade5,versiegelt,0.334,0.334,0.333,0.333
40527827,concrete,grade1,versiegelt,0.334,0.334,0.333,0.333
40527829,grass,grade5,versiegelt,0.334,0.334,0.333,0.333
40527830,grass,grade5,versiegelt,0.334,0.334,0.333,0.333
40527831,grass,grade5,versiegelt,0.334,0.334,0.333,0.333
40527834,grass,grade5,versiegelt,0.334,0.334,0.333,0.333
40527836,grass,grade5,versiegelt,0.334,0.334,0.333,0.333
40582783,asphalt,grade1,versiegelt,0.334,0.334,0.333,0.333
40585500,asphalt,grade1,versiegelt,0.334,0.334,0.333,0.333
40585501,asphalt,grade1,versiegelt,0.334,0.334,0.333,0.333
40585502,asphalt,grade1,versiegelt,0.334,0.334,0.333,0.333
40585503,gravel,grade2,versiegelt,0.334,0.334,0.333,0.333
40653740,asphalt,grade1,versiegelt,0.334,0.334,0.333,0.333
40653741,gravel,grade2,versiegelt,0.334,0.334,0.333,0.333
40653742,grass,grade5,versiegelt,0.334,0.334,0.333,0.333
40671486,grass,grade5,versiegelt,0.334,0.334,0.333,0.333
40671487,gravel,grade2,versiegelt,0.334,0.334,0.333,0.333
40671608,gravel,grade2,versiegelt,0.334,0.334,0.333,0.333
40704028,grass,grade5,versiegelt,0.334,0.334,0.333,0.333
40704033,asphalt,grade1,versiegelt,0.334,0.334,0.333,0.333
40704598,gravel,grade2,versiegelt,0.334,0.334,0.333,0.333
40704599,asphalt,grade1,versiegelt,0.334,0.334,0.333,0.333
40704600,gravel,grade4,versiegelt,0.334,0.334,0.333,0.333
40704603,grass,grade5,versiegelt,0.334,0.334,0.333,0.333
40704605,fine_gravel,grade2,versiegelt,0.334,0.334,0.333,0.333
40705343,gravel,grade2,versiegelt,0.334,0.334,0.333,0.333
40705344,asphalt,grade1,versiegelt,0.334,0.334,0.333,0.333
40705345,gravel,grade2,versiegelt,0.334,0.334,0.333,0.333
40705346,compacted,grade2,versiegelt,0.334,0.334,0.333,0.333
40705348,asphalt,grade1,versiegelt,0.334,0.334,0.333,0.333
40706980,gravel,grade2,versiegelt,0.334,0.334,0.333,0.333
40706982,asphalt,grade1,versiegelt,0.334,0.334,0.333,0.333
40706983,asphalt,grade1,versiegelt,0.334,0.334,0.333,0.333
40706984,grass,grade5,versiegelt,0.334,0.334,0.333,0.333
40706986,gravel,grade2,versiegelt,0.334,0.334,0.333,0.333
40706987,gravel,grade2,versiegelt,0.334,0.334,0.333,0.333
40706998,compacted,grade3,versiegelt,0.334,0.334,0.333,0.333
40707004,concrete,grade1,versiegelt,0.334,0.334,0.333,0.333
40707005,concrete,grade1,versiegelt,0.334,0.334,0.333,0.333
40707006,gravel,grade2,versiegelt,0.334,0.334,0.333,0.333
40707197,asphalt,grade1,versiegelt,0.334,0.334,0.333,0.333
40707198,gravel,grade2,versiegelt,0.334,0.334,0.333,0.333
40707199,asphalt,unknown,versiegelt,0.334,0.334,0.333,0.333
40707200,gravel,unknown,versiegelt,0.334,0.334,0.333,0.333
40707203,asphalt,grade1,versiegelt,0.334,0.334,0.333,0.333
40707706,asphalt,unknown,versiegelt,0.334,0.334,0.333,0.333
40707707,asphalt,unknown,versiegelt,0.334,0.334,0.333,0.333
40707708,asphalt,unknown,versiegelt,0.334,0.334,0.333,0.333
40708687,gravel,unknown,versiegelt,0.334,0.334,0.333,0.333
40708690,asphalt,unknown,versiegelt,0.334,0.334,0.333,0.333
40708693,asphalt,unknown,versiegelt,0.334,0.334,0.333,0.333
40708695,asphalt,unknown,versiegelt,0.334,0.334,0.333,0.333
40708696,asphalt,unknown,versiegelt,0.334,0.334,0.333,0.333
40708697,grass,grade5,versiegelt,0.334,0.334,0.333,0.333
40708701,asphalt,grade1,versiegelt,0.334,0.334,0.333,0.333
40708704,asphalt,unknown,versiegelt,0.334,0.334,0.333,0.333
40709043,grass,grade5,versiegelt,0.334,0.334,0.333,0.333
40709048,grass,grade5,versiegelt,0.334,0.334,0.333,0.333
40709049,grass,grade5,versiegelt,0.334,0.334,0.333,0.333
40709050,grass,grade5,versiegelt,0.334,0.334,0.333,0.333
40709051,grass,grade5,versiegelt,0.334,0.334,0.333,0.333
40709278,asphalt,grade1,versiegelt,0.334,0.334,0.333,0.333
40709280,grass,grade5,versiegelt,0.334,0.334,0.333,0.333
40709283,grass,grade5,versiegelt,0.334,0.334,0.333,0.333
40714321,grass,grade5,versiegelt,0.334,0.334,0.333,0.333
40714332,grass,grade5,versiegelt,0.334,0.334,0.333,0.333
40714334,grass,grade5,versiegelt,0.334,0.334,0.333,0.333
40714335,grass,grade5,versiegelt,0.334,0.334,0.333,0.333
40714336,grass,grade5,versiegelt,0.334,0.334,0.333,0.333
40714337,grass,grade5,versiegelt,0.334,0.334,0.333,0.333
40714338,grass,grade5,versiegelt,0.334,0.334,0.333,0.333
40714339,grass,grade5,versiegelt,0.334,0.334,0.333,0.333
40714343,gravel,grade4,versiegelt,0.334,0.334,0.333,0.333
40714344,grass,grade5,versiegelt,0.334,0.334,0.333,0.333
40714345,asphalt,grade1,versiegelt,0.334,0.334,0.333,0.333
40714350,asphalt,grade1,versiegelt,0.334,0.334,0.333,0.333
40714354,grass,grade4,versiegelt,0.334,0.334,0.333,0.333
40714355,grass,grade4,versiegelt,0.334,0.334,0.333,0.333
40714356,asphalt,grade1,versiegelt,0.334,0.334,0.333,0.333
40714357,grass,grade5,versiegelt,0.334,0.334,0.333,0.333
40714358,asphalt,grade1,versiegelt,0.334,0.334,0.333,0.333
40714360,grass,grade5,versiegelt,0.334,0.334,0.333,0.333
40735106,asphalt,grade1,versiegelt,0.334,0.334,0.333,0.333
40742187,asphalt,unknown,versiegelt,0.334,0.334,0.333,0.333
40742189,asphalt,unknown,versiegelt,0.334,0.334,0.333,0.333
40742491,asphalt,unknown,versiegelt,0.334,0.334,0.333,0.333
40742492,gravel,grade2,versiegelt,0.334,0.334,0.333,0.333
40742493,asphalt,unknown,versiegelt,0.334,0.334,0.333,0.333
40758031,grass,grade3,versiegelt,0.334,0.334,0.333,0.333
41180088,grass,grade5,versiegelt,0.334,0.334,0.333,0.333
41180089,grass,grade5,versiegelt,0.334,0.334,0.333,0.333
41180090,grass,grade5,versiegelt,0.334,0.334,0.333,0.333
41180093,grass,grade5,versiegelt,0.334,0.334,0.333,0.333
41180101,grass,grade5,versiegelt,0.334,0.334,0.333,0.333
41180102,grass,grade5,versiegelt,0.334,0.334,0.333,0.333
41180104,grass,grade5,versiegelt,0.334,0.334,0.333,0.333
41180105,grass,unknown,versiegelt,0.334,0.334,0.333,0.333
41180106,grass,grade5,versiegelt,0.334,0.334,0.333,0.333
41180108,grass,grade5,versiegelt,0.334,0.334,0.333,0.333
41180109,grass,grade5,versiegelt,0.334,0.334,0.333,0.333
41180110,grass,grade5,versiegelt,0.334,0.334,0.333,0.333
41182409,grass,grade5,versiegelt,0.334,0.334,0.333,0.333
41182673,gravel,grade2,versiegelt,0.334,0.334,0.333,0.333
41182674,asphalt,unknown,versiegelt,0.334,0.334,0.333,0.333
41182675,asphalt,unknown,versiegelt,0.334,0.334,0.333,0.333
41182676,grass,grade5,versiegelt,0.334,0.334,0.333,0.333
41182677,grass,grade5,versiegelt,0.334,0.334,0.333,0.333
41405450,asphalt,grade1,versiegelt,0.334,0.334,0.333,0.333
41503379,asphalt,grade1,versiegelt,0.334,0.334,0.333,0.333
41966976,asphalt,unknown,versiegelt,0.334,0.334,0.333,0.333
42355015,asphalt,unknown,versiegelt,0.334,0.334,0.333,0.333
42360381,asphalt,unknown,versiegelt,0.334,0.334,0.333,0.333
42360384,asphalt,unknown,versiegelt,0.334,0.334,0.333,0.333
42861135,dirt,grade3,versiegelt,0.334,0.334,0.333,0.333
42882067,gravel,grade3,versiegelt,0.334,0.334,0.333,0.333
42882104,compacted,grade2,versiegelt,0.334,0.334,0.333,0.333
43113322,fine_gravel,grade2,versiegelt,0.334,0.334,0.333,0.333
43113323,gravel,grade2,versiegelt,0.334,0.334,0.333,0.333
43113324,fine_gravel,grade2,versiegelt,0.334,0.334,0.333,0.333
43122193,gravel,grade2,versiegelt,0.334,0.334,0.333,0.333
43122194,gravel,grade2,versiegelt,0.334,0.334,0.333,0.333
43122229,compacted,grade2,versiegelt,0.334,0.334,0.333,0.333
43122245,compacted,grade2,versiegelt,0.334,0.334,0.333,0.333
43122365,gravel,grade2,versiegelt,0.334,0.334,0.333,0.333
43393261,gravel,grade2,versiegelt,0.334,0.334,0.333,0.333
43393797,asphalt,unknown,versiegelt,0.334,0.334,0.333,0.333
43393800,asphalt,unknown,versiegelt,0.334,0.334,0.333,0.333
43663065,asphalt,unknown,versiegelt,0.334,0.334,0.333,0.333
44181240,gravel,grade2,versiegelt,0.334,0.334,0.333,0.333
44181652,asphalt,unknown,versiegelt,0.334,0.334,0.333,0.333
44184564,compacted,grade2,versiegelt,0.334,0.334,0.333,0.333
44184565,gravel,grade2,versiegelt,0.334,0.334,0.333,0.333
44184566,compacted,grade2,versiegelt,0.334,0.334,0.333,0.333
44184567,grass,grade3,versiegelt,0.334,0.334,0.333,0.333
45194523,asphalt,grade1,versiegelt,0.334,0.334,0.333,0.333
45264797,asphalt,grade1,versiegelt,0.334,0.334,0.333,0.333
45264798,gravel,grade3,versiegelt,0.334,0.334,0.333,0.333
45264799,gravel,grade3,versiegelt,0.334,0.334,0.333,0.333
45264801,asphalt,grade1,versiegelt,0.334,0.334,0.333,0.333
45264802,grass,grade5,versiegelt,0.334,0.334,0.333,0.333
45264803,grass,grade4,versiegelt,0.334,0.334,0.333,0.333
45264804,asphalt,grade1,versiegelt,0.334,0.334,0.333,0.333
45264809,gravel,grade2,versiegelt,0.334,0.334,0.333,0.333
45264810,grass,grade4,versiegelt,0.334,0.334,0.333,0.333
45264811,concrete,grade1,versiegelt,0.334,0.334,0.333,0.333
45264812,gravel,grade3,versiegelt,0.334,0.334,0.333,0.333
45264813,asphalt,grade1,versiegelt,0.334,0.334,0.333,0.333
45264814,gravel,grade3,versiegelt,0.334,0.334,0.333,0.333
45264815,asphalt,grade2,versiegelt,0.334,0.334,0.333,0.333
45265364,gravel,grade2,versiegelt,0.334,0.334,0.333,0.333
45265365,asphalt,unknown,versiegelt,0.334,0.334,0.333,0.333
45265366,asphalt,unknown,versiegelt,0.334,0.334,0.333,0.333
45265367,grass,grade5,versiegelt,0.334,0.334,0.333,0.333
45265368,grass,grade5,versiegelt,0.334,0.334,0.333,0.333
45265369,grass,grade5,versiegelt,0.334,0.334,0.333,0.333
45266299,gravel,grade2,versiegelt,0.334,0.334,0.333,0.333
45266300,asphalt,grade1,versiegelt,0.334,0.334,0.333,0.333
45266310,gravel,grade2,versiegelt,0.334,0.334,0.333,0.333
45267188,asphalt,grade1,versiegelt,0.334,0.334,0.333,0.333
45267207,asphalt,grade1,versiegelt,0.334,0.334,0.333,0.333
45267209,grass,grade5,versiegelt,0.334,0.334,0.333,0.333
45267210,grass,grade5,versiegelt,0.334,0.334,0.333,0.333
45270508,grass,grade5,versiegelt,0.334,0.334,0.333,0.333
45270509,grass,unknown,versiegelt,0.334,0.334,0.333,0.333
45270510,grass,grade5,versiegelt,0.334,0.334,0.333,0.333
45270513,grass,grade5,versiegelt,0.334,0.334,0.333,0.333
45270514,grass,grade5,versiegelt,0.334,0.334,0.333,0.333
45270516,grass,grade5,versiegelt,0.334,0.334,0.333,0.333
45270517,grass,grade5,versiegelt,0.334,0.334,0.333,0.333
45270522,grass,grade5,versiegelt,0.334,0.334,0.333,0.333
45270524,grass,grade5,versiegelt,0.334,0.334,0.333,0.333
45270525,grass,grade5,versiegelt,0.334,0.334,0.333,0.333
45270526,grass,grade5,versiegelt,0.334,0.334,0.333,0.333
45274387,asphalt,grade1,versiegelt,0.334,0.334,0.333,0.333
45278858,grass,grade5,versiegelt,0.334,0.334,0.333,0.333
45278862,gravel,grade2,versiegelt,0.334,0.334,0.333,0.333
45846501,grass,grade5,versiegelt,0.334,0.334,0.333,0.333
45846502,fine_gravel,grade2,versiegelt,0.334,0.334,0.333,0.333
45846507,gravel,grade3,versiegelt,0.334,0.334,0.333,0.333
45846704,asphalt,grade1,versiegelt,0.334,0.334,0.333,0.333
45846705,grass,grade5,versiegelt,0.334,0.334,0.333,0.333
45901347,gravel,grade2,versiegelt,0.334,0.334,0.333,0.333
45901349,asphalt,grade1,versiegelt,0.334,0.334,0.333,0.333
45901350,grass,grade5,versiegelt,0.334,0.334,0.333,0.333
45982073,gravel,grade2,versiegelt,0.334,0.334,0.333,0.333
45983736,gravel,grade2,versiegelt,0.334,0.334,0.333,0.333
45984559,gravel,grade3,versiegelt,0.334,0.334,0.333,0.333
45984882,gravel,unknown,versiegelt,0.334,0.334,0.333,0.333
45985875,grass,grade5,versiegelt,0.334,0.334,0.333,0.333
45992982,grass,grade5,versiegelt,0.334,0.334,0.333,0.333
45998487,grass,grade5,versiegelt,0.334,0.334,0.333,0.333
46035368,grass,grade5,versiegelt,0.334,0.334,0.333,0.333
46097468,compacted,grade2,versiegelt,0.334,0.334,0.333,0.333
46097657,gravel,grade2,versiegelt,0.334,0.334,0.333,0.333
46097658,gravel,grade2,versiegelt,0.334,0.334,0.333,0.333
46098311,gravel,grade2,versiegelt,0.334,0.334,0.333,0.333
46098312,gravel,grade2,versiegelt,0.334,0.334,0.333,0.333
46098313,gravel,grade2,versiegelt,0.334,0.334,0.333,0.333
46098530,grass,grade5,versiegelt,0.334,0.334,0.333,0.333
46099847,gravel,grade3,versiegelt,0.334,0.334,0.333,0.333
46102314,gravel,grade2,versiegelt,0.334,0.334,0.333,0.333
46102315,gravel,grade2,versiegelt,0.334,0.334,0.333,0.333
46102720,gravel,grade2,versiegelt,0.334,0.334,0.333,0.333
46107593,gravel,grade2,versiegelt,0.334,0.334,0.333,0.333
46108147,compacted,grade2,versiegelt,0.334,0.334,0.333,0.333
46155223,grass,grade5,versiegelt,0.334,0.334,0.333,0.333
46155224,grass,grade5,versiegelt,0.334,0.334,0.333,0.333
46418478,fine_gravel,grade2,versiegelt,0.334,0.334,0.333,0.333
46418680,grass,grade5,versiegelt,0.334,0.334,0.333,0.333
46515378,grass,grade5,versiegelt,0.334,0.334,0.333,0.333
46515380,gravel,grade2,versiegelt,0.334,0.334,0.333,0.333
46515624,asphalt,grade1,versiegelt,0.334,0.334,0.333,0.333
46517497,asphalt,unknown,versiegelt,0.334,0.334,0.333,0.333
47034058,grass,grade5,versiegelt,0.334,0.334,0.333,0.333
47034059,gravel,grade2,versiegelt,0.334,0.334,0.333,0.333
47034061,gravel,grade3,versiegelt,0.334,0.334,0.333,0.333
47034062,gravel,grade2,versiegelt,0.334,0.334,0.333,0.333
47034065,grass,grade5,versiegelt,0.334,0.334,0.333,0.333
47034066,grass,grade5,versiegelt,0.334,0.334,0.333,0.333
47034067,grass,grade5,versiegelt,0.334,0.334,0.333,0.333
47155686,gravel,grade2,versiegelt,0.334,0.334,0.333,0.333
47155688,grass,grade5,versiegelt,0.334,0.334,0.333,0.333
47366255,grass,grade5,versiegelt,0.334,0.334,0.333,0.333
47366256,grass,grade5,versiegelt,0.334,0.334,0.333,0.333
50064362,asphalt,unknown,versiegelt,0.334,0.334,0.333,0.333
54062925,asphalt,unknown,versiegelt,0.334,0.334,0.333,0.333
54062929,asphalt,unknown,versiegelt,0.334,0.334,0.333,0.333
54063620,grass,grade3,versiegelt,0.334,0.334,0.333,0.333
54063622,asphalt,grade1,versiegelt,0.334,0.334,0.333,0.333
54067398,asphalt,unknown,versiegelt,0.334,0.334,0.333,0.333
54080439,asphalt,unknown,versiegelt,0.334,0.334,0.333,0.333
54092252,asphalt,grade1,versiegelt,0.334,0.334,0.333,0.333
54110381,grass,grade5,versiegelt,0.334,0.334,0.333,0.333
54110383,gravel,grade2,versiegelt,0.334,0.334,0.333,0.333
54110391,grass,grade5,versiegelt,0.334,0.334,0.333,0.333
54110710,asphalt,grade1,versiegelt,0.334,0.334,0.333,0.333
54110711,asphalt,unknown,versiegelt,0.334,0.334,0.333,0.333
54110713,dirt,grade5,versiegelt,0.334,0.334,0.333,0.333
56196440,dirt,grade5,versiegelt,0.334,0.334,0.333,0.333
56196461,dirt,grade2,versiegelt,0.334,0.334,0.333,0.333
56695395,gravel,grade2,versiegelt,0.334,0.334,0.333,0.333
56695397,gravel,grade2,versiegelt,0.334,0.334,0.333,0.333
58232273,asphalt,unknown,versiegelt,0.334,0.334,0.333,0.333
58233363,asphalt,unknown,versiegelt,0.334,0.334,0.333,0.333
58235283,gravel,grade2,versiegelt,0.334,0.334,0.333,0.333
58254911,asphalt,unknown,versiegelt,0.334,0.334,0.333,0.333
58663073,gravel,grade3,versiegelt,0.334,0.334,0.333,0.333
58663074,fine_gravel,grade2,versiegelt,0.334,0.334,0.333,0.333
58663075,gravel,grade3,versiegelt,0.334,0.334,0.333,0.333
58663076,fine_gravel,grade2,versiegelt,0.334,0.334,0.333,0.333
58663080,gravel,grade2,versiegelt,0.334,0.334,0.333,0.333
58663893,gravel,grade3,versiegelt,0.334,0.334,0.333,0.333
58663896,gravel,grade3,versiegelt,0.334,0.334,0.333,0.333
58663897,compacted,grade2,versiegelt,0.334,0.334,0.333,0.333
58663899,gravel,grade2,versiegelt,0.334,0.334,0.333,0.333
58663900,grass,grade4,versiegelt,0.334,0.334,0.333,0.333
58778789,asphalt,grade1,versiegelt,0.334,0.334,0.333,0.333
58795824,fine_gravel,grade3,versiegelt,0.334,0.334,0.333,0.333
58795829,gravel,grade2,versiegelt,0.334,0.334,0.333,0.333
59280359,asphalt,unknown,versiegelt,0.334,0.334,0.333,0.333
59604404,asphalt,unknown,versiegelt,0.334,0.334,0.333,0.333
59851963,gravel,grade2,versiegelt,0.334,0.334,0.333,0.333
59851968,gravel,grade3,versiegelt,0.334,0.334,0.333,0.333
59851972,asphalt,unknown,versiegelt,0.334,0.334,0.333,0.333
59851976,asphalt,unknown,versiegelt,0.334,0.334,0.333,0.333
59851977,asphalt,unknown,versiegelt,0.334,0.334,0.333,0.333
59851980,asphalt,grade1,versiegelt,0.334,0.334,0.333,0.333
59851984,asphalt,grade1,versiegelt,0.334,0.334,0.333,0.333
59851987,asphalt,grade1,versiegelt,0.334,0.334,0.333,0.333
59851988,gravel,grade2,versiegelt,0.334,0.334,0.333,0.333
59851990,gravel,grade2,versiegelt,0.334,0.334,0.333,0.333
59854838,asphalt,unknown,versiegelt,0.334,0.334,0.333,0.333
59854839,asphalt,unknown,versiegelt,0.334,0.334,0.333,0.333
59854842,grass,grade5,versiegelt,0.334,0.334,0.333,0.333
59854843,asphalt,unknown,versiegelt,0.334,0.334,0.333,0.333
59854845,grass,grade5,versiegelt,0.334,0.334,0.333,0.333
59854846,asphalt,unknown,versiegelt,0.334,0.334,0.333,0.333
59854849,asphalt,unknown,versiegelt,0.334,0.334,0.333,0.333
59854851,asphalt,grade1,versiegelt,0.334,0.334,0.333,0.333
59854852,grass,grade5,versiegelt,0.334,0.334,0.333,0.333
59854855,asphalt,unknown,versiegelt,0.334,0.334,0.333,0.333
59854856,gravel,grade2,versiegelt,0.334,0.334,0.333,0.333
59854860,asphalt,unknown,versiegelt,0.334,0.334,0.333,0.333
59854861,asphalt,unknown,versiegelt,0.334,0.334,0.333,0.333
59858476,grass,grade5,versiegelt,0.334,0.334,0.333,0.333
59858478,grass,grade5,versiegelt,0.334,0.334,0.333,0.333
59858479,gravel,grade3,versiegelt,0.334,0.334,0.333,0.333
59858481,asphalt,grade1,versiegelt,0.334,0.334,0.333,0.333
59858484,compacted,grade2,versiegelt,0.334,0.334,0.333,0.333
59858485,asphalt,unknown,versiegelt,0.334,0.334,0.333,0.333
59858486,gravel,grade4,versiegelt,0.334,0.334,0.333,0.333
59858487,asphalt,grade1,versiegelt,0.334,0.334,0.333,0.333
59858488,asphalt,grade1,versiegelt,0.334,0.334,0.333,0.333
59858489,grass,grade5,versiegelt,0.334,0.334,0.333,0.333
59858886,gravel,grade2,versiegelt,0.334,0.334,0.333,0.333
59858887,asphalt,grade1,versiegelt,0.334,0.334,0.333,0.333
59858889,grass,grade2,versiegelt,0.334,0.334,0.333,0.333
59858890,asphalt,grade1,versiegelt,0.334,0.334,0.333,0.333
59860916,fine_gravel,grade2,versiegelt,0.334,0.334,0.333,0.333
59988326,asphalt,grade1,versiegelt,0.334,0.334,0.333,0.333
59988328,gravel,grade2,versiegelt,0.334,0.334,0.333,0.333
59988329,asphalt,grade1,versiegelt,0.334,0.334,0.333,0.333
59988330,compacted,grade3,versiegelt,0.334,0.334,0.333,0.333
59988331,grass,grade4,versiegelt,0.334,0.334,0.333,0.333
59988333,asphalt,grade1,versiegelt,0.334,0.334,0.333,0.333
59988339,gravel,grade2,versiegelt,0.334,0.334,0.333,0.333
59988347,paved,grade1,versiegelt,0.334,0.334,0.333,0.333
59988351,paved,grade1,versiegelt,0.334,0.334,0.333,0.333
59988352,grass,grade5,versiegelt,0.334,0.334,0.333,0.333
59996463,asphalt,grade1,versiegelt,0.334,0.334,0.333,0.333
60104210,gravel,grade3,versiegelt,0.334,0.334,0.333,0.333
60104213,gravel,grade2,versiegelt,0.334,0.334,0.333,0.333
60104214,gravel,grade3,versiegelt,0.334,0.334,0.333,0.333
60105066,grass,grade5,versiegelt,0.334,0.334,0.333,0.333
60105067,grass,grade5,versiegelt,0.334,0.334,0.333,0.333
60105068,asphalt,grade1,versiegelt,0.334,0.334,0.333,0.333
60105069,grass,grade5,versiegelt,0.334,0.334,0.333,0.333
60105070,asphalt,grade1,versiegelt,0.334,0.334,0.333,0.333
60105071,grass,grade5,versiegelt,0.334,0.334,0.333,0.333
60105072,asphalt,grade1,versiegelt,0.334,0.334,0.333,0.333
60105073,grass,grade5,versiegelt,0.334,0.334,0.333,0.333
60105074,asphalt,grade1,versiegelt,0.334,0.334,0.333,0.333
60121453,asphalt,grade1,versiegelt,0.334,0.334,0.333,0.333
60121454,gravel,grade2,versiegelt,0.334,0.334,0.333,0.333
60121456,gravel,grade2,versiegelt,0.334,0.334,0.333,0.333
60121457,gravel,grade2,versiegelt,0.334,0.334,0.333,0.333
60121458,gravel,grade2,versiegelt,0.334,0.334,0.333,0.333
60121459,grass,grade3,versiegelt,0.334,0.334,0.333,0.333
60121462,grass,grade5,versiegelt,0.334,0.334,0.333,0.333
60121463,gravel,grade2,versiegelt,0.334,0.334,0.333,0.333
60121464,gravel,grade2,versiegelt,0.334,0.334,0.333,0.333
60121507,asphalt,unknown,versiegelt,0.334,0.334,0.333,0.333
60125439,asphalt,grade1,versiegelt,0.334,0.334,0.333,0.333
60212887,asphalt,grade1,versiegelt,0.334,0.334,0.333,0.333
60226726,gravel,grade2,versiegelt,0.334,0.334,0.333,0.333
60228495,asphalt,grade1,versiegelt,0.334,0.334,0.333,0.333
60993571,grass,grade5,versiegelt,0.334,0.334,0.333,0.333
60993572,grass,grade5,versiegelt,0.334,0.334,0.333,0.333
60994003,gravel,grade3,versiegelt,0.334,0.334,0.333,0.333
60994033,gravel,unknown,versiegelt,0.334,0.334,0.333,0.333
60994042,grass,grade5,versiegelt,0.334,0.334,0.333,0.333
60994060,grass,grade5,versiegelt,0.334,0.334,0.333,0.333
60994074,asphalt,grade1,versiegelt,0.334,0.334,0.333,0.333
60994079,grass,grade5,versiegelt,0.334,0.334,0.333,0.333
60994090,asphalt,unknown,versiegelt,0.334,0.334,0.333,0.333
60994095,grass,grade3,versiegelt,0.334,0.334,0.333,0.333
60994097,asphalt,unknown,versiegelt,0.334,0.334,0.333,0.333
60995366,asphalt,unknown,versiegelt,0.334,0.334,0.333,0.333
60995367,asphalt,unknown,versiegelt,0.334,0.334,0.333,0.333
60995380,asphalt,unknown,versiegelt,0.334,0.334,0.333,0.333
60995381,asphalt,unknown,versiegelt,0.334,0.334,0.333,0.333
60995398,gravel,grade2,versiegelt,0.334,0.334,0.333,0.333
60995401,grass,grade5,versiegelt,0.334,0.334,0.333,0.333
60996169,gravel,grade2,versiegelt,0.334,0.334,0.333,0.333
60996171,gravel,grade2,versiegelt,0.334,0.334,0.333,0.333
60996217,asphalt,unknown,versiegelt,0.334,0.334,0.333,0.333
61047045,asphalt,grade1,versiegelt,0.334,0.334,0.333,0.333
61226476,gravel,grade2,versiegelt,0.334,0.334,0.333,0.333
61226477,gravel,grade2,versiegelt,0.334,0.334,0.333,0.333
61226478,gravel,grade2,versiegelt,0.334,0.334,0.333,0.333
61226480,gravel,grade2,versiegelt,0.334,0.334,0.333,0.333
64106986,asphalt,unknown,versiegelt,0.334,0.334,0.333,0.333
64311149,asphalt,unknown,versiegelt,0.334,0.334,0.333,0.333
64359076,concrete,unknown,versiegelt,0.334,0.334,0.333,0.333
64451620,asphalt,unknown,versiegelt,0.334,0.334,0.333,0.333
64451632,asphalt,unknown,versiegelt,0.334,0.334,0.333,0.333
64948277,asphalt,unknown,versiegelt,0.334,0.334,0.333,0.333
64948278,asphalt,unknown,versiegelt,0.334,0.334,0.333,0.333
64948279,asphalt,unknown,versiegelt,0.334,0.334,0.333,0.333
64948286,asphalt,unknown,versiegelt,0.334,0.334,0.333,0.333
64948290,asphalt,unknown,versiegelt,0.334,0.334,0.333,0.333
64948291,asphalt,unknown,versiegelt,0.334,0.334,0.333,0.333
65135034,asphalt,unknown,versiegelt,0.334,0.334,0.333,0.333
65135037,asphalt,unknown,versiegelt,0.334,0.334,0.333,0.333
65411697,grass,grade5,versiegelt,0.334,0.334,0.333,0.333
65411699,asphalt,unknown,versiegelt,0.334,0.334,0.333,0.333
65411702,grass,grade5,versiegelt,0.334,0.334,0.333,0.333
65475885,asphalt,unknown,versiegelt,0.334,0.334,0.333,0.333
65475894,asphalt,unknown,versiegelt,0.334,0.334,0.333,0.333
65475898,grass,grade4,versiegelt,0.334,0.334,0.333,0.333
65475917,concrete,unknown,versiegelt,0.334,0.334,0.333,0.333
65475937,asphalt,unknown,versiegelt,0.334,0.334,0.333,0.333
65475971,grass,grade5,versiegelt,0.334,0.334,0.333,0.333
65476051,asphalt,unknown,versiegelt,0.334,0.334,0.333,0.333
65476076,asphalt,unknown,versiegelt,0.334,0.334,0.333,0.333
65476085,asphalt,unknown,versiegelt,0.334,0.334,0.333,0.333
65763613,asphalt,unknown,versiegelt,0.334,0.334,0.333,0.333
65763650,asphalt,unknown,versiegelt,0.334,0.334,0.333,0.333
66389176,grass,grade5,versiegelt,0.334,0.334,0.333,0.333
66389195,asphalt,unknown,versiegelt,0.334,0.334,0.333,0.333
66389196,gravel,grade4,versiegelt,0.334,0.334,0.333,0.333
66389198,grass,grade5,versiegelt,0.334,0.334,0.333,0.333
66405595,asphalt,unknown,versiegelt,0.334,0.334,0.333,0.333
67635070,grass,grade4,versiegelt,0.334,0.334,0.333,0.333
67977141,gravel,grade2,versiegelt,0.334,0.334,0.333,0.333
67977142,asphalt,grade1,versiegelt,0.334,0.334,0.333,0.333
67977143,gravel,grade2,versiegelt,0.334,0.334,0.333,0.333
67977144,asphalt,grade1,versiegelt,0.334,0.334,0.333,0.333
67977145,asphalt,grade1,versiegelt,0.334,0.334,0.333,0.333
67977147,compacted,grade2,versiegelt,0.334,0.334,0.333,0.333
68152481,grass,grade4,versiegelt,0.334,0.334,0.333,0.333
68152485,grass,grade4,versiegelt,0.334,0.334,0.333,0.333
68296028,asphalt,unknown,versiegelt,0.334,0.334,0.333,0.333
69034387,asphalt,unknown,versiegelt,0.334,0.334,0.333,0.333
69565446,compacted,unknown,versiegelt,0.334,0.334,0.333,0.333
69570448,asphalt,unknown,versiegelt,0.334,0.334,0.333,0.333
69570620,asphalt,unknown,versiegelt,0.334,0.334,0.333,0.333
70305326,asphalt,grade1,versiegelt,0.334,0.334,0.333,0.333
70457564,grass,grade2,versiegelt,0.334,0.334,0.333,0.333
70457567,asphalt,unknown,versiegelt,0.334,0.334,0.333,0.333
70457568,gravel,grade3,versiegelt,0.334,0.334,0.333,0.333
70457583,asphalt,unknown,versiegelt,0.334,0.334,0.333,0.333
70604967,asphalt,unknown,versiegelt,0.334,0.334,0.333,0.333
70708178,asphalt,unknown,versiegelt,0.334,0.334,0.333,0.333
70708180,asphalt,unknown,versiegelt,0.334,0.334,0.333,0.333
70732945,asphalt,unknown,versiegelt,0.334,0.334,0.333,0.333
70732958,gravel,grade2,versiegelt,0.334,0.334,0.333,0.333
70732985,asphalt,unknown,versiegelt,0.334,0.334,0.333,0.333
70732988,gravel,unknown,versiegelt,0.334,0.334,0.333,0.333
70893703,grass,grade5,versiegelt,0.334,0.334,0.333,0.333
70893709,grass,grade5,versiegelt,0.334,0.334,0.333,0.333
70893711,grass,grade5,versiegelt,0.334,0.334,0.333,0.333
70893714,grass,grade5,versiegelt,0.334,0.334,0.333,0.333
70893716,grass,grade5,versiegelt,0.334,0.334,0.333,0.333
70893726,grass,grade4,versiegelt,0.334,0.334,0.333,0.333
70893727,grass,grade5,versiegelt,0.334,0.334,0.333,0.333
70893730,grass,grade5,versiegelt,0.334,0.334,0.333,0.333
70893732,grass,unknown,versiegelt,0.334,0.334,0.333,0.333
70893733,grass,grade5,versiegelt,0.334,0.334,0.333,0.333
70893739,grass,grade5,versiegelt,0.334,0.334,0.333,0.333
70999837,grass,grade5,versiegelt,0.334,0.334,0.333,0.333
70999843,grass,grade5,versiegelt,0.334,0.334,0.333,0.333
70999856,grass,grade5,versiegelt,0.334,0.334,0.333,0.333
70999872,grass,grade5,versiegelt,0.334,0.334,0.333,0.333
70999876,grass,grade5,versiegelt,0.334,0.334,0.333,0.333
70999877,grass,grade5,versiegelt,0.334,0.334,0.333,0.333
71124596,asphalt,grade1,versiegelt,0.334,0.334,0.333,0.333
71144602,asphalt,unknown,versiegelt,0.334,0.334,0.333,0.333
71144604,grass,grade5,versiegelt,0.334,0.334,0.333,0.333
71144605,asphalt,grade1,versiegelt,0.334,0.334,0.333,0.333
71144606,asphalt,unknown,versiegelt,0.334,0.334,0.333,0.333
71144607,fine_gravel,grade2,versiegelt,0.334,0.334,0.333,0.333
71144608,gravel,grade2,versiegelt,0.334,0.334,0.333,0.333
71144609,grass,grade5,versiegelt,0.334,0.334,0.333,0.333
71144610,grass,grade5,versiegelt,0.334,0.334,0.333,0.333
71144612,grass,grade5,versiegelt,0.334,0.334,0.333,0.333
71144613,grass,grade5,versiegelt,0.334,0.334,0.333,0.333
71144614,gravel,grade2,versiegelt,0.334,0.334,0.333,0.333
71144615,fine_gravel,grade2,versiegelt,0.334,0.334,0.333,0.333
71144618,grass,grade5,versiegelt,0.334,0.334,0.333,0.333
71144619,grass,grade5,versiegelt,0.334,0.334,0.333,0.333
71144620,grass,grade5,versiegelt,0.334,0.334,0.333,0.333
71144621,gravel,grade2,versiegelt,0.334,0.334,0.333,0.333
71144625,grass,grade5,versiegelt,0.334,0.334,0.333,0.333
71144629,gravel,grade2,versiegelt,0.334,0.334,0.333,0.333
71144630,gravel,grade2,versiegelt,0.334,0.334,0.333,0.333
71144632,gravel,grade2,versiegelt,0.334,0.334,0.333,0.333
71144633,gravel,grade2,versiegelt,0.334,0.334,0.333,0.333
71144634,grass,grade5,versiegelt,0.334,0.334,0.333,0.333
71144635,grass,grade5,versiegelt,0.334,0.334,0.333,0.333
71246567,gravel,unknown,versiegelt,0.334,0.334,0.333,0.333
71505621,gravel,grade2,versiegelt,0.334,0.334,0.333,0.333
71608171,asphalt,unknown,versiegelt,0.334,0.334,0.333,0.333
71608211,asphalt,unknown,versiegelt,0.334,0.334,0.333,0.333
71866590,gravel,unknown,versiegelt,0.334,0.334,0.333,0.333
72003148,asphalt,grade1,versiegelt,0.334,0.334,0.333,0.333
72036262,grass,grade4,versiegelt,0.334,0.334,0.333,0.333
72036268,gravel,unknown,versiegelt,0.334,0.334,0.333,0.333
72036270,asphalt,unknown,versiegelt,0.334,0.334,0.333,0.333
72036272,gravel,unknown,versiegelt,0.334,0.334,0.333,0.333
72354439,asphalt,unknown,versiegelt,0.334,0.334,0.333,0.333
72354443,asphalt,unknown,versiegelt,0.334,0.334,0.333,0.333
72603248,gravel,unknown,versiegelt,0.334,0.334,0.333,0.333
72612266,asphalt,unknown,versiegelt,0.334,0.334,0.333,0.333
72765499,asphalt,unknown,versiegelt,0.334,0.334,0.333,0.333
72765503,gravel,grade3,versiegelt,0.334,0.334,0.333,0.333
72765504,asphalt,unknown,versiegelt,0.334,0.334,0.333,0.333
72765508,asphalt,unknown,versiegelt,0.334,0.334,0.333,0.333
73250209,asphalt,unknown,versiegelt,0.334,0.334,0.333,0.333
73250215,asphalt,unknown,versiegelt,0.334,0.334,0.333,0.333
73250219,asphalt,unknown,versiegelt,0.334,0.334,0.333,0.333
73294738,grass,grade5,versiegelt,0.334,0.334,0.333,0.333
73294747,grass,grade5,versiegelt,0.334,0.334,0.333,0.333
73294763,grass,grade5,versiegelt,0.334,0.334,0.333,0.333
73294769,grass,grade5,versiegelt,0.334,0.334,0.333,0.333
73294770,grass,grade5,versiegelt,0.334,0.334,0.333,0.333
73294771,grass,grade5,versiegelt,0.334,0.334,0.333,0.333
73294777,grass,grade5,versiegelt,0.334,0.334,0.333,0.333
73294780,grass,grade5,versiegelt,0.334,0.334,0.333,0.333
73294785,grass,grade5,versiegelt,0.334,0.334,0.333,0.333
73294789,grass,grade5,versiegelt,0.334,0.334,0.333,0.333
73294790,grass,grade5,versiegelt,0.334,0.334,0.333,0.333
73294792,grass,grade5,versiegelt,0.334,0.334,0.333,0.333
73294801,grass,grade5,versiegelt,0.334,0.334,0.333,0.333
73294803,grass,grade5,versiegelt,0.334,0.334,0.333,0.333
73294807,grass,grade5,versiegelt,0.334,0.334,0.333,0.333
73506273,asphalt,grade1,versiegelt,0.334,0.334,0.333,0.333
73552703,concrete,grade1,versiegelt,0.334,0.334,0.333,0.333
73570914,gravel,grade2,versiegelt,0.334,0.334,0.333,0.333
73570922,paved,grade1,versiegelt,0.334,0.334,0.333,0.333
73570936,grass,grade4,versiegelt,0.334,0.334,0.333,0.333
73570973,asphalt,unknown,versiegelt,0.334,0.334,0.333,0.333
73818215,concrete,grade1,versiegelt,0.334,0.334,0.333,0.333
73818363,concrete,grade1,versiegelt,0.334,0.334,0.333,0.333
73822630,asphalt,grade1,versiegelt,0.334,0.334,0.333,0.333
73822952,asphalt,grade1,versiegelt,0.334,0.334,0.333,0.333
73822978,compacted,grade4,versiegelt,0.334,0.334,0.333,0.333
73823048,compacted,grade4,versiegelt,0.334,0.334,0.333,0.333
73823053,compacted,grade3,versiegelt,0.334,0.334,0.333,0.333
73823098,asphalt,grade1,versiegelt,0.334,0.334,0.333,0.333
73823973,asphalt,unknown,versiegelt,0.334,0.334,0.333,0.333
73829069,paved,grade1,versiegelt,0.334,0.334,0.333,0.333
73855621,grass,grade4,versiegelt,0.334,0.334,0.333,0.333
73855622,grass,grade5,versiegelt,0.334,0.334,0.333,0.333
73855624,grass,grade5,versiegelt,0.334,0.334,0.333,0.333
73855625,grass,grade5,versiegelt,0.334,0.334,0.333,0.333
73855626,grass,grade5,versiegelt,0.334,0.334,0.333,0.333
73873064,grass,grade5,versiegelt,0.334,0.334,0.333,0.333
73873076,grass,grade5,versiegelt,0.334,0.334,0.333,0.333
73873079,gravel,grade2,versiegelt,0.334,0.334,0.333,0.333
73873083,asphalt,grade1,versiegelt,0.334,0.334,0.333,0.333
73873095,grass,grade5,versiegelt,0.334,0.334,0.333,0.333
73873099,grass,grade5,versiegelt,0.334,0.334,0.333,0.333
73873103,asphalt,grade1,versiegelt,0.334,0.334,0.333,0.333
73873107,grass,grade5,versiegelt,0.334,0.334,0.333,0.333
73899022,grass,grade5,versiegelt,0.334,0.334,0.333,0.333
73899023,grass,grade5,versiegelt,0.334,0.334,0.333,0.333
73899024,grass,grade5,versiegelt,0.334,0.334,0.333,0.333
73914179,paved,unknown,versiegelt,0.334,0.334,0.333,0.333
74000143,asphalt,grade1,versiegelt,0.334,0.334,0.333,0.333
74000149,asphalt,grade1,versiegelt,0.334,0.334,0.333,0.333
74100191,asphalt,unknown,versiegelt,0.334,0.334,0.333,0.333
74100193,asphalt,unknown,versiegelt,0.334,0.334,0.333,0.333
74100195,asphalt,unknown,versiegelt,0.334,0.334,0.333,0.333
74265146,asphalt,unknown,versiegelt,0.334,0.334,0.333,0.333
74265148,asphalt,unknown,versiegelt,0.334,0.334,0.333,0.333
74619210,asphalt,grade1,versiegelt,0.334,0.334,0.333,0.333
74619211,fine_gravel,grade3,versiegelt,0.334,0.334,0.333,0.333
74619213,gravel,grade2,versiegelt,0.334,0.334,0.333,0.333
74619215,fine_gravel,grade3,versiegelt,0.334,0.334,0.333,0.333
74619216,asphalt,unknown,versiegelt,0.334,0.334,0.333,0.333
74619218,gravel,grade2,versiegelt,0.334,0.334,0.333,0.333
74837508,asphalt,unknown,versiegelt,0.334,0.334,0.333,0.333
74837511,asphalt,unknown,versiegelt,0.334,0.334,0.333,0.333
74837513,asphalt,unknown,versiegelt,0.334,0.334,0.333,0.333
74837514,asphalt,unknown,versiegelt,0.334,0.334,0.333,0.333
74837515,asphalt,unknown,versiegelt,0.334,0.334,0.333,0.333
74837517,asphalt,unknown,versiegelt,0.334,0.334,0.333,0.333
74837518,asphalt,unknown,versiegelt,0.334,0.334,0.333,0.333
74837519,asphalt,unknown,versiegelt,0.334,0.334,0.333,0.333
74837523,asphalt,unknown,versiegelt,0.334,0.334,0.333,0.333
74865246,grass,grade4,versiegelt,0.334,0.334,0.333,0.333
74865248,asphalt,grade1,versiegelt,0.334,0.334,0.333,0.333
74877058,asphalt,grade1,versiegelt,0.334,0.334,0.333,0.333
74877059,asphalt,grade1,versiegelt,0.334,0.334,0.333,0.333
74877060,grass,unknown,versiegelt,0.334,0.334,0.333,0.333
74877061,gravel,grade2,versiegelt,0.334,0.334,0.333,0.333
74877062,grass,unknown,versiegelt,0.334,0.334,0.333,0.333
74877066,grass,unknown,versiegelt,0.334,0.334,0.333,0.333
74877073,compacted,grade3,versiegelt,0.334,0.334,0.333,0.333
74877075,grass,grade5,versiegelt,0.334,0.334,0.333,0.333
74877078,compacted,grade3,versiegelt,0.334,0.334,0.333,0.333
74877079,grass,unknown,versiegelt,0.334,0.334,0.333,0.333
74894293,grass,grade5,versiegelt,0.334,0.334,0.333,0.333
74894304,grass,grade5,versiegelt,0.334,0.334,0.333,0.333
74894313,grass,grade5,versiegelt,0.334,0.334,0.333,0.333
74894318,gravel,grade4,versiegelt,0.334,0.334,0.333,0.333
74894321,gravel,grade2,versiegelt,0.334,0.334,0.333,0.333
74894322,grass,unknown,versiegelt,0.334,0.334,0.333,0.333
74894328,grass,grade5,versiegelt,0.334,0.334,0.333,0.333
75045142,asphalt,grade5,versiegelt,0.334,0.334,0.333,0.333
75393664,asphalt,unknown,versiegelt,0.334,0.334,0.333,0.333
75411678,grass,grade5,versiegelt,0.334,0.334,0.333,0.333
75411684,grass,grade5,versiegelt,0.334,0.334,0.333,0.333
75411690,grass,grade5,versiegelt,0.334,0.334,0.333,0.333
75411696,grass,grade5,versiegelt,0.334,0.334,0.333,0.333
75461560,grass,grade5,versiegelt,0.334,0.334,0.333,0.333
75461563,asphalt,grade1,versiegelt,0.334,0.334,0.333,0.333
75461578,grass,grade5,versiegelt,0.334,0.334,0.333,0.333
75461599,gravel,grade2,versiegelt,0.334,0.334,0.333,0.333
75461616,grass,grade5,versiegelt,0.334,0.334,0.333,0.333
75461650,grass,grade5,versiegelt,0.334,0.334,0.333,0.333
75461656,grass,grade5,versiegelt,0.334,0.334,0.333,0.333
75461659,grass,grade5,versiegelt,0.334,0.334,0.333,0.333
75461662,grass,grade5,versiegelt,0.334,0.334,0.333,0.333
75461669,grass,grade5,versiegelt,0.334,0.334,0.333,0.333
75603565,grass,grade5,versiegelt,0.334,0.334,0.333,0.333
75606304,fine_gravel,grade2,versiegelt,0.334,0.334,0.333,0.333
75619127,asphalt,grade1,versiegelt,0.334,0.334,0.333,0.333
75619129,asphalt,grade1,versiegelt,0.334,0.334,0.333,0.333
75635970,asphalt,unknown,versiegelt,0.334,0.334,0.333,0.333
75635978,asphalt,unknown,versiegelt,0.334,0.334,0.333,0.333
75801689,grass,grade5,versiegelt,0.334,0.334,0.333,0.333
75801694,grass,grade5,versiegelt,0.334,0.334,0.333,0.333
75801700,grass,grade5,versiegelt,0.334,0.334,0.333,0.333
75801705,asphalt,unknown,versiegelt,0.334,0.334,0.333,0.333
75801707,grass,grade5,versiegelt,0.334,0.334,0.333,0.333
75802402,unpaved,grade5,versiegelt,0.334,0.334,0.333,0.333
75802403,grass,grade5,versiegelt,0.334,0.334,0.333,0.333
75839706,grass,grade5,versiegelt,0.334,0.334,0.333,0.333
75839708,asphalt,grade1,versiegelt,0.334,0.334,0.333,0.333
76128988,grass,grade5,versiegelt,0.334,0.334,0.333,0.333
76128994,grass,grade5,versiegelt,0.334,0.334,0.333,0.333
76129006,grass,grade5,versiegelt,0.334,0.334,0.333,0.333
76129014,grass,grade5,versiegelt,0.334,0.334,0.333,0.333
76129017,fine_gravel,grade4,versiegelt,0.334,0.334,0.333,0.333
76129020,grass,grade5,versiegelt,0.334,0.334,0.333,0.333
76129026,grass,grade5,versiegelt,0.334,0.334,0.333,0.333
76129032,grass,grade5,versiegelt,0.334,0.334,0.333,0.333
76129036,asphalt,unknown,versiegelt,0.334,0.334,0.333,0.333
76129053,compacted,unknown,versiegelt,0.334,0.334,0.333,0.333
76146503,fine_gravel,grade2,versiegelt,0.334,0.334,0.333,0.333
76146504,gravel,grade2,versiegelt,0.334,0.334,0.333,0.333
76273768,grass,grade5,versiegelt,0.334,0.334,0.333,0.333
76273774,grass,grade5,versiegelt,0.334,0.334,0.333,0.333
76273776,grass,grade5,versiegelt,0.334,0.334,0.333,0.333
76273780,grass,grade5,versiegelt,0.334,0.334,0.333,0.333
76273785,gravel,grade2,versiegelt,0.334,0.334,0.333,0.333
76273787,grass,grade5,versiegelt,0.334,0.334,0.333,0.333
76273789,grass,grade5,versiegelt,0.334,0.334,0.333,0.333
76273793,grass,grade5,versiegelt,0.334,0.334,0.333,0.333
76273795,grass,grade5,versiegelt,0.334,0.334,0.333,0.333
76273804,grass,grade4,versiegelt,0.334,0.334,0.333,0.333
76273809,grass,grade5,versiegelt,0.334,0.334,0.333,0.333
76282681,gravel,grade2,versiegelt,0.334,0.334,0.333,0.333
76373578,asphalt,unknown,versiegelt,0.334,0.334,0.333,0.333
76667461,asphalt,unknown,versiegelt,0.334,0.334,0.333,0.333
76667465,asphalt,unknown,versiegelt,0.334,0.334,0.333,0.333
76667469,asphalt,unknown,versiegelt,0.334,0.334,0.333,0.333
76667479,asphalt,unknown,versiegelt,0.334,0.334,0.333,0.333
76684333,grass,grade5,versiegelt,0.334,0.334,0.333,0.333
76765208,grass,grade5,versiegelt,0.334,0.334,0.333,0.333
76765212,grass,grade5,versiegelt,0.334,0.334,0.333,0.333
76845684,grass,grade5,versiegelt,0.334,0.334,0.333,0.333
76845686,grass,grade5,versiegelt,0.334,0.334,0.333,0.333
76845687,grass,grade5,versiegelt,0.334,0.334,0.333,0.333
76845688,gravel,grade3,versiegelt,0.334,0.334,0.333,0.333
76845689,grass,grade5,versiegelt,0.334,0.334,0.333,0.333
76845690,grass,grade5,versiegelt,0.334,0.334,0.333,0.333
76845692,grass,grade5,versiegelt,0.334,0.334,0.333,0.333
76909566,gravel,grade3,versiegelt,0.334,0.334,0.333,0.333
76909571,grass,grade5,versiegelt,0.334,0.334,0.333,0.333
76909572,grass,grade5,versiegelt,0.334,0.334,0.333,0.333
76909575,grass,grade4,versiegelt,0.334,0.334,0.333,0.333
77044551,grass,grade5,versiegelt,0.334,0.334,0.333,0.333
77044552,paved,grade1,versiegelt,0.334,0.334,0.333,0.333
77044554,asphalt,unknown,versiegelt,0.334,0.334,0.333,0.333
77044555,asphalt,unknown,versiegelt,0.334,0.334,0.333,0.333
77044560,asphalt,unknown,versiegelt,0.334,0.334,0.333,0.333
77044566,grass,grade4,versiegelt,0.334,0.334,0.333,0.333
77044568,grass,grade4,versiegelt,0.334,0.334,0.333,0.333
77044569,asphalt,grade1,versiegelt,0.334,0.334,0.333,0.333
77044570,asphalt,grade1,versiegelt,0.334,0.334,0.333,0.333
77048396,paved,unknown,versiegelt,0.334,0.334,0.333,0.333
77048403,grass,grade5,versiegelt,0.334,0.334,0.333,0.333
77048409,asphalt,unknown,versiegelt,0.334,0.334,0.333,0.333
77049258,paved,grade1,versiegelt,0.334,0.334,0.333,0.333
77049362,asphalt,grade1,versiegelt,0.334,0.334,0.333,0.333
77049390,grass,grade5,versiegelt,0.334,0.334,0.333,0.333
77092453,asphalt,unknown,versiegelt,0.334,0.334,0.333,0.333
77092535,asphalt,unknown,versiegelt,0.334,0.334,0.333,0.333
77254498,grass,grade5,versiegelt,0.334,0.334,0.333,0.333
77254507,gravel,grade4,versiegelt,0.334,0.334,0.333,0.333
77254546,grass,grade5,versiegelt,0.334,0.334,0.333,0.333
77368914,grass,grade5,versiegelt,0.334,0.334,0.333,0.333
77368940,fine_gravel,grade2,versiegelt,0.334,0.334,0.333,0.333
77368945,grass,grade5,versiegelt,0.334,0.334,0.333,0.333
77368953,grass,grade5,versiegelt,0.334,0.334,0.333,0.333
77368963,grass,grade5,versiegelt,0.334,0.334,0.333,0.333
77485789,gravel,grade3,versiegelt,0.334,0.334,0.333,0.333
77485795,grass,grade5,versiegelt,0.334,0.334,0.333,0.333
77485807,grass,grade5,versiegelt,0.334,0.334,0.333,0.333
77766834,gravel,grade2,versiegelt,0.334,0.334,0.333,0.333
78087205,gravel,grade3,versiegelt,0.334,0.334,0.333,0.333
78194949,gravel,grade2,versiegelt,0.334,0.334,0.333,0.333
78194950,gravel,grade2,versiegelt,0.334,0.334,0.333,0.333
78199917,asphalt,unknown,versiegelt,0.334,0.334,0.333,0.333
78199918,asphalt,unknown,versiegelt,0.334,0.334,0.333,0.333
78271811,asphalt,grade1,versiegelt,0.334,0.334,0.333,0.333
78271815,grass,grade5,versiegelt,0.334,0.334,0.333,0.333
78271816,grass,grade5,versiegelt,0.334,0.334,0.333,0.333
78271819,asphalt,grade1,versiegelt,0.334,0.334,0.333,0.333
78271821,grass,grade5,versiegelt,0.334,0.334,0.333,0.333
78271822,grass,grade5,versiegelt,0.334,0.334,0.333,0.333
78271824,grass,grade5,versiegelt,0.334,0.334,0.333,0.333
78271827,grass,grade5,versiegelt,0.334,0.334,0.333,0.333
78271829,mud,grade5,versiegelt,0.334,0.334,0.333,0.333
78271831,asphalt,unknown,versiegelt,0.334,0.334,0.333,0.333
78271834,grass,grade5,versiegelt,0.334,0.334,0.333,0.333
78271840,grass,grade5,versiegelt,0.334,0.334,0.333,0.333
78271846,gravel,grade3,versiegelt,0.334,0.334,0.333,0.333
78271847,concrete,grade1,versiegelt,0.334,0.334,0.333,0.333
78271852,grass,grade5,versiegelt,0.334,0.334,0.333,0.333
78271854,grass,grade5,versiegelt,0.334,0.334,0.333,0.333
78271857,asphalt,grade1,versiegelt,0.334,0.334,0.333,0.333
78279581,asphalt,grade1,versiegelt,0.334,0.334,0.333,0.333
78279584,fine_gravel,grade2,versiegelt,0.334,0.334,0.333,0.333
78279585,fine_gravel,grade2,versiegelt,0.334,0.334,0.333,0.333
78279588,gravel,unknown,versiegelt,0.334,0.334,0.333,0.333
78279591,asphalt,grade1,versiegelt,0.334,0.334,0.333,0.333
78279592,fine_gravel,grade3,versiegelt,0.334,0.334,0.333,0.333
78279594,asphalt,grade1,versiegelt,0.334,0.334,0.333,0.333
78279595,gravel,unknown,versiegelt,0.334,0.334,0.333,0.333
78279598,fine_gravel,grade2,versiegelt,0.334,0.334,0.333,0.333
78279599,asphalt,grade1,versiegelt,0.334,0.334,0.333,0.333
78343979,gravel,grade4,versiegelt,0.334,0.334,0.333,0.333
78343994,asphalt,unknown,versiegelt,0.334,0.334,0.333,0.333
78344009,asphalt,unknown,versiegelt,0.334,0.334,0.333,0.333
78344011,gravel,grade4,versiegelt,0.334,0.334,0.333,0.333
78344019,asphalt,unknown,versiegelt,0.334,0.334,0.333,0.333
78344027,grass,grade5,versiegelt,0.334,0.334,0.333,0.333
78371154,asphalt,unknown,versiegelt,0.334,0.334,0.333,0.333
78371160,gravel,grade4,versiegelt,0.334,0.334,0.333,0.333
78371178,grass,grade5,versiegelt,0.334,0.334,0.333,0.333
78371184,fine_gravel,grade2,versiegelt,0.334,0.334,0.333,0.333
78669518,asphalt,grade1,versiegelt,0.334,0.334,0.333,0.333
78752528,gravel,grade3,versiegelt,0.334,0.334,0.333,0.333
78752529,fine_gravel,grade3,versiegelt,0.334,0.334,0.333,0.333
78752538,fine_gravel,grade2,versiegelt,0.334,0.334,0.333,0.333
78752555,fine_gravel,grade2,versiegelt,0.334,0.334,0.333,0.333
78752562,gravel,grade2,versiegelt,0.334,0.334,0.333,0.333
78752563,fine_gravel,grade3,versiegelt,0.334,0.334,0.333,0.333
78752569,fine_gravel,grade2,versiegelt,0.334,0.334,0.333,0.333
78752571,fine_gravel,grade2,versiegelt,0.334,0.334,0.333,0.333
78752577,fine_gravel,grade2,versiegelt,0.334,0.334,0.333,0.333
78752588,gravel,grade3,versiegelt,0.334,0.334,0.333,0.333
78752595,gravel,grade2,versiegelt,0.334,0.334,0.333,0.333
78752605,fine_gravel,grade3,versiegelt,0.334,0.334,0.333,0.333
78752609,fine_gravel,grade2,versiegelt,0.334,0.334,0.333,0.333
78752617,fine_gravel,grade2,versiegelt,0.334,0.334,0.333,0.333
78752620,fine_gravel,grade3,versiegelt,0.334,0.334,0.333,0.333
78752628,fine_gravel,grade2,versiegelt,0.334,0.334,0.333,0.333
78752636,fine_gravel,grade3,versiegelt,0.334,0.334,0.333,0.333
78752639,fine_gravel,grade2,versiegelt,0.334,0.334,0.333,0.333
78752646,fine_gravel,grade3,versiegelt,0.334,0.334,0.333,0.333
78786754,gravel,grade2,versiegelt,0.334,0.334,0.333,0.333
78786762,gravel,grade2,versiegelt,0.334,0.334,0.333,0.333
78822487,gravel,grade2,versiegelt,0.334,0.334,0.333,0.333
79125400,grass,grade4,versiegelt,0.334,0.334,0.333,0.333
79125402,fine_gravel,grade4,versiegelt,0.334,0.334,0.333,0.333
79125414,gravel,grade4,versiegelt,0.334,0.334,0.333,0.333
79213743,dirt,grade2,versiegelt,0.334,0.334,0.333,0.333
79213744,dirt,grade2,versiegelt,0.334,0.334,0.333,0.333
79213745,dirt,grade2,versiegelt,0.334,0.334,0.333,0.333
79213746,dirt,grade2,versiegelt,0.334,0.334,0.333,0.333
79213747,asphalt,unknown,versiegelt,0.334,0.334,0.333,0.333
79213748,dirt,grade2,versiegelt,0.334,0.334,0.333,0.333
79213749,asphalt,unknown,versiegelt,0.334,0.334,0.333,0.333
79241196,asphalt,unknown,versiegelt,0.334,0.334,0.333,0.333
79241203,asphalt,unknown,versiegelt,0.334,0.334,0.333,0.333
79241219,asphalt,unknown,versiegelt,0.334,0.334,0.333,0.333
79710067,gravel,grade3,versiegelt,0.334,0.334,0.333,0.333
79710068,gravel,grade3,versiegelt,0.334,0.334,0.333,0.333
79710069,asphalt,grade1,versiegelt,0.334,0.334,0.333,0.333
79710070,gravel,grade3,versiegelt,0.334,0.334,0.333,0.333
79710071,gravel,grade3,versiegelt,0.334,0.334,0.333,0.333
79710075,asphalt,grade1,versiegelt,0.334,0.334,0.333,0.333
79710076,gravel,grade3,versiegelt,0.334,0.334,0.333,0.333
79762138,gravel,grade4,versiegelt,0.334,0.334,0.333,0.333
79762139,grass,grade4,versiegelt,0.334,0.334,0.333,0.333
80278205,gravel,grade3,versiegelt,0.334,0.334,0.333,0.333
80278208,grass,unknown,versiegelt,0.334,0.334,0.333,0.333
80278209,grass,grade5,versiegelt,0.334,0.334,0.333,0.333
80278211,compacted,unknown,versiegelt,0.334,0.334,0.333,0.333
80278212,gravel,grade3,versiegelt,0.334,0.334,0.333,0.333
80278213,compacted,unknown,versiegelt,0.334,0.334,0.333,0.333
80341424,gravel,grade2,versiegelt,0.334,0.334,0.333,0.333
80374736,concrete,grade2,versiegelt,0.334,0.334,0.333,0.333
80374737,gravel,grade2,versiegelt,0.334,0.334,0.333,0.333
80374739,gravel,grade2,versiegelt,0.334,0.334,0.333,0.333
80374740,fine_gravel,grade2,versiegelt,0.334,0.334,0.333,0.333
80374747,asphalt,unknown,versiegelt,0.334,0.334,0.333,0.333
80374752,asphalt,unknown,versiegelt,0.334,0.334,0.333,0.333
80374766,gravel,grade3,versiegelt,0.334,0.334,0.333,0.333
80374786,fine_gravel,grade2,versiegelt,0.334,0.334,0.333,0.333
80374916,grass,grade5,versiegelt,0.334,0.334,0.333,0.333
80374917,grass,grade5,versiegelt,0.334,0.334,0.333,0.333
80374918,gravel,grade3,versiegelt,0.334,0.334,0.333,0.333
80375549,asphalt,grade1,versiegelt,0.334,0.334,0.333,0.333
80375552,grass,grade4,versiegelt,0.334,0.334,0.333,0.333
80375554,fine_gravel,grade3,versiegelt,0.334,0.334,0.333,0.333
80375555,gravel,grade3,versiegelt,0.334,0.334,0.333,0.333
80375556,grass,grade5,versiegelt,0.334,0.334,0.333,0.333
80375557,grass,grade5,versiegelt,0.334,0.334,0.333,0.333
80375558,grass,grade5,versiegelt,0.334,0.334,0.333,0.333
80375559,grass,grade4,versiegelt,0.334,0.334,0.333,0.333
80377902,asphalt,unknown,versiegelt,0.334,0.334,0.333,0.333
80377906,gravel,grade2,versiegelt,0.334,0.334,0.333,0.333
80377911,grass,grade4,versiegelt,0.334,0.334,0.333,0.333
80377917,gravel,grade3,versiegelt,0.334,0.334,0.333,0.333
80377919,grass,grade5,versiegelt,0.334,0.334,0.333,0.333
80377932,compacted,grade2,versiegelt,0.334,0.334,0.333,0.333
80377940,gravel,grade2,versiegelt,0.334,0.334,0.333,0.333
80377943,gravel,grade4,versiegelt,0.334,0.334,0.333,0.333
80377947,asphalt,unknown,versiegelt,0.334,0.334,0.333,0.333
80377949,fine_gravel,grade2,versiegelt,0.334,0.334,0.333,0.333
80377961,grass,grade5,versiegelt,0.334,0.334,0.333,0.333
80377962,gravel,grade4,versiegelt,0.334,0.334,0.333,0.333
80377964,grass,grade5,versiegelt,0.334,0.334,0.333,0.333
80377971,gravel,grade2,versiegelt,0.334,0.334,0.333,0.333
80445942,grass,grade3,versiegelt,0.334,0.334,0.333,0.333
80445944,gravel,grade3,versiegelt,0.334,0.334,0.333,0.333
80445946,gravel,grade3,versiegelt,0.334,0.334,0.333,0.333
80445950,gravel,grade3,versiegelt,0.334,0.334,0.333,0.333
80445954,gravel,grade3,versiegelt,0.334,0.334,0.333,0.333
80529221,compacted,grade2,versiegelt,0.334,0.334,0.333,0.333
80529227,gravel,grade2,versiegelt,0.334,0.334,0.333,0.333
80529852,fine_gravel,grade2,versiegelt,0.334,0.334,0.333,0.333
80529875,gravel,grade2,versiegelt,0.334,0.334,0.333,0.333
80531430,gravel,grade3,versiegelt,0.334,0.334,0.333,0.333
80531433,grass,grade5,versiegelt,0.334,0.334,0.333,0.333
80531440,asphalt,unknown,versiegelt,0.334,0.334,0.333,0.333
80531443,gravel,grade4,versiegelt,0.334,0.334,0.333,0.333
80531447,asphalt,unknown,versiegelt,0.334,0.334,0.333,0.333
80531451,grass,grade5,versiegelt,0.334,0.334,0.333,0.333
80531454,grass,grade5,versiegelt,0.334,0.334,0.333,0.333
80531456,grass,grade5,versiegelt,0.334,0.334,0.333,0.333
80531458,grass,grade5,versiegelt,0.334,0.334,0.333,0.333
80531460,grass,grade5,versiegelt,0.334,0.334,0.333,0.333
80531466,grass,grade5,versiegelt,0.334,0.334,0.333,0.333
80531468,grass,grade5,versiegelt,0.334,0.334,0.333,0.333
80531471,fine_gravel,grade2,versiegelt,0.334,0.334,0.333,0.333
80531474,mud,grade5,versiegelt,0.334,0.334,0.333,0.333
80531477,grass,grade5,versiegelt,0.334,0.334,0.333,0.333
80531481,gravel,grade4,versiegelt,0.334,0.334,0.333,0.333
80531484,grass,grade5,versiegelt,0.334,0.334,0.333,0.333
80531487,grass,grade5,versiegelt,0.334,0.334,0.333,0.333
80533617,asphalt,grade1,versiegelt,0.334,0.334,0.333,0.333
80533623,asphalt,grade1,versiegelt,0.334,0.334,0.333,0.333
80534192,gravel,grade2,versiegelt,0.334,0.334,0.333,0.333
80534194,gravel,grade2,versiegelt,0.334,0.334,0.333,0.333
80534195,grass,grade4,versiegelt,0.334,0.334,0.333,0.333
80635655,gravel,grade3,versiegelt,0.334,0.334,0.333,0.333
80751452,paved,grade1,versiegelt,0.334,0.334,0.333,0.333
80751459,asphalt,grade1,versiegelt,0.334,0.334,0.333,0.333
80751462,grass,grade4,versiegelt,0.334,0.334,0.333,0.333
80870733,grass,grade5,versiegelt,0.334,0.334,0.333,0.333
80870734,asphalt,grade1,versiegelt,0.334,0.334,0.333,0.333
80870735,fine_gravel,grade3,versiegelt,0.334,0.334,0.333,0.333
80870736,grass,grade5,versiegelt,0.334,0.334,0.333,0.333
80870737,grass,grade5,versiegelt,0.334,0.334,0.333,0.333
80870738,fine_gravel,grade3,versiegelt,0.334,0.334,0.333,0.333
80870739,asphalt,grade1,versiegelt,0.334,0.334,0.333,0.333
80870740,gravel,grade3,versiegelt,0.334,0.334,0.333,0.333
80870741,fine_gravel,grade3,versiegelt,0.334,0.334,0.333,0.333
80870742,gravel,grade3,versiegelt,0.334,0.334,0.333,0.333
80870743,grass,grade5,versiegelt,0.334,0.334,0.333,0.333
80870745,asphalt,grade1,versiegelt,0.334,0.334,0.333,0.333
80870747,fine_gravel,grade3,versiegelt,0.334,0.334,0.333,0.333
80870748,gravel,grade4,versiegelt,0.334,0.334,0.333,0.333
80929476,asphalt,unknown,versiegelt,0.334,0.334,0.333,0.333
80929478,asphalt,unknown,versiegelt,0.334,0.334,0.333,0.333
80929480,asphalt,unknown,versiegelt,0.334,0.334,0.333,0.333
80929483,asphalt,unknown,versiegelt,0.334,0.334,0.333,0.333
81021242,asphalt,grade1,versiegelt,0.334,0.334,0.333,0.333
81021247,asphalt,grade1,versiegelt,0.334,0.334,0.333,0.333
81021250,asphalt,unknown,versiegelt,0.334,0.334,0.333,0.333
81021252,asphalt,unknown,versiegelt,0.334,0.334,0.333,0.333
81929569,gravel,grade2,versiegelt,0.334,0.334,0.333,0.333
81929570,gravel,grade2,versiegelt,0.334,0.334,0.333,0.333
81929574,grass,grade5,versiegelt,0.334,0.334,0.333,0.333
81929575,asphalt,grade1,versiegelt,0.334,0.334,0.333,0.333
81929577,gravel,grade3,versiegelt,0.334,0.334,0.333,0.333
82425093,asphalt,unknown,versiegelt,0.334,0.334,0.333,0.333
82628067,grass,grade4,versiegelt,0.334,0.334,0.333,0.333
82628071,grass,grade4,versiegelt,0.334,0.334,0.333,0.333
82628074,gravel,unknown,versiegelt,0.334,0.334,0.333,0.333
82628078,asphalt,unknown,versiegelt,0.334,0.334,0.333,0.333
82628080,grass,grade5,versiegelt,0.334,0.334,0.333,0.333
82628082,grass,grade4,versiegelt,0.334,0.334,0.333,0.333
82628084,gravel,unknown,versiegelt,0.334,0.334,0.333,0.333
82628085,grass,grade5,versiegelt,0.334,0.334,0.333,0.333
82628089,grass,grade5,versiegelt,0.334,0.334,0.333,0.333
82628092,grass,grade4,versiegelt,0.334,0.334,0.333,0.333
82628095,grass,grade4,versiegelt,0.334,0.334,0.333,0.333
83407356,asphalt,unknown,versiegelt,0.334,0.334,0.333,0.333
83442422,asphalt,grade1,versiegelt,0.334,0.334,0.333,0.333
83442424,gravel,grade2,versiegelt,0.334,0.334,0.333,0.333
83505360,asphalt,unknown,versiegelt,0.334,0.334,0.333,0.333
83505362,asphalt,unknown,versiegelt,0.334,0.334,0.333,0.333
83505366,grass,grade5,versiegelt,0.334,0.334,0.333,0.333
83590856,grass,grade4,versiegelt,0.334,0.334,0.333,0.333
83590860,gravel,grade4,versiegelt,0.334,0.334,0.333,0.333
83714392,asphalt,grade1,versiegelt,0.334,0.334,0.333,0.333
83714399,asphalt,grade1,versiegelt,0.334,0.334,0.333,0.333
83714400,grass,grade5,versiegelt,0.334,0.334,0.333,0.333
83714401,grass,grade5,versiegelt,0.334,0.334,0.333,0.333
83714403,grass,grade4,versiegelt,0.334,0.334,0.333,0.333
83714411,paved,grade1,versiegelt,0.334,0.334,0.333,0.333
83714412,grass,grade5,versiegelt,0.334,0.334,0.333,0.333
84193593,grass,grade4,versiegelt,0.334,0.334,0.333,0.333
84914375,asphalt,unknown,versiegelt,0.334,0.334,0.333,0.333
84914380,grass,grade5,versiegelt,0.334,0.334,0.333,0.333
84914421,asphalt,unknown,versiegelt,0.334,0.334,0.333,0.333
84956763,asphalt,unknown,versiegelt,0.334,0.334,0.333,0.333
84956795,asphalt,unknown,versiegelt,0.334,0.334,0.333,0.333
84964872,asphalt,unknown,versiegelt,0.334,0.334,0.333,0.333
85053959,gravel,unknown,versiegelt,0.334,0.334,0.333,0.333
85220063,asphalt,unknown,versiegelt,0.334,0.334,0.333,0.333
85220077,asphalt,unknown,versiegelt,0.334,0.334,0.333,0.333
85435013,asphalt,unknown,versiegelt,0.334,0.334,0.333,0.333
85435022,asphalt,unknown,versiegelt,0.334,0.334,0.333,0.333
85435026,asphalt,unknown,versiegelt,0.334,0.334,0.333,0.333
85435038,asphalt,unknown,versiegelt,0.334,0.334,0.333,0.333
85435044,asphalt,unknown,versiegelt,0.334,0.334,0.333,0.333
85435052,asphalt,unknown,versiegelt,0.334,0.334,0.333,0.333
85435081,asphalt,unknown,versiegelt,0.334,0.334,0.333,0.333
85501107,asphalt,unknown,versiegelt,0.334,0.334,0.333,0.333
85501112,asphalt,unknown,versiegelt,0.334,0.334,0.333,0.333
85521155,asphalt,unknown,versiegelt,0.334,0.334,0.333,0.333
85521158,asphalt,unknown,versiegelt,0.334,0.334,0.333,0.333
85521165,asphalt,unknown,versiegelt,0.334,0.334,0.333,0.333
85521171,asphalt,unknown,versiegelt,0.334,0.334,0.333,0.333
85521173,asphalt,unknown,versiegelt,0.334,0.334,0.333,0.333
85521176,asphalt,unknown,versiegelt,0.334,0.334,0.333,0.333
85521180,asphalt,unknown,versiegelt,0.334,0.334,0.333,0.333
85521204,asphalt,unknown,versiegelt,0.334,0.334,0.333,0.333
85581513,fine_gravel,grade2,versiegelt,0.334,0.334,0.333,0.333
85581761,fine_gravel,grade2,versiegelt,0.334,0.334,0.333,0.333
85582144,fine_gravel,grade2,versiegelt,0.334,0.334,0.333,0.333
85622745,asphalt,unknown,versiegelt,0.334,0.334,0.333,0.333
85622748,asphalt,unknown,versiegelt,0.334,0.334,0.333,0.333
85622749,asphalt,unknown,versiegelt,0.334,0.334,0.333,0.333
85622752,asphalt,unknown,versiegelt,0.334,0.334,0.333,0.333
85659019,paved,unknown,versiegelt,0.334,0.334,0.333,0.333
85685733,asphalt,unknown,versiegelt,0.334,0.334,0.333,0.333
85685740,asphalt,unknown,versiegelt,0.334,0.334,0.333,0.333
85685765,asphalt,unknown,versiegelt,0.334,0.334,0.333,0.333
85685771,asphalt,unknown,versiegelt,0.334,0.334,0.333,0.333
85711882,asphalt,unknown,versiegelt,0.334,0.334,0.333,0.333
85767589,asphalt,unknown,versiegelt,0.334,0.334,0.333,0.333
85767602,asphalt,unknown,versiegelt,0.334,0.334,0.333,0.333
85767604,asphalt,unknown,versiegelt,0.334,0.334,0.333,0.333
85767616,asphalt,unknown,versiegelt,0.334,0.334,0.333,0.333
85767644,gravel,unknown,versiegelt,0.334,0.334,0.333,0.333
85773494,gravel,unknown,versiegelt,0.334,0.334,0.333,0.333
86925853,asphalt,unknown,versiegelt,0.334,0.334,0.333,0.333
86925858,asphalt,unknown,versiegelt,0.334,0.334,0.333,0.333
86925861,asphalt,unknown,versiegelt,0.334,0.334,0.333,0.333
86925862,asphalt,unknown,versiegelt,0.334,0.334,0.333,0.333
86925866,asphalt,unknown,versiegelt,0.334,0.334,0.333,0.333
86925870,asphalt,unknown,versiegelt,0.334,0.334,0.333,0.333
86925873,asphalt,unknown,versiegelt,0.334,0.334,0.333,0.333
86925874,asphalt,unknown,versiegelt,0.334,0.334,0.333,0.333
87194192,asphalt,unknown,versiegelt,0.334,0.334,0.333,0.333
87194193,asphalt,unknown,versiegelt,0.334,0.334,0.333,0.333
87194194,asphalt,unknown,versiegelt,0.334,0.334,0.333,0.333
87194196,asphalt,unknown,versiegelt,0.334,0.334,0.333,0.333
87194198,asphalt,unknown,versiegelt,0.334,0.334,0.333,0.333
87194213,asphalt,unknown,versiegelt,0.334,0.334,0.333,0.333
87853487,asphalt,unknown,versiegelt,0.334,0.334,0.333,0.333
87853491,asphalt,unknown,versiegelt,0.334,0.334,0.333,0.333
87853496,asphalt,unknown,versiegelt,0.334,0.334,0.333,0.333
87853498,asphalt,unknown,versiegelt,0.334,0.334,0.333,0.333
87853502,asphalt,unknown,versiegelt,0.334,0.334,0.333,0.333
88022695,grass,grade5,versiegelt,0.334,0.334,0.333,0.333
88022825,grass,grade5,versiegelt,0.334,0.334,0.333,0.333
88028331,grass,grade5,versiegelt,0.334,0.334,0.333,0.333
88028362,grass,grade5,versiegelt,0.334,0.334,0.333,0.333
88044775,gravel,unknown,versiegelt,0.334,0.334,0.333,0.333
88044790,grass,grade5,versiegelt,0.334,0.334,0.333,0.333
88044802,grass,grade5,versiegelt,0.334,0.334,0.333,0.333
88044809,gravel,unknown,versiegelt,0.334,0.334,0.333,0.333
88052113,asphalt,unknown,versiegelt,0.334,0.334,0.333,0.333
88058277,gravel,grade2,versiegelt,0.334,0.334,0.333,0.333
88058284,asphalt,grade1,versiegelt,0.334,0.334,0.333,0.333
88077127,grass,grade5,versiegelt,0.334,0.334,0.333,0.333
88077132,grass,grade5,versiegelt,0.334,0.334,0.333,0.333
88077136,grass,grade5,versiegelt,0.334,0.334,0.333,0.333
88077190,grass,grade5,versiegelt,0.334,0.334,0.333,0.333
88077198,grass,grade5,versiegelt,0.334,0.334,0.333,0.333
88077201,grass,grade5,versiegelt,0.334,0.334,0.333,0.333
88077203,grass,grade5,versiegelt,0.334,0.334,0.333,0.333
88077208,grass,grade5,versiegelt,0.334,0.334,0.333,0.333
88077211,grass,grade5,versiegelt,0.334,0.334,0.333,0.333
88077227,grass,grade5,versiegelt,0.334,0.334,0.333,0.333
88369896,grass,grade5,versiegelt,0.334,0.334,0.333,0.333
88549202,asphalt,grade1,versiegelt,0.334,0.334,0.333,0.333
88902344,grass,grade5,versiegelt,0.334,0.334,0.333,0.333
88902349,grass,grade5,versiegelt,0.334,0.334,0.333,0.333
88902350,grass,grade5,versiegelt,0.334,0.334,0.333,0.333
88902357,grass,grade5,versiegelt,0.334,0.334,0.333,0.333
88902360,grass,grade5,versiegelt,0.334,0.334,0.333,0.333
88902370,grass,grade5,versiegelt,0.334,0.334,0.333,0.333
88902371,grass,grade5,versiegelt,0.334,0.334,0.333,0.333
88902379,grass,grade5,versiegelt,0.334,0.334,0.333,0.333
88902382,grass,grade5,versiegelt,0.334,0.334,0.333,0.333
88902385,grass,grade5,versiegelt,0.334,0.334,0.333,0.333
88902391,grass,grade5,versiegelt,0.334,0.334,0.333,0.333
88902401,grass,grade5,versiegelt,0.334,0.334,0.333,0.333
89291703,grass,grade5,versiegelt,0.334,0.334,0.333,0.333
89291712,grass,grade5,versiegelt,0.334,0.334,0.333,0.333
89291713,grass,grade5,versiegelt,0.334,0.334,0.333,0.333
89291714,grass,grade5,versiegelt,0.334,0.334,0.333,0.333
89291717,grass,grade5,versiegelt,0.334,0.334,0.333,0.333
89291720,grass,grade5,versiegelt,0.334,0.334,0.333,0.333
89291729,grass,grade5,versiegelt,0.334,0.334,0.333,0.333
89291731,grass,grade5,versiegelt,0.334,0.334,0.333,0.333
89291734,grass,grade5,versiegelt,0.334,0.334,0.333,0.333
89291736,grass,grade5,versiegelt,0.334,0.334,0.333,0.333
89291744,grass,grade5,versiegelt,0.334,0.334,0.333,0.333
89291746,grass,grade5,versiegelt,0.334,0.334,0.333,0.333
89291750,grass,grade5,versiegelt,0.334,0.334,0.333,0.333
89291753,grass,grade5,versiegelt,0.334,0.334,0.333,0.333
89291757,grass,grade5,versiegelt,0.334,0.334,0.333,0.333
89291760,grass,grade5,versiegelt,0.334,0.334,0.333,0.333
89291768,grass,grade5,versiegelt,0.334,0.334,0.333,0.333
89291774,grass,grade5,versiegelt,0.334,0.334,0.333,0.333
89291777,grass,grade5,versiegelt,0.334,0.334,0.333,0.333
89291783,grass,grade5,versiegelt,0.334,0.334,0.333,0.333
89291795,grass,grade5,versiegelt,0.334,0.334,0.333,0.333
89291801,grass,grade5,versiegelt,0.334,0.334,0.333,0.333
89291808,grass,grade5,versiegelt,0.334,0.334,0.333,0.333
89291813,grass,grade5,versiegelt,0.334,0.334,0.333,0.333
89291830,grass,grade5,versiegelt,0.334,0.334,0.333,0.333
89291833,grass,grade5,versiegelt,0.334,0.334,0.333,0.333
89291834,grass,grade5,versiegelt,0.334,0.334,0.333,0.333
89291839,grass,grade5,versiegelt,0.334,0.334,0.333,0.333
89291847,grass,grade5,versiegelt,0.334,0.334,0.333,0.333
89291853,grass,grade5,versiegelt,0.334,0.334,0.333,0.333
89291859,grass,grade5,versiegelt,0.334,0.334,0.333,0.333
89291862,grass,grade5,versiegelt,0.334,0.334,0.333,0.333
89291873,grass,grade5,versiegelt,0.334,0.334,0.333,0.333
89291875,grass,grade5,versiegelt,0.334,0.334,0.333,0.333
89291884,grass,grade5,versiegelt,0.334,0.334,0.333,0.333
89291886,grass,grade5,versiegelt,0.334,0.334,0.333,0.333
89291890,grass,grade5,versiegelt,0.334,0.334,0.333,0.333
89291896,grass,grade5,versiegelt,0.334,0.334,0.333,0.333
89291907,grass,grade5,versiegelt,0.334,0.334,0.333,0.333
89291910,grass,grade5,versiegelt,0.334,0.334,0.333,0.333
89291917,grass,grade5,versiegelt,0.334,0.334,0.333,0.333
89291921,grass,grade5,versiegelt,0.334,0.334,0.333,0.333
89291928,grass,grade5,versiegelt,0.334,0.334,0.333,0.333
89291931,grass,grade5,versiegelt,0.334,0.334,0.333,0.333
89291949,grass,grade3,versiegelt,0.334,0.334,0.333,0.333
89291959,grass,grade5,versiegelt,0.334,0.334,0.333,0.333
89291962,grass,grade5,versiegelt,0.334,0.334,0.333,0.333
89291972,grass,grade5,versiegelt,0.334,0.334,0.333,0.333
89291975,grass,grade5,versiegelt,0.334,0.334,0.333,0.333
89291992,grass,grade5,versiegelt,0.334,0.334,0.333,0.333
89291999,grass,grade5,versiegelt,0.334,0.334,0.333,0.333
89292001,grass,grade5,versiegelt,0.334,0.334,0.333,0.333
89292005,grass,grade5,versiegelt,0.334,0.334,0.333,0.333
89292024,grass,grade5,versiegelt,0.334,0.334,0.333,0.333
89292027,grass,grade5,versiegelt,0.334,0.334,0.333,0.333
89292036,grass,grade5,versiegelt,0.334,0.334,0.333,0.333
89292037,grass,grade5,versiegelt,0.334,0.334,0.333,0.333
89292045,grass,grade5,versiegelt,0.334,0.334,0.333,0.333
89292048,grass,grade5,versiegelt,0.334,0.334,0.333,0.333
89292050,asphalt,grade1,versiegelt,0.334,0.334,0.333,0.333
89292058,grass,grade5,versiegelt,0.334,0.334,0.333,0.333
89335509,asphalt,unknown,versiegelt,0.334,0.334,0.333,0.333
89457667,paved,grade1,versiegelt,0.334,0.334,0.333,0.333
89457673,gravel,grade3,versiegelt,0.334,0.334,0.333,0.333
89457675,grass,grade5,versiegelt,0.334,0.334,0.333,0.333
89457678,paved,grade1,versiegelt,0.334,0.334,0.333,0.333
89457684,grass,grade5,versiegelt,0.334,0.334,0.333,0.333
89457686,gravel,grade3,versiegelt,0.334,0.334,0.333,0.333
89457703,gravel,grade3,versiegelt,0.334,0.334,0.333,0.333
89457723,grass,grade5,versiegelt,0.334,0.334,0.333,0.333
89457737,grass,grade5,versiegelt,0.334,0.334,0.333,0.333
89467598,grass,grade4,versiegelt,0.334,0.334,0.333,0.333
89467603,grass,grade4,versiegelt,0.334,0.334,0.333,0.333
89467607,gravel,grade2,versiegelt,0.334,0.334,0.333,0.333
89467609,grass,grade4,versiegelt,0.334,0.334,0.333,0.333
89471254,grass,grade4,versiegelt,0.334,0.334,0.333,0.333
89471261,grass,grade4,versiegelt,0.334,0.334,0.333,0.333
90048858,asphalt,grade2,versiegelt,0.334,0.334,0.333,0.333
90048865,asphalt,grade1,versiegelt,0.334,0.334,0.333,0.333
90048866,asphalt,unknown,versiegelt,0.334,0.334,0.333,0.333
90048872,asphalt,unknown,versiegelt,0.334,0.334,0.333,0.333
90048874,asphalt,unknown,versiegelt,0.334,0.334,0.333,0.333
90048876,asphalt,unknown,versiegelt,0.334,0.334,0.333,0.333
90048881,asphalt,unknown,versiegelt,0.334,0.334,0.333,0.333
90048883,asphalt,unknown,versiegelt,0.334,0.334,0.333,0.333
90057224,grass,grade5,versiegelt,0.334,0.334,0.333,0.333
90057239,asphalt,grade1,versiegelt,0.334,0.334,0.333,0.333
90057242,grass,grade5,versiegelt,0.334,0.334,0.333,0.333
90057247,grass,grade5,versiegelt,0.334,0.334,0.333,0.333
90057250,grass,grade5,versiegelt,0.334,0.334,0.333,0.333
90057254,grass,grade5,versiegelt,0.334,0.334,0.333,0.333
90057269,grass,grade5,versiegelt,0.334,0.334,0.333,0.333
90057286,asphalt,grade1,versiegelt,0.334,0.334,0.333,0.333
90057297,asphalt,grade1,versiegelt,0.334,0.334,0.333,0.333
90057303,grass,grade5,versiegelt,0.334,0.334,0.333,0.333
90057311,grass,grade5,versiegelt,0.334,0.334,0.333,0.333
90057317,grass,grade5,versiegelt,0.334,0.334,0.333,0.333
90057322,grass,grade5,versiegelt,0.334,0.334,0.333,0.333
90057330,grass,grade5,versiegelt,0.334,0.334,0.333,0.333
90109939,grass,grade5,versiegelt,0.334,0.334,0.333,0.333
90115511,grass,grade5,versiegelt,0.334,0.334,0.333,0.333
90115514,asphalt,grade1,versiegelt,0.334,0.334,0.333,0.333
90115516,asphalt,grade1,versiegelt,0.334,0.334,0.333,0.333
90115523,asphalt,grade1,versiegelt,0.334,0.334,0.333,0.333
90115526,asphalt,grade1,versiegelt,0.334,0.334,0.333,0.333
90115529,asphalt,grade1,versiegelt,0.334,0.334,0.333,0.333
90115535,compacted,grade3,versiegelt,0.334,0.334,0.333,0.333
90115536,compacted,grade3,versiegelt,0.334,0.334,0.333,0.333
90115541,grass,grade5,versiegelt,0.334,0.334,0.333,0.333
90115551,grass,grade5,versiegelt,0.334,0.334,0.333,0.333
90115555,compacted,grade3,versiegelt,0.334,0.334,0.333,0.333
90115558,grass,grade5,versiegelt,0.334,0.334,0.333,0.333
90115560,asphalt,grade1,versiegelt,0.334,0.334,0.333,0.333
90115561,asphalt,grade1,versiegelt,0.334,0.334,0.333,0.333
90115569,gravel,grade5,versiegelt,0.334,0.334,0.333,0.333
90115571,asphalt,grade1,versiegelt,0.334,0.334,0.333,0.333
90116428,asphalt,grade1,versiegelt,0.334,0.334,0.333,0.333
90116429,asphalt,grade1,versiegelt,0.334,0.334,0.333,0.333
90116670,gravel,grade2,versiegelt,0.334,0.334,0.333,0.333
90116671,gravel,grade2,versiegelt,0.334,0.334,0.333,0.333
90118075,asphalt,grade1,versiegelt,0.334,0.334,0.333,0.333
90118077,gravel,grade3,versiegelt,0.334,0.334,0.333,0.333
90118084,gravel,unknown,versiegelt,0.334,0.334,0.333,0.333
90118089,asphalt,grade1,versiegelt,0.334,0.334,0.333,0.333
90118092,asphalt,grade1,versiegelt,0.334,0.334,0.333,0.333
90118096,gravel,grade1,versiegelt,0.334,0.334,0.333,0.333
90118097,asphalt,grade1,versiegelt,0.334,0.334,0.333,0.333
90118099,gravel,grade2,versiegelt,0.334,0.334,0.333,0.333
90118104,grass,grade5,versiegelt,0.334,0.334,0.333,0.333
90194014,fine_gravel,grade2,versiegelt,0.334,0.334,0.333,0.333
90196441,asphalt,unknown,versiegelt,0.334,0.334,0.333,0.333
90196450,asphalt,grade1,versiegelt,0.334,0.334,0.333,0.333
90196461,asphalt,grade1,versiegelt,0.334,0.334,0.333,0.333
90196470,asphalt,grade1,versiegelt,0.334,0.334,0.333,0.333
90202850,asphalt,unknown,versiegelt,0.334,0.334,0.333,0.333
90202852,asphalt,unknown,versiegelt,0.334,0.334,0.333,0.333
90202855,grass,grade5,versiegelt,0.334,0.334,0.333,0.333
90202856,gravel,grade4,versiegelt,0.334,0.334,0.333,0.333
90202859,gravel,grade4,versiegelt,0.334,0.334,0.333,0.333
90202860,fine_gravel,grade2,versiegelt,0.334,0.334,0.333,0.333
90202861,grass,grade5,versiegelt,0.334,0.334,0.333,0.333
90202872,grass,grade5,versiegelt,0.334,0.334,0.333,0.333
90202874,asphalt,unknown,versiegelt,0.334,0.334,0.333,0.333
90223262,grass,grade5,versiegelt,0.334,0.334,0.333,0.333
90223263,grass,grade5,versiegelt,0.334,0.334,0.333,0.333
90223265,grass,grade5,versiegelt,0.334,0.334,0.333,0.333
90225015,grass,grade5,versiegelt,0.334,0.334,0.333,0.333
90225019,grass,grade5,versiegelt,0.334,0.334,0.333,0.333
90230050,gravel,grade4,versiegelt,0.334,0.334,0.333,0.333
90230053,grass,grade5,versiegelt,0.334,0.334,0.333,0.333
90256117,fine_gravel,grade2,versiegelt,0.334,0.334,0.333,0.333
90256153,asphalt,grade1,versiegelt,0.334,0.334,0.333,0.333
90256165,fine_gravel,grade2,versiegelt,0.334,0.334,0.333,0.333
90256177,grass,grade5,versiegelt,0.334,0.334,0.333,0.333
90263658,grass,grade5,versiegelt,0.334,0.334,0.333,0.333
90266520,asphalt,grade1,versiegelt,0.334,0.334,0.333,0.333
90266521,asphalt,grade1,versiegelt,0.334,0.334,0.333,0.333
90266525,grass,grade5,versiegelt,0.334,0.334,0.333,0.333
90267124,grass,grade5,versiegelt,0.334,0.334,0.333,0.333
90267940,asphalt,grade1,versiegelt,0.334,0.334,0.333,0.333
90270788,compacted,grade3,versiegelt,0.334,0.334,0.333,0.333
90350438,asphalt,grade1,versiegelt,0.334,0.334,0.333,0.333
90503469,grass,grade5,versiegelt,0.334,0.334,0.333,0.333
90503479,grass,grade5,versiegelt,0.334,0.334,0.333,0.333
90503515,grass,grade5,versiegelt,0.334,0.334,0.333,0.333
90503526,grass,grade5,versiegelt,0.334,0.334,0.333,0.333
90503532,grass,grade5,versiegelt,0.334,0.334,0.333,0.333
90503553,grass,grade5,versiegelt,0.334,0.334,0.333,0.333
90503558,grass,grade5,versiegelt,0.334,0.334,0.333,0.333
90503563,grass,grade5,versiegelt,0.334,0.334,0.333,0.333
90503574,grass,grade5,versiegelt,0.334,0.334,0.333,0.333
90503575,grass,grade5,versiegelt,0.334,0.334,0.333,0.333
90503589,grass,grade5,versiegelt,0.334,0.334,0.333,0.333
90503592,grass,grade5,versiegelt,0.334,0.334,0.333,0.333
90503594,grass,grade5,versiegelt,0.334,0.334,0.333,0.333
90503634,grass,grade5,versiegelt,0.334,0.334,0.333,0.333
90503636,grass,grade5,versiegelt,0.334,0.334,0.333,0.333
90505648,grass,grade5,versiegelt,0.334,0.334,0.333,0.333
91394396,asphalt,grade5,versiegelt,0.334,0.334,0.333,0.333
91394397,grass,grade5,versiegelt,0.334,0.334,0.333,0.333
91394398,grass,grade4,versiegelt,0.334,0.334,0.333,0.333
91394402,grass,grade5,versiegelt,0.334,0.334,0.333,0.333
91394410,asphalt,grade1,versiegelt,0.334,0.334,0.333,0.333
91394412,gravel,grade2,versiegelt,0.334,0.334,0.333,0.333
91394416,grass,grade5,versiegelt,0.334,0.334,0.333,0.333
91394418,grass,grade5,versiegelt,0.334,0.334,0.333,0.333
91394422,grass,grade5,versiegelt,0.334,0.334,0.333,0.333
91399765,asphalt,grade5,versiegelt,0.334,0.334,0.333,0.333
91399769,grass,grade5,versiegelt,0.334,0.334,0.333,0.333
91399774,grass,grade4,versiegelt,0.334,0.334,0.333,0.333
91407277,grass,grade5,versiegelt,0.334,0.334,0.333,0.333
91407281,grass,grade5,versiegelt,0.334,0.334,0.333,0.333
91407285,grass,grade4,versiegelt,0.334,0.334,0.333,0.333
91407291,grass,grade4,versiegelt,0.334,0.334,0.333,0.333
91407294,grass,grade5,versiegelt,0.334,0.334,0.333,0.333
91416790,grass,grade5,versiegelt,0.334,0.334,0.333,0.333
91430155,asphalt,unknown,versiegelt,0.334,0.334,0.333,0.333
91586105,asphalt,grade1,versiegelt,0.334,0.334,0.333,0.333
91925358,grass,grade5,versiegelt,0.334,0.334,0.333,0.333
91925370,grass,grade5,versiegelt,0.334,0.334,0.333,0.333
92358237,asphalt,unknown,versiegelt,0.334,0.334,0.333,0.333
92359942,fine_gravel,grade2,versiegelt,0.334,0.334,0.333,0.333
92359946,asphalt,unknown,versiegelt,0.334,0.334,0.333,0.333
92379447,paved,grade2,versiegelt,0.334,0.334,0.333,0.333
92473652,grass,grade4,versiegelt,0.334,0.334,0.333,0.333
92692466,asphalt,grade1,versiegelt,0.334,0.334,0.333,0.333
92692475,asphalt,unknown,versiegelt,0.334,0.334,0.333,0.333
92709039,asphalt,unknown,versiegelt,0.334,0.334,0.333,0.333
92709040,asphalt,unknown,versiegelt,0.334,0.334,0.333,0.333
92747621,gravel,grade2,versiegelt,0.334,0.334,0.333,0.333
92755805,asphalt,grade1,versiegelt,0.334,0.334,0.333,0.333
92755806,gravel,grade2,versiegelt,0.334,0.334,0.333,0.333
92768684,gravel,grade2,versiegelt,0.334,0.334,0.333,0.333
92774858,paved,grade1,versiegelt,0.334,0.334,0.333,0.333
93221947,gravel,unknown,versiegelt,0.334,0.334,0.333,0.333
93221951,asphalt,unknown,versiegelt,0.334,0.334,0.333,0.333
93226341,grass,unknown,versiegelt,0.334,0.334,0.333,0.333
93226342,fine_gravel,grade3,versiegelt,0.334,0.334,0.333,0.333
93226343,asphalt,grade1,versiegelt,0.334,0.334,0.333,0.333
93258050,fine_gravel,grade2,versiegelt,0.334,0.334,0.333,0.333
93258051,asphalt,unknown,versiegelt,0.334,0.334,0.333,0.333
93399013,asphalt,unknown,versiegelt,0.334,0.334,0.333,0.333
93399015,asphalt,unknown,versiegelt,0.334,0.334,0.333,0.333
93399019,asphalt,unknown,versiegelt,0.334,0.334,0.333,0.333
93490689,asphalt,unknown,versiegelt,0.334,0.334,0.333,0.333
93490735,asphalt,unknown,versiegelt,0.334,0.334,0.333,0.333
93490744,asphalt,unknown,versiegelt,0.334,0.334,0.333,0.333
93490747,asphalt,unknown,versiegelt,0.334,0.334,0.333,0.333
93495177,asphalt,unknown,versiegelt,0.334,0.334,0.333,0.333
93541869,asphalt,unknown,versiegelt,0.334,0.334,0.333,0.333
93662980,asphalt,unknown,versiegelt,0.334,0.334,0.333,0.333
93662985,asphalt,unknown,versiegelt,0.334,0.334,0.333,0.333
93827788,asphalt,unknown,versiegelt,0.334,0.334,0.333,0.333
93864316,asphalt,unknown,versiegelt,0.334,0.334,0.333,0.333
93864320,asphalt,unknown,versiegelt,0.334,0.334,0.333,0.333
94159765,asphalt,unknown,versiegelt,0.334,0.334,0.333,0.333
94171102,gravel,unknown,versiegelt,0.334,0.334,0.333,0.333
94173377,asphalt,unknown,versiegelt,0.334,0.334,0.333,0.333
94173382,grass,grade5,versiegelt,0.334,0.334,0.333,0.333
94249612,asphalt,unknown,versiegelt,0.334,0.334,0.333,0.333
94249616,asphalt,grade1,versiegelt,0.334,0.334,0.333,0.333
94249631,asphalt,grade1,versiegelt,0.334,0.334,0.333,0.333
94771031,gravel,grade2,versiegelt,0.334,0.334,0.333,0.333
95009858,grass,grade5,versiegelt,0.334,0.334,0.333,0.333
95009870,grass,grade5,versiegelt,0.334,0.334,0.333,0.333
95049692,gravel,grade2,versiegelt,0.334,0.334,0.333,0.333
95233218,grass,grade5,versiegelt,0.334,0.334,0.333,0.333
95233221,gravel,unknown,versiegelt,0.334,0.334,0.333,0.333
95316720,asphalt,grade2,versiegelt,0.334,0.334,0.333,0.333
95422121,grass,grade4,versiegelt,0.334,0.334,0.333,0.333
95422122,asphalt,grade1,versiegelt,0.334,0.334,0.333,0.333
95457700,asphalt,unknown,versiegelt,0.334,0.334,0.333,0.333
95496997,gravel,grade2,versiegelt,0.334,0.334,0.333,0.333
95497002,grass,grade5,versiegelt,0.334,0.334,0.333,0.333
95545132,asphalt,unknown,versiegelt,0.334,0.334,0.333,0.333
95598951,asphalt,unknown,versiegelt,0.334,0.334,0.333,0.333
95598954,grass,grade5,versiegelt,0.334,0.334,0.333,0.333
95707690,asphalt,grade1,versiegelt,0.334,0.334,0.333,0.333
95891960,asphalt,grade1,versiegelt,0.334,0.334,0.333,0.333
96366195,asphalt,unknown,versiegelt,0.334,0.334,0.333,0.333
97239920,asphalt,unknown,versiegelt,0.334,0.334,0.333,0.333
97239928,asphalt,unknown,versiegelt,0.334,0.334,0.333,0.333
97408710,asphalt,unknown,versiegelt,0.334,0.334,0.333,0.333
97408713,gravel,unknown,versiegelt,0.334,0.334,0.333,0.333
97408720,asphalt,unknown,versiegelt,0.334,0.334,0.333,0.333
97408725,fine_gravel,grade2,versiegelt,0.334,0.334,0.333,0.333
97408726,asphalt,unknown,versiegelt,0.334,0.334,0.333,0.333
97408729,compacted,unknown,versiegelt,0.334,0.334,0.333,0.333
97408733,grass,unknown,versiegelt,0.334,0.334,0.333,0.333
97408749,paved,grade2,versiegelt,0.334,0.334,0.333,0.333
97408753,compacted,unknown,versiegelt,0.334,0.334,0.333,0.333
97408754,grass,unknown,versiegelt,0.334,0.334,0.333,0.333
97534758,gravel,unknown,versiegelt,0.334,0.334,0.333,0.333
98497141,grass,grade5,versiegelt,0.334,0.334,0.333,0.333
98497157,grass,grade5,versiegelt,0.334,0.334,0.333,0.333
98611796,asphalt,grade1,versiegelt,0.334,0.334,0.333,0.333
98737946,asphalt,grade1,versiegelt,0.334,0.334,0.333,0.333
98737947,paved,grade1,versiegelt,0.334,0.334,0.333,0.333
98737949,paved,grade1,versiegelt,0.334,0.334,0.333,0.333
98737950,asphalt,grade1,versiegelt,0.334,0.334,0.333,0.333
98737968,fine_gravel,grade3,versiegelt,0.334,0.334,0.333,0.333
98737969,asphalt,grade1,versiegelt,0.334,0.334,0.333,0.333
99005512,grass,grade4,versiegelt,0.334,0.334,0.333,0.333
100387420,grass,grade5,versiegelt,0.334,0.334,0.333,0.333
100387431,gravel,grade2,versiegelt,0.334,0.334,0.333,0.333
100387432,asphalt,grade1,versiegelt,0.334,0.334,0.333,0.333
100709804,asphalt,grade1,versiegelt,0.334,0.334,0.333,0.333
100712287,compacted,unknown,versiegelt,0.334,0.334,0.333,0.333
100712327,dirt,grade4,versiegelt,0.334,0.334,0.333,0.333
100714884,asphalt,grade1,versiegelt,0.334,0.334,0.333,0.333
100714885,asphalt,unknown,versiegelt,0.334,0.334,0.333,0.333
100714888,grass,grade5,versiegelt,0.334,0.334,0.333,0.333
100714894,grass,grade5,versiegelt,0.334,0.334,0.333,0.333
100714909,asphalt,grade1,versiegelt,0.334,0.334,0.333,0.333
101430581,asphalt,unknown,versiegelt,0.334,0.334,0.333,0.333
104022203,paved,unknown,versiegelt,0.334,0.334,0.333,0.333
105066156,compacted,grade2,versiegelt,0.334,0.334,0.333,0.333
105789262,asphalt,unknown,versiegelt,0.334,0.334,0.333,0.333
105789268,concrete,unknown,versiegelt,0.334,0.334,0.333,0.333
105789276,concrete,unknown,versiegelt,0.334,0.334,0.333,0.333
106060697,fine_gravel,grade2,versiegelt,0.334,0.334,0.333,0.333
106060698,fine_gravel,grade2,versiegelt,0.334,0.334,0.333,0.333
106423778,asphalt,unknown,versiegelt,0.334,0.334,0.333,0.333
106463840,asphalt,unknown,versiegelt,0.334,0.334,0.333,0.333
106465064,asphalt,unknown,versiegelt,0.334,0.334,0.333,0.333
106950030,gravel,unknown,versiegelt,0.334,0.334,0.333,0.333
107254063,gravel,grade2,versiegelt,0.334,0.334,0.333,0.333
107684898,asphalt,unknown,versiegelt,0.334,0.334,0.333,0.333
107881704,grass,grade5,versiegelt,0.334,0.334,0.333,0.333
108030158,asphalt,unknown,versiegelt,0.334,0.334,0.333,0.333
108030168,paved,grade2,versiegelt,0.334,0.334,0.333,0.333
108030169,gravel,unknown,versiegelt,0.334,0.334,0.333,0.333
108030172,gravel,grade2,versiegelt,0.334,0.334,0.333,0.333
108030174,fine_gravel,grade2,versiegelt,0.334,0.334,0.333,0.333
108030181,asphalt,grade1,versiegelt,0.334,0.334,0.333,0.333
108030185,asphalt,unknown,versiegelt,0.334,0.334,0.333,0.333
108030188,grass,grade5,versiegelt,0.334,0.334,0.333,0.333
108030211,fine_gravel,grade2,versiegelt,0.334,0.334,0.333,0.333
108715674,gravel,grade3,versiegelt,0.334,0.334,0.333,0.333
108715675,asphalt,grade1,versiegelt,0.334,0.334,0.333,0.333
108715677,compacted,grade2,versiegelt,0.334,0.334,0.333,0.333
108715678,gravel,grade2,versiegelt,0.334,0.334,0.333,0.333
108715680,gravel,grade3,versiegelt,0.334,0.334,0.333,0.333
108715683,gravel,grade2,versiegelt,0.334,0.334,0.333,0.333
108716131,gravel,grade3,versiegelt,0.334,0.334,0.333,0.333
108717697,gravel,grade3,versiegelt,0.334,0.334,0.333,0.333
108718845,gravel,grade2,versiegelt,0.334,0.334,0.333,0.333
108729710,asphalt,grade1,versiegelt,0.334,0.334,0.333,0.333
108729974,gravel,grade2,versiegelt,0.334,0.334,0.333,0.333
108730222,gravel,grade2,versiegelt,0.334,0.334,0.333,0.333
108730225,gravel,grade2,versiegelt,0.334,0.334,0.333,0.333
108730226,gravel,grade2,versiegelt,0.334,0.334,0.333,0.333
108897420,asphalt,unknown,versiegelt,0.334,0.334,0.333,0.333
108897437,asphalt,unknown,versiegelt,0.334,0.334,0.333,0.333
108982454,asphalt,grade1,versiegelt,0.334,0.334,0.333,0.333
108982455,compacted,grade3,versiegelt,0.334,0.334,0.333,0.333
108982729,gravel,unknown,versiegelt,0.334,0.334,0.333,0.333
108982730,asphalt,unknown,versiegelt,0.334,0.334,0.333,0.333
108982731,asphalt,grade1,versiegelt,0.334,0.334,0.333,0.333
109578621,gravel,unknown,versiegelt,0.334,0.334,0.333,0.333
109675327,asphalt,unknown,versiegelt,0.334,0.334,0.333,0.333
109697590,fine_gravel,grade2,versiegelt,0.334,0.334,0.333,0.333
109697593,compacted,grade2,versiegelt,0.334,0.334,0.333,0.333
109697602,grass,grade5,versiegelt,0.334,0.334,0.333,0.333
109697609,asphalt,unknown,versiegelt,0.334,0.334,0.333,0.333
109697614,asphalt,unknown,versiegelt,0.334,0.334,0.333,0.333
109697615,fine_gravel,grade3,versiegelt,0.334,0.334,0.333,0.333
109702064,fine_gravel,grade2,versiegelt,0.334,0.334,0.333,0.333
109702070,asphalt,grade1,versiegelt,0.334,0.334,0.333,0.333
109704490,asphalt,unknown,versiegelt,0.334,0.334,0.333,0.333
109704494,asphalt,unknown,versiegelt,0.334,0.334,0.333,0.333
109707989,gravel,grade2,versiegelt,0.334,0.334,0.333,0.333
109707997,asphalt,grade1,versiegelt,0.334,0.334,0.333,0.333
109707998,asphalt,grade1,versiegelt,0.334,0.334,0.333,0.333
109709899,compacted,grade3,versiegelt,0.334,0.334,0.333,0.333
109709900,gravel,grade3,versiegelt,0.334,0.334,0.333,0.333
109709904,compacted,grade3,versiegelt,0.334,0.334,0.333,0.333
109712180,compacted,grade3,versiegelt,0.334,0.334,0.333,0.333
110022100,asphalt,unknown,versiegelt,0.334,0.334,0.333,0.333
110467792,asphalt,unknown,versiegelt,0.334,0.334,0.333,0.333
110467802,asphalt,unknown,versiegelt,0.334,0.334,0.333,0.333
110535042,concrete,grade1,versiegelt,0.334,0.334,0.333,0.333
110535044,grass,grade5,versiegelt,0.334,0.334,0.333,0.333
110535049,paved,grade2,versiegelt,0.334,0.334,0.333,0.333
110535051,asphalt,grade2,versiegelt,0.334,0.334,0.333,0.333
110535052,gravel,grade3,versiegelt,0.334,0.334,0.333,0.333
110535057,concrete,grade2,versiegelt,0.334,0.334,0.333,0.333
110567376,gravel,grade2,versiegelt,0.334,0.334,0.333,0.333
110567377,asphalt,unknown,versiegelt,0.334,0.334,0.333,0.333
110567378,asphalt,unknown,versiegelt,0.334,0.334,0.333,0.333
110941872,asphalt,grade1,versiegelt,0.334,0.334,0.333,0.333
111249604,compacted,grade2,versiegelt,0.334,0.334,0.333,0.333
111532450,gravel,grade2,versiegelt,0.334,0.334,0.333,0.333
112015897,gravel,grade2,versiegelt,0.334,0.334,0.333,0.333
112016504,compacted,grade2,versiegelt,0.334,0.334,0.333,0.333
112017186,gravel,grade2,versiegelt,0.334,0.334,0.333,0.333
112145218,fine_gravel,grade3,versiegelt,0.334,0.334,0.333,0.333
112145219,fine_gravel,grade3,versiegelt,0.334,0.334,0.333,0.333
112145220,fine_gravel,grade3,versiegelt,0.334,0.334,0.333,0.333
112145894,gravel,grade2,versiegelt,0.334,0.334,0.333,0.333
112145895,gravel,grade2,versiegelt,0.334,0.334,0.333,0.333
112145896,fine_gravel,grade2,versiegelt,0.334,0.334,0.333,0.333
112145897,gravel,grade2,versiegelt,0.334,0.334,0.333,0.333
112149394,compacted,grade3,versiegelt,0.334,0.334,0.333,0.333
112149410,grass,grade4,versiegelt,0.334,0.334,0.333,0.333
112149412,gravel,grade3,versiegelt,0.334,0.334,0.333,0.333
112149418,gravel,grade2,versiegelt,0.334,0.334,0.333,0.333
112149420,gravel,grade2,versiegelt,0.334,0.334,0.333,0.333
112149464,gravel,grade2,versiegelt,0.334,0.334,0.333,0.333
112366506,gravel,grade2,versiegelt,0.334,0.334,0.333,0.333
112382477,asphalt,unknown,versiegelt,0.334,0.334,0.333,0.333
112382478,fine_gravel,unknown,versiegelt,0.334,0.334,0.333,0.333
112382481,asphalt,unknown,versiegelt,0.334,0.334,0.333,0.333
112382483,unpaved,unknown,versiegelt,0.334,0.334,0.333,0.333
112477617,gravel,grade3,versiegelt,0.334,0.334,0.333,0.333
112581349,paved,grade1,versiegelt,0.334,0.334,0.333,0.333
112581355,asphalt,unknown,versiegelt,0.334,0.334,0.333,0.333
112596491,gravel,grade2,versiegelt,0.334,0.334,0.333,0.333
112596493,grass,grade5,versiegelt,0.334,0.334,0.333,0.333
112596496,grass,grade5,versiegelt,0.334,0.334,0.333,0.333
112596497,gravel,grade2,versiegelt,0.334,0.334,0.333,0.333
112596498,asphalt,unknown,versiegelt,0.334,0.334,0.333,0.333
112596499,asphalt,unknown,versiegelt,0.334,0.334,0.333,0.333
112596501,gravel,grade2,versiegelt,0.334,0.334,0.333,0.333
112596502,asphalt,unknown,versiegelt,0.334,0.334,0.333,0.333
112849898,asphalt,unknown,versiegelt,0.334,0.334,0.333,0.333
112849901,asphalt,unknown,versiegelt,0.334,0.334,0.333,0.333
112866985,gravel,grade2,versiegelt,0.334,0.334,0.333,0.333
112866986,gravel,grade2,versiegelt,0.334,0.334,0.333,0.333
112866988,gravel,grade2,versiegelt,0.334,0.334,0.333,0.333
112866989,grass,grade5,versiegelt,0.334,0.334,0.333,0.333
112866990,asphalt,unknown,versiegelt,0.334,0.334,0.333,0.333
112866991,grass,grade5,versiegelt,0.334,0.334,0.333,0.333
112866992,gravel,grade2,versiegelt,0.334,0.334,0.333,0.333
112866994,grass,grade5,versiegelt,0.334,0.334,0.333,0.333
112866995,fine_gravel,grade2,versiegelt,0.334,0.334,0.333,0.333
112866996,asphalt,grade1,versiegelt,0.334,0.334,0.333,0.333
112866999,grass,grade5,versiegelt,0.334,0.334,0.333,0.333
112867007,compacted,grade2,versiegelt,0.334,0.334,0.333,0.333
112867011,fine_gravel,grade2,versiegelt,0.334,0.334,0.333,0.333
112867012,grass,unknown,versiegelt,0.334,0.334,0.333,0.333
112867013,gravel,grade2,versiegelt,0.334,0.334,0.333,0.333
112867015,gravel,grade2,versiegelt,0.334,0.334,0.333,0.333
112867016,compacted,grade2,versiegelt,0.334,0.334,0.333,0.333
112867018,asphalt,unknown,versiegelt,0.334,0.334,0.333,0.333
112867022,grass,grade4,versiegelt,0.334,0.334,0.333,0.333
112867028,asphalt,unknown,versiegelt,0.334,0.334,0.333,0.333
112869575,gravel,grade2,versiegelt,0.334,0.334,0.333,0.333
112869576,gravel,grade2,versiegelt,0.334,0.334,0.333,0.333
112869577,grass,grade5,versiegelt,0.334,0.334,0.333,0.333
112869578,grass,grade5,versiegelt,0.334,0.334,0.333,0.333
112869579,fine_gravel,grade2,versiegelt,0.334,0.334,0.333,0.333
112869581,gravel,grade2,versiegelt,0.334,0.334,0.333,0.333
112869583,asphalt,unknown,versiegelt,0.334,0.334,0.333,0.333
112869585,gravel,grade2,versiegelt,0.334,0.334,0.333,0.333
112869587,concrete,grade1,versiegelt,0.334,0.334,0.333,0.333
112869588,grass,grade5,versiegelt,0.334,0.334,0.333,0.333
113082525,gravel,grade2,versiegelt,0.334,0.334,0.333,0.333
113082527,gravel,grade2,versiegelt,0.334,0.334,0.333,0.333
113082529,grass,grade5,versiegelt,0.334,0.334,0.333,0.333
113082531,grass,grade5,versiegelt,0.334,0.334,0.333,0.333
113082534,asphalt,unknown,versiegelt,0.334,0.334,0.333,0.333
113082535,grass,grade4,versiegelt,0.334,0.334,0.333,0.333
113082536,asphalt,unknown,versiegelt,0.334,0.334,0.333,0.333
113082538,gravel,grade4,versiegelt,0.334,0.334,0.333,0.333
113082539,grass,grade5,versiegelt,0.334,0.334,0.333,0.333
113082540,asphalt,unknown,versiegelt,0.334,0.334,0.333,0.333
113295542,gravel,unknown,versiegelt,0.334,0.334,0.333,0.333
113295545,compacted,grade2,versiegelt,0.334,0.334,0.333,0.333
113295547,compacted,grade2,versiegelt,0.334,0.334,0.333,0.333
113295548,concrete,unknown,versiegelt,0.334,0.334,0.333,0.333
113295550,compacted,grade2,versiegelt,0.334,0.334,0.333,0.333
113295551,gravel,grade4,versiegelt,0.334,0.334,0.333,0.333
113295553,gravel,grade2,versiegelt,0.334,0.334,0.333,0.333
113295555,gravel,unknown,versiegelt,0.334,0.334,0.333,0.333
113295557,asphalt,grade1,versiegelt,0.334,0.334,0.333,0.333
113295560,gravel,grade2,versiegelt,0.334,0.334,0.333,0.333
113295561,gravel,grade2,versiegelt,0.334,0.334,0.333,0.333
113295573,compacted,grade2,versiegelt,0.334,0.334,0.333,0.333
113295576,asphalt,unknown,versiegelt,0.334,0.334,0.333,0.333
113295579,gravel,grade2,versiegelt,0.334,0.334,0.333,0.333
113295580,fine_gravel,grade2,versiegelt,0.334,0.334,0.333,0.333
113295582,compacted,grade3,versiegelt,0.334,0.334,0.333,0.333
113295583,gravel,grade4,versiegelt,0.334,0.334,0.333,0.333
113295585,gravel,grade2,versiegelt,0.334,0.334,0.333,0.333
113295587,gravel,grade4,versiegelt,0.334,0.334,0.333,0.333
113295588,dirt,unknown,versiegelt,0.334,0.334,0.333,0.333
113306773,fine_gravel,grade2,versiegelt,0.334,0.334,0.333,0.333
113469355,asphalt,unknown,versiegelt,0.334,0.334,0.333,0.333
113524928,asphalt,unknown,versiegelt,0.334,0.334,0.333,0.333
113524948,asphalt,unknown,versiegelt,0.334,0.334,0.333,0.333
113524957,gravel,grade2,versiegelt,0.334,0.334,0.333,0.333
113628033,asphalt,grade1,versiegelt,0.334,0.334,0.333,0.333
113879618,asphalt,grade1,versiegelt,0.334,0.334,0.333,0.333
113879620,grass,grade5,versiegelt,0.334,0.334,0.333,0.333
113879621,gravel,grade2,versiegelt,0.334,0.334,0.333,0.333
113879623,grass,grade5,versiegelt,0.334,0.334,0.333,0.333
113879625,asphalt,grade1,versiegelt,0.334,0.334,0.333,0.333
113879627,gravel,grade2,versiegelt,0.334,0.334,0.333,0.333
113879629,grass,grade5,versiegelt,0.334,0.334,0.333,0.333
113879631,asphalt,grade1,versiegelt,0.334,0.334,0.333,0.333
113879636,grass,grade5,versiegelt,0.334,0.334,0.333,0.333
113879638,gravel,grade3,versiegelt,0.334,0.334,0.333,0.333
113879642,gravel,grade2,versiegelt,0.334,0.334,0.333,0.333
113891043,grass,grade4,versiegelt,0.334,0.334,0.333,0.333
114037280,gravel,grade2,versiegelt,0.334,0.334,0.333,0.333
114037281,gravel,grade2,versiegelt,0.334,0.334,0.333,0.333
114192467,grass,unknown,versiegelt,0.334,0.334,0.333,0.333
114192474,grass,grade5,versiegelt,0.334,0.334,0.333,0.333
114192479,gravel,grade2,versiegelt,0.334,0.334,0.333,0.333
114192505,gravel,grade2,versiegelt,0.334,0.334,0.333,0.333
114192508,grass,grade5,versiegelt,0.334,0.334,0.333,0.333
114207877,gravel,grade2,versiegelt,0.334,0.334,0.333,0.333
114255474,asphalt,grade1,versiegelt,0.334,0.334,0.333,0.333
114255475,gravel,unknown,versiegelt,0.334,0.334,0.333,0.333
114264623,grass,grade5,versiegelt,0.334,0.334,0.333,0.333
114264625,grass,grade5,versiegelt,0.334,0.334,0.333,0.333
114264630,gravel,grade2,versiegelt,0.334,0.334,0.333,0.333
114264632,grass,grade5,versiegelt,0.334,0.334,0.333,0.333
114264638,gravel,grade2,versiegelt,0.334,0.334,0.333,0.333
114339930,asphalt,unknown,versiegelt,0.334,0.334,0.333,0.333
114340009,asphalt,unknown,versiegelt,0.334,0.334,0.333,0.333
114596938,gravel,unknown,versiegelt,0.334,0.334,0.333,0.333
114596944,paved,unknown,versiegelt,0.334,0.334,0.333,0.333
114596973,grass,grade4,versiegelt,0.334,0.334,0.333,0.333
114597010,grass,unknown,versiegelt,0.334,0.334,0.333,0.333
114724716,asphalt,unknown,versiegelt,0.334,0.334,0.333,0.333
114724718,asphalt,unknown,versiegelt,0.334,0.334,0.333,0.333
114724723,gravel,grade2,versiegelt,0.334,0.334,0.333,0.333
114724724,fine_gravel,grade2,versiegelt,0.334,0.334,0.333,0.333
114724725,gravel,grade2,versiegelt,0.334,0.334,0.333,0.333
114724727,gravel,grade2,versiegelt,0.334,0.334,0.333,0.333
114724728,asphalt,unknown,versiegelt,0.334,0.334,0.333,0.333
114724729,gravel,grade2,versiegelt,0.334,0.334,0.333,0.333
114995615,gravel,unknown,versiegelt,0.334,0.334,0.333,0.333
115005385,asphalt,unknown,versiegelt,0.334,0.334,0.333,0.333
115602561,grass,grade4,versiegelt,0.334,0.334,0.333,0.333
115602562,gravel,grade2,versiegelt,0.334,0.334,0.333,0.333
115602564,grass,grade4,versiegelt,0.334,0.334,0.333,0.333
115725935,gravel,grade3,versiegelt,0.334,0.334,0.333,0.333
115725944,gravel,grade2,versiegelt,0.334,0.334,0.333,0.333
115725949,grass,grade5,versiegelt,0.334,0.334,0.333,0.333
115725951,gravel,grade2,versiegelt,0.334,0.334,0.333,0.333
115725962,gravel,grade3,versiegelt,0.334,0.334,0.333,0.333
115725965,gravel,grade2,versiegelt,0.334,0.334,0.333,0.333
115725970,gravel,grade2,versiegelt,0.334,0.334,0.333,0.333
115725974,gravel,grade3,versiegelt,0.334,0.334,0.333,0.333
115725977,grass,grade5,versiegelt,0.334,0.334,0.333,0.333
115725979,gravel,grade3,versiegelt,0.334,0.334,0.333,0.333
115725981,grass,grade5,versiegelt,0.334,0.334,0.333,0.333
115725985,fine_gravel,grade3,versiegelt,0.334,0.334,0.333,0.333
115725988,grass,unknown,versiegelt,0.334,0.334,0.333,0.333
115928766,grass,unknown,versiegelt,0.334,0.334,0.333,0.333
115928768,asphalt,unknown,versiegelt,0.334,0.334,0.333,0.333
115928771,asphalt,unknown,versiegelt,0.334,0.334,0.333,0.333
115964454,asphalt,unknown,versiegelt,0.334,0.334,0.333,0.333
116026330,grass,grade5,versiegelt,0.334,0.334,0.333,0.333
116026331,gravel,grade2,versiegelt,0.334,0.334,0.333,0.333
116026333,grass,grade5,versiegelt,0.334,0.334,0.333,0.333
116026334,gravel,grade3,versiegelt,0.334,0.334,0.333,0.333
116026335,gravel,grade2,versiegelt,0.334,0.334,0.333,0.333
116026336,asphalt,unknown,versiegelt,0.334,0.334,0.333,0.333
116026338,asphalt,unknown,versiegelt,0.334,0.334,0.333,0.333
116026339,asphalt,grade1,versiegelt,0.334,0.334,0.333,0.333
116026341,asphalt,grade1,versiegelt,0.334,0.334,0.333,0.333
116026343,grass,grade5,versiegelt,0.334,0.334,0.333,0.333
116026345,grass,unknown,versiegelt,0.334,0.334,0.333,0.333
116026346,paved,grade2,versiegelt,0.334,0.334,0.333,0.333
116026348,grass,grade5,versiegelt,0.334,0.334,0.333,0.333
116026349,gravel,grade2,versiegelt,0.334,0.334,0.333,0.333
117144410,gravel,grade2,versiegelt,0.334,0.334,0.333,0.333
117144414,gravel,grade2,versiegelt,0.334,0.334,0.333,0.333
117390425,asphalt,unknown,versiegelt,0.334,0.334,0.333,0.333
117391563,grass,grade5,versiegelt,0.334,0.334,0.333,0.333
117391572,grass,grade5,versiegelt,0.334,0.334,0.333,0.333
117410073,gravel,grade2,versiegelt,0.334,0.334,0.333,0.333
117410077,grass,grade5,versiegelt,0.334,0.334,0.333,0.333
117410079,grass,grade5,versiegelt,0.334,0.334,0.333,0.333
117410089,asphalt,grade2,versiegelt,0.334,0.334,0.333,0.333
117701920,asphalt,unknown,versiegelt,0.334,0.334,0.333,0.333
117701921,asphalt,unknown,versiegelt,0.334,0.334,0.333,0.333
117701922,grass,unknown,versiegelt,0.334,0.334,0.333,0.333
117719509,gravel,grade2,versiegelt,0.334,0.334,0.333,0.333
117719520,grass,unknown,versiegelt,0.334,0.334,0.333,0.333
117719600,fine_gravel,grade3,versiegelt,0.334,0.334,0.333,0.333
117719611,fine_gravel,grade3,versiegelt,0.334,0.334,0.333,0.333
117719613,asphalt,unknown,versiegelt,0.334,0.334,0.333,0.333
117719617,asphalt,unknown,versiegelt,0.334,0.334,0.333,0.333
117719632,gravel,grade2,versiegelt,0.334,0.334,0.333,0.333
117719636,fine_gravel,grade2,versiegelt,0.334,0.334,0.333,0.333
117719639,fine_gravel,grade3,versiegelt,0.334,0.334,0.333,0.333
117719670,gravel,grade2,versiegelt,0.334,0.334,0.333,0.333
117727349,compacted,grade2,versiegelt,0.334,0.334,0.333,0.333
117727444,asphalt,grade1,versiegelt,0.334,0.334,0.333,0.333
117727447,compacted,grade4,versiegelt,0.334,0.334,0.333,0.333
117727450,compacted,grade3,versiegelt,0.334,0.334,0.333,0.333
117727455,asphalt,grade1,versiegelt,0.334,0.334,0.333,0.333
117727459,asphalt,grade1,versiegelt,0.334,0.334,0.333,0.333
117727466,asphalt,grade1,versiegelt,0.334,0.334,0.333,0.333
117727481,asphalt,grade1,versiegelt,0.334,0.334,0.333,0.333
117727492,paved,grade1,versiegelt,0.334,0.334,0.333,0.333
117727500,paved,grade1,versiegelt,0.334,0.334,0.333,0.333
117727503,gravel,grade2,versiegelt,0.334,0.334,0.333,0.333
117734534,grass,grade5,versiegelt,0.334,0.334,0.333,0.333
117734674,gravel,grade2,versiegelt,0.334,0.334,0.333,0.333
117871955,compacted,grade2,versiegelt,0.334,0.334,0.333,0.333
117871957,compacted,grade3,versiegelt,0.334,0.334,0.333,0.333
117871959,compacted,grade2,versiegelt,0.334,0.334,0.333,0.333
117871960,compacted,grade2,versiegelt,0.334,0.334,0.333,0.333
117871963,gravel,grade2,versiegelt,0.334,0.334,0.333,0.333
117871965,gravel,grade2,versiegelt,0.334,0.334,0.333,0.333
117871966,compacted,grade2,versiegelt,0.334,0.334,0.333,0.333
117871967,compacted,grade2,versiegelt,0.334,0.334,0.333,0.333
117871969,gravel,grade2,versiegelt,0.334,0.334,0.333,0.333
117871970,compacted,grade3,versiegelt,0.334,0.334,0.333,0.333
117873495,compacted,grade2,versiegelt,0.334,0.334,0.333,0.333
118080110,compacted,grade3,versiegelt,0.334,0.334,0.333,0.333
118165097,asphalt,grade1,versiegelt,0.334,0.334,0.333,0.333
118165102,compacted,grade2,versiegelt,0.334,0.334,0.333,0.333
118224055,gravel,grade2,versiegelt,0.334,0.334,0.333,0.333
118224057,asphalt,grade1,versiegelt,0.334,0.334,0.333,0.333
118224058,asphalt,grade1,versiegelt,0.334,0.334,0.333,0.333
118224059,gravel,grade2,versiegelt,0.334,0.334,0.333,0.333
118231022,compacted,grade2,versiegelt,0.334,0.334,0.333,0.333
118231038,compacted,grade2,versiegelt,0.334,0.334,0.333,0.333
118231042,asphalt,grade1,versiegelt,0.334,0.334,0.333,0.333
118231045,compacted,grade2,versiegelt,0.334,0.334,0.333,0.333
118231046,asphalt,grade1,versiegelt,0.334,0.334,0.333,0.333
118231054,compacted,grade3,versiegelt,0.334,0.334,0.333,0.333
118231067,compacted,grade4,versiegelt,0.334,0.334,0.333,0.333
118231068,compacted,grade2,versiegelt,0.334,0.334,0.333,0.333
118231119,gravel,grade3,versiegelt,0.334,0.334,0.333,0.333
118231120,grass,grade5,versiegelt,0.334,0.334,0.333,0.333
118231124,compacted,grade2,versiegelt,0.334,0.334,0.333,0.333
118231126,grass,grade5,versiegelt,0.334,0.334,0.333,0.333
118231134,grass,grade5,versiegelt,0.334,0.334,0.333,0.333
118231247,asphalt,unknown,versiegelt,0.334,0.334,0.333,0.333
118233020,grass,grade4,versiegelt,0.334,0.334,0.333,0.333
118233022,gravel,grade3,versiegelt,0.334,0.334,0.333,0.333
118233024,grass,grade5,versiegelt,0.334,0.334,0.333,0.333
118233032,grass,grade4,versiegelt,0.334,0.334,0.333,0.333
118233037,grass,unknown,versiegelt,0.334,0.334,0.333,0.333
118233041,grass,grade5,versiegelt,0.334,0.334,0.333,0.333
118233052,grass,grade5,versiegelt,0.334,0.334,0.333,0.333
118233060,compacted,grade2,versiegelt,0.334,0.334,0.333,0.333
118233065,compacted,grade2,versiegelt,0.334,0.334,0.333,0.333
118233068,compacted,grade2,versiegelt,0.334,0.334,0.333,0.333
118236541,grass,grade4,versiegelt,0.334,0.334,0.333,0.333
118236544,grass,grade5,versiegelt,0.334,0.334,0.333,0.333
118241539,grass,grade5,versiegelt,0.334,0.334,0.333,0.333
118241546,asphalt,unknown,versiegelt,0.334,0.334,0.333,0.333
118241563,gravel,unknown,versiegelt,0.334,0.334,0.333,0.333
118241564,concrete,unknown,versiegelt,0.334,0.334,0.333,0.333
118241567,gravel,unknown,versiegelt,0.334,0.334,0.333,0.333
118241575,grass,grade5,versiegelt,0.334,0.334,0.333,0.333
118241577,grass,grade4,versiegelt,0.334,0.334,0.333,0.333
118241580,grass,grade5,versiegelt,0.334,0.334,0.333,0.333
118241581,grass,grade4,versiegelt,0.334,0.334,0.333,0.333
118245847,asphalt,unknown,versiegelt,0.334,0.334,0.333,0.333
118245848,asphalt,unknown,versiegelt,0.334,0.334,0.333,0.333
118344110,asphalt,unknown,versiegelt,0.334,0.334,0.333,0.333
118820866,asphalt,unknown,versiegelt,0.334,0.334,0.333,0.333
118820868,paved,unknown,versiegelt,0.334,0.334,0.333,0.333
118961927,asphalt,grade1,versiegelt,0.334,0.334,0.333,0.333
119016322,grass,grade5,versiegelt,0.334,0.334,0.333,0.333
119137732,asphalt,unknown,versiegelt,0.334,0.334,0.333,0.333
119210726,asphalt,unknown,versiegelt,0.334,0.334,0.333,0.333
119210733,asphalt,unknown,versiegelt,0.334,0.334,0.333,0.333
119210735,gravel,unknown,versiegelt,0.334,0.334,0.333,0.333
119210736,asphalt,unknown,versiegelt,0.334,0.334,0.333,0.333
119243947,grass,unknown,versiegelt,0.334,0.334,0.333,0.333
119916779,compacted,unknown,versiegelt,0.334,0.334,0.333,0.333
120044787,asphalt,unknown,versiegelt,0.334,0.334,0.333,0.333
120044802,grass,unknown,versiegelt,0.334,0.334,0.333,0.333
120044811,grass,grade5,versiegelt,0.334,0.334,0.333,0.333
120044818,asphalt,unknown,versiegelt,0.334,0.334,0.333,0.333
120050554,asphalt,unknown,versiegelt,0.334,0.334,0.333,0.333
120050564,asphalt,grade1,versiegelt,0.334,0.334,0.333,0.333
120054479,grass,unknown,versiegelt,0.334,0.334,0.333,0.333
120480614,gravel,grade2,versiegelt,0.334,0.334,0.333,0.333
120480616,gravel,grade2,versiegelt,0.334,0.334,0.333,0.333
120480620,asphalt,grade1,versiegelt,0.334,0.334,0.333,0.333
120480621,asphalt,grade1,versiegelt,0.334,0.334,0.333,0.333
120480623,asphalt,unknown,versiegelt,0.334,0.334,0.333,0.333
120480624,asphalt,unknown,versiegelt,0.334,0.334,0.333,0.333
120480628,fine_gravel,unknown,versiegelt,0.334,0.334,0.333,0.333
120698056,gravel,unknown,versiegelt,0.334,0.334,0.333,0.333
120733730,grass,grade5,versiegelt,0.334,0.334,0.333,0.333
120733737,asphalt,unknown,versiegelt,0.334,0.334,0.333,0.333
121399768,fine_gravel,grade2,versiegelt,0.334,0.334,0.333,0.333
121399774,gravel,grade2,versiegelt,0.334,0.334,0.333,0.333
121399775,gravel,grade2,versiegelt,0.334,0.334,0.333,0.333
121826640,asphalt,unknown,versiegelt,0.334,0.334,0.333,0.333
122197633,asphalt,grade1,versiegelt,0.334,0.334,0.333,0.333
122197634,asphalt,unknown,versiegelt,0.334,0.334,0.333,0.333
122301058,compacted,grade3,versiegelt,0.334,0.334,0.333,0.333
122301070,asphalt,grade1,versiegelt,0.334,0.334,0.333,0.333
122301143,compacted,unknown,versiegelt,0.334,0.334,0.333,0.333
122301149,compacted,grade2,versiegelt,0.334,0.334,0.333,0.333
122301162,grass,grade5,versiegelt,0.334,0.334,0.333,0.333
122301180,dirt,unknown,versiegelt,0.334,0.334,0.333,0.333
122475052,gravel,grade2,versiegelt,0.334,0.334,0.333,0.333
122475053,grass,grade5,versiegelt,0.334,0.334,0.333,0.333
122708575,asphalt,grade1,versiegelt,0.334,0.334,0.333,0.333
122722923,asphalt,unknown,versiegelt,0.334,0.334,0.333,0.333
122757546,asphalt,unknown,versiegelt,0.334,0.334,0.333,0.333
122763192,asphalt,grade1,versiegelt,0.334,0.334,0.333,0.333
122763193,asphalt,grade1,versiegelt,0.334,0.334,0.333,0.333
122763194,asphalt,grade1,versiegelt,0.334,0.334,0.333,0.333
122763195,asphalt,grade2,versiegelt,0.334,0.334,0.333,0.333
122763196,asphalt,grade1,versiegelt,0.334,0.334,0.333,0.333
122793506,asphalt,unknown,versiegelt,0.334,0.334,0.333,0.333
123113926,compacted,grade2,versiegelt,0.334,0.334,0.333,0.333
123121006,compacted,grade2,versiegelt,0.334,0.334,0.333,0.333
123121007,compacted,grade2,versiegelt,0.334,0.334,0.333,0.333
123121008,asphalt,grade2,versiegelt,0.334,0.334,0.333,0.333
123121009,asphalt,grade1,versiegelt,0.334,0.334,0.333,0.333
123125528,compacted,grade2,versiegelt,0.334,0.334,0.333,0.333
123173908,asphalt,unknown,versiegelt,0.334,0.334,0.333,0.333
123173909,asphalt,unknown,versiegelt,0.334,0.334,0.333,0.333
123180483,gravel,unknown,versiegelt,0.334,0.334,0.333,0.333
123180484,gravel,unknown,versiegelt,0.334,0.334,0.333,0.333
123180497,asphalt,grade1,versiegelt,0.334,0.334,0.333,0.333
123455294,asphalt,unknown,versiegelt,0.334,0.334,0.333,0.333
123702366,asphalt,unknown,versiegelt,0.334,0.334,0.333,0.333
123722905,gravel,grade4,versiegelt,0.334,0.334,0.333,0.333
123722910,gravel,grade1,versiegelt,0.334,0.334,0.333,0.333
123742237,compacted,grade2,versiegelt,0.334,0.334,0.333,0.333
123928644,asphalt,grade1,versiegelt,0.334,0.334,0.333,0.333
123928696,asphalt,grade1,versiegelt,0.334,0.334,0.333,0.333
123928698,grass,grade4,versiegelt,0.334,0.334,0.333,0.333
123928711,asphalt,unknown,versiegelt,0.334,0.334,0.333,0.333
123928731,grass,grade5,versiegelt,0.334,0.334,0.333,0.333
123934095,asphalt,unknown,versiegelt,0.334,0.334,0.333,0.333
123934127,compacted,grade3,versiegelt,0.334,0.334,0.333,0.333
123941353,grass,grade5,versiegelt,0.334,0.334,0.333,0.333
123958165,asphalt,unknown,versiegelt,0.334,0.334,0.333,0.333
123958166,asphalt,unknown,versiegelt,0.334,0.334,0.333,0.333
123958170,asphalt,unknown,versiegelt,0.334,0.334,0.333,0.333
124188268,asphalt,grade1,versiegelt,0.334,0.334,0.333,0.333
124188269,asphalt,grade1,versiegelt,0.334,0.334,0.333,0.333
124385713,asphalt,unknown,versiegelt,0.334,0.334,0.333,0.333
124385717,asphalt,unknown,versiegelt,0.334,0.334,0.333,0.333
124406800,asphalt,unknown,versiegelt,0.334,0.334,0.333,0.333
124521482,asphalt,unknown,versiegelt,0.334,0.334,0.333,0.333
124521485,asphalt,unknown,versiegelt,0.334,0.334,0.333,0.333
124521490,asphalt,unknown,versiegelt,0.334,0.334,0.333,0.333
125096623,asphalt,unknown,versiegelt,0.334,0.334,0.333,0.333
125096626,gravel,grade2,versiegelt,0.334,0.334,0.333,0.333
125096627,asphalt,grade2,versiegelt,0.334,0.334,0.333,0.333
125198847,grass,grade5,versiegelt,0.334,0.334,0.333,0.333
125198849,gravel,unknown,versiegelt,0.334,0.334,0.333,0.333
125308296,asphalt,unknown,versiegelt,0.334,0.334,0.333,0.333
125308297,asphalt,unknown,versiegelt,0.334,0.334,0.333,0.333
125685238,gravel,grade2,versiegelt,0.334,0.334,0.333,0.333
125685239,asphalt,grade3,versiegelt,0.334,0.334,0.333,0.333
125685240,asphalt,grade1,versiegelt,0.334,0.334,0.333,0.333
125685242,asphalt,grade1,versiegelt,0.334,0.334,0.333,0.333
125685243,gravel,grade2,versiegelt,0.334,0.334,0.333,0.333
125685245,fine_gravel,grade3,versiegelt,0.334,0.334,0.333,0.333
125685246,grass,grade4,versiegelt,0.334,0.334,0.333,0.333
125685247,gravel,grade2,versiegelt,0.334,0.334,0.333,0.333
125853515,paved,grade1,versiegelt,0.334,0.334,0.333,0.333
126077638,asphalt,unknown,versiegelt,0.334,0.334,0.333,0.333
126077648,gravel,grade2,versiegelt,0.334,0.334,0.333,0.333
126077654,grass,grade4,versiegelt,0.334,0.334,0.333,0.333
126077658,gravel,grade2,versiegelt,0.334,0.334,0.333,0.333
126077661,fine_gravel,grade2,versiegelt,0.334,0.334,0.333,0.333
126077665,asphalt,grade1,versiegelt,0.334,0.334,0.333,0.333
126077668,asphalt,unknown,versiegelt,0.334,0.334,0.333,0.333
126134603,asphalt,unknown,versiegelt,0.334,0.334,0.333,0.333
126134611,asphalt,grade1,versiegelt,0.334,0.334,0.333,0.333
126134613,grass,grade4,versiegelt,0.334,0.334,0.333,0.333
126134614,grass,grade4,versiegelt,0.334,0.334,0.333,0.333
126134615,grass,grade5,versiegelt,0.334,0.334,0.333,0.333
126134616,grass,grade5,versiegelt,0.334,0.334,0.333,0.333
126134618,gravel,grade2,versiegelt,0.334,0.334,0.333,0.333
126134619,gravel,unknown,versiegelt,0.334,0.334,0.333,0.333
126134621,gravel,unknown,versiegelt,0.334,0.334,0.333,0.333
126134622,gravel,unknown,versiegelt,0.334,0.334,0.333,0.333
126134623,gravel,unknown,versiegelt,0.334,0.334,0.333,0.333
126134624,gravel,grade2,versiegelt,0.334,0.334,0.333,0.333
126134625,paved,unknown,versiegelt,0.334,0.334,0.333,0.333
126134626,asphalt,grade1,versiegelt,0.334,0.334,0.333,0.333
126134629,gravel,unknown,versiegelt,0.334,0.334,0.333,0.333
126134630,grass,grade5,versiegelt,0.334,0.334,0.333,0.333
126134631,gravel,unknown,versiegelt,0.334,0.334,0.333,0.333
126134633,concrete,grade1,versiegelt,0.334,0.334,0.333,0.333
126134634,grass,grade4,versiegelt,0.334,0.334,0.333,0.333
126134635,asphalt,grade1,versiegelt,0.334,0.334,0.333,0.333
126134636,grass,grade5,versiegelt,0.334,0.334,0.333,0.333
126134638,asphalt,grade1,versiegelt,0.334,0.334,0.333,0.333
126134639,grass,grade5,versiegelt,0.334,0.334,0.333,0.333
126134640,grass,grade4,versiegelt,0.334,0.334,0.333,0.333
126134642,grass,grade4,versiegelt,0.334,0.334,0.333,0.333
126134643,grass,grade5,versiegelt,0.334,0.334,0.333,0.333
126134644,gravel,unknown,versiegelt,0.334,0.334,0.333,0.333
126134645,gravel,unknown,versiegelt,0.334,0.334,0.333,0.333
126134646,grass,grade4,versiegelt,0.334,0.334,0.333,0.333
126134648,gravel,unknown,versiegelt,0.334,0.334,0.333,0.333
126134650,gravel,grade3,versiegelt,0.334,0.334,0.333,0.333
126134651,grass,grade5,versiegelt,0.334,0.334,0.333,0.333
126134652,grass,grade5,versiegelt,0.334,0.334,0.333,0.333
126134653,gravel,unknown,versiegelt,0.334,0.334,0.333,0.333
126139989,grass,grade5,versiegelt,0.334,0.334,0.333,0.333
126303484,grass,grade5,versiegelt,0.334,0.334,0.333,0.333
126303487,unpaved,grade2,versiegelt,0.334,0.334,0.333,0.333
126303488,gravel,grade2,versiegelt,0.334,0.334,0.333,0.333
126303489,asphalt,grade1,versiegelt,0.334,0.334,0.333,0.333
126303492,grass,grade5,versiegelt,0.334,0.334,0.333,0.333
126303493,grass,grade5,versiegelt,0.334,0.334,0.333,0.333
126303496,asphalt,grade1,versiegelt,0.334,0.334,0.333,0.333
126303497,asphalt,unknown,versiegelt,0.334,0.334,0.333,0.333
126303498,asphalt,grade1,versiegelt,0.334,0.334,0.333,0.333
126303499,gravel,grade2,versiegelt,0.334,0.334,0.333,0.333
126303500,gravel,grade2,versiegelt,0.334,0.334,0.333,0.333
126304349,gravel,grade2,versiegelt,0.334,0.334,0.333,0.333
126304351,grass,grade5,versiegelt,0.334,0.334,0.333,0.333
126304352,asphalt,grade1,versiegelt,0.334,0.334,0.333,0.333
126304353,asphalt,grade1,versiegelt,0.334,0.334,0.333,0.333
126304354,asphalt,grade1,versiegelt,0.334,0.334,0.333,0.333
126304356,grass,grade5,versiegelt,0.334,0.334,0.333,0.333
126304357,asphalt,grade1,versiegelt,0.334,0.334,0.333,0.333
126345023,asphalt,grade1,versiegelt,0.334,0.334,0.333,0.333
126345024,grass,grade5,versiegelt,0.334,0.334,0.333,0.333
126345026,grass,grade4,versiegelt,0.334,0.334,0.333,0.333
126345031,grass,grade5,versiegelt,0.334,0.334,0.333,0.333
126345033,gravel,grade2,versiegelt,0.334,0.334,0.333,0.333
126345034,grass,grade5,versiegelt,0.334,0.334,0.333,0.333
126345039,grass,grade5,versiegelt,0.334,0.334,0.333,0.333
126345040,grass,grade4,versiegelt,0.334,0.334,0.333,0.333
126345043,grass,grade5,versiegelt,0.334,0.334,0.333,0.333
126345044,gravel,grade2,versiegelt,0.334,0.334,0.333,0.333
126345046,grass,grade5,versiegelt,0.334,0.334,0.333,0.333
126547674,asphalt,unknown,versiegelt,0.334,0.334,0.333,0.333
126547676,asphalt,unknown,versiegelt,0.334,0.334,0.333,0.333
126573437,gravel,grade2,versiegelt,0.334,0.334,0.333,0.333
126573439,grass,grade4,versiegelt,0.334,0.334,0.333,0.333
126573440,gravel,grade2,versiegelt,0.334,0.334,0.333,0.333
126573441,gravel,grade2,versiegelt,0.334,0.334,0.333,0.333
126573442,gravel,grade2,versiegelt,0.334,0.334,0.333,0.333
126573443,gravel,grade2,versiegelt,0.334,0.334,0.333,0.333
126573444,gravel,grade2,versiegelt,0.334,0.334,0.333,0.333
126573445,gravel,grade2,versiegelt,0.334,0.334,0.333,0.333
126573446,gravel,grade2,versiegelt,0.334,0.334,0.333,0.333
126573447,asphalt,grade1,versiegelt,0.334,0.334,0.333,0.333
126573448,grass,grade4,versiegelt,0.334,0.334,0.333,0.333
126573449,gravel,grade2,versiegelt,0.334,0.334,0.333,0.333
126573450,asphalt,grade1,versiegelt,0.334,0.334,0.333,0.333
126573451,asphalt,grade1,versiegelt,0.334,0.334,0.333,0.333
126573452,gravel,grade2,versiegelt,0.334,0.334,0.333,0.333
126573454,compacted,grade2,versiegelt,0.334,0.334,0.333,0.333
126573455,asphalt,grade1,versiegelt,0.334,0.334,0.333,0.333
126573456,gravel,grade2,versiegelt,0.334,0.334,0.333,0.333
126573457,compacted,grade2,versiegelt,0.334,0.334,0.333,0.333
126573458,gravel,grade2,versiegelt,0.334,0.334,0.333,0.333
126573459,gravel,grade2,versiegelt,0.334,0.334,0.333,0.333
126573461,gravel,grade2,versiegelt,0.334,0.334,0.333,0.333
126613819,gravel,unknown,versiegelt,0.334,0.334,0.333,0.333
126613821,gravel,grade2,versiegelt,0.334,0.334,0.333,0.333
126613822,grass,grade4,versiegelt,0.334,0.334,0.333,0.333
126613826,grass,grade4,versiegelt,0.334,0.334,0.333,0.333
126613827,grass,grade4,versiegelt,0.334,0.334,0.333,0.333
126613828,gravel,grade2,versiegelt,0.334,0.334,0.333,0.333
126613830,grass,grade4,versiegelt,0.334,0.334,0.333,0.333
126613831,compacted,grade4,versiegelt,0.334,0.334,0.333,0.333
126717969,compacted,grade2,versiegelt,0.334,0.334,0.333,0.333
127226882,grass,unknown,versiegelt,0.334,0.334,0.333,0.333
127247887,asphalt,unknown,versiegelt,0.334,0.334,0.333,0.333
127247890,asphalt,unknown,versiegelt,0.334,0.334,0.333,0.333
127247892,asphalt,unknown,versiegelt,0.334,0.334,0.333,0.333
127247893,asphalt,unknown,versiegelt,0.334,0.334,0.333,0.333
127247895,asphalt,unknown,versiegelt,0.334,0.334,0.333,0.333
127247896,asphalt,unknown,versiegelt,0.334,0.334,0.333,0.333
127247898,asphalt,unknown,versiegelt,0.334,0.334,0.333,0.333
127247900,asphalt,unknown,versiegelt,0.334,0.334,0.333,0.333
127247901,asphalt,unknown,versiegelt,0.334,0.334,0.333,0.333
127247903,asphalt,unknown,versiegelt,0.334,0.334,0.333,0.333
127248588,grass,grade5,versiegelt,0.334,0.334,0.333,0.333
127250466,grass,grade5,versiegelt,0.334,0.334,0.333,0.333
127268014,asphalt,grade1,versiegelt,0.334,0.334,0.333,0.333
127268019,mud,grade4,versiegelt,0.334,0.334,0.333,0.333
127268022,asphalt,grade1,versiegelt,0.334,0.334,0.333,0.333
127268024,asphalt,grade1,versiegelt,0.334,0.334,0.333,0.333
127268031,asphalt,grade1,versiegelt,0.334,0.334,0.333,0.333
127268032,asphalt,grade1,versiegelt,0.334,0.334,0.333,0.333
127268039,asphalt,grade1,versiegelt,0.334,0.334,0.333,0.333
127303375,unpaved,unknown,versiegelt,0.334,0.334,0.333,0.333
127417266,gravel,unknown,versiegelt,0.334,0.334,0.333,0.333
127661048,asphalt,unknown,versiegelt,0.334,0.334,0.333,0.333
127661049,asphalt,unknown,versiegelt,0.334,0.334,0.333,0.333
127674112,grass,grade5,versiegelt,0.334,0.334,0.333,0.333
127674114,grass,grade5,versiegelt,0.334,0.334,0.333,0.333
127674115,grass,grade5,versiegelt,0.334,0.334,0.333,0.333
127674117,mud,grade3,versiegelt,0.334,0.334,0.333,0.333
128037296,gravel,grade2,versiegelt,0.334,0.334,0.333,0.333
128037297,gravel,grade2,versiegelt,0.334,0.334,0.333,0.333
128089847,gravel,grade2,versiegelt,0.334,0.334,0.333,0.333
128089848,gravel,grade2,versiegelt,0.334,0.334,0.333,0.333
128089850,gravel,grade2,versiegelt,0.334,0.334,0.333,0.333
128089853,compacted,grade2,versiegelt,0.334,0.334,0.333,0.333
128089858,grass,grade5,versiegelt,0.334,0.334,0.333,0.333
128089859,gravel,grade2,versiegelt,0.334,0.334,0.333,0.333
128089861,gravel,grade4,versiegelt,0.334,0.334,0.333,0.333
128089862,compacted,grade2,versiegelt,0.334,0.334,0.333,0.333
128089864,compacted,grade2,versiegelt,0.334,0.334,0.333,0.333
128089869,gravel,grade2,versiegelt,0.334,0.334,0.333,0.333
128113320,asphalt,grade1,versiegelt,0.334,0.334,0.333,0.333
128113324,gravel,grade2,versiegelt,0.334,0.334,0.333,0.333
128113326,gravel,grade2,versiegelt,0.334,0.334,0.333,0.333
128113330,compacted,grade2,versiegelt,0.334,0.334,0.333,0.333
128113336,gravel,grade2,versiegelt,0.334,0.334,0.333,0.333
128113337,gravel,grade2,versiegelt,0.334,0.334,0.333,0.333
128113342,gravel,grade2,versiegelt,0.334,0.334,0.333,0.333
128113344,gravel,grade2,versiegelt,0.334,0.334,0.333,0.333
128113346,gravel,grade2,versiegelt,0.334,0.334,0.333,0.333
128113349,gravel,grade2,versiegelt,0.334,0.334,0.333,0.333
128113354,compacted,grade2,versiegelt,0.334,0.334,0.333,0.333
128113357,gravel,grade2,versiegelt,0.334,0.334,0.333,0.333
128113359,gravel,grade2,versiegelt,0.334,0.334,0.333,0.333
128113361,compacted,grade2,versiegelt,0.334,0.334,0.333,0.333
128113362,gravel,grade2,versiegelt,0.334,0.334,0.333,0.333
128113365,grass,grade5,versiegelt,0.334,0.334,0.333,0.333
128113369,grass,grade5,versiegelt,0.334,0.334,0.333,0.333
128113373,gravel,grade2,versiegelt,0.334,0.334,0.333,0.333
128113375,gravel,unknown,versiegelt,0.334,0.334,0.333,0.333
128113377,compacted,grade2,versiegelt,0.334,0.334,0.333,0.333
128113379,gravel,grade2,versiegelt,0.334,0.334,0.333,0.333
128113383,gravel,grade2,versiegelt,0.334,0.334,0.333,0.333
128113385,compacted,grade2,versiegelt,0.334,0.334,0.333,0.333
128274621,asphalt,unknown,versiegelt,0.334,0.334,0.333,0.333
128274622,asphalt,unknown,versiegelt,0.334,0.334,0.333,0.333
128274623,fine_gravel,grade2,versiegelt,0.334,0.334,0.333,0.333
128274624,gravel,grade3,versiegelt,0.334,0.334,0.333,0.333
128274625,gravel,grade3,versiegelt,0.334,0.334,0.333,0.333
128274626,gravel,grade3,versiegelt,0.334,0.334,0.333,0.333
128274627,gravel,grade3,versiegelt,0.334,0.334,0.333,0.333
128391629,asphalt,unknown,versiegelt,0.334,0.334,0.333,0.333
128572436,gravel,grade4,versiegelt,0.334,0.334,0.333,0.333
128572438,gravel,grade4,versiegelt,0.334,0.334,0.333,0.333
128572440,grass,grade5,versiegelt,0.334,0.334,0.333,0.333
128750537,gravel,grade2,versiegelt,0.334,0.334,0.333,0.333
129025025,concrete,unknown,versiegelt,0.334,0.334,0.333,0.333
129025029,gravel,grade2,versiegelt,0.334,0.334,0.333,0.333
129025030,asphalt,grade2,versiegelt,0.334,0.334,0.333,0.333
129025031,grass,grade4,versiegelt,0.334,0.334,0.333,0.333
129025035,fine_gravel,grade2,versiegelt,0.334,0.334,0.333,0.333
129025037,compacted,grade3,versiegelt,0.334,0.334,0.333,0.333
129025038,gravel,grade2,versiegelt,0.334,0.334,0.333,0.333
129025039,gravel,grade2,versiegelt,0.334,0.334,0.333,0.333
129025040,gravel,grade2,versiegelt,0.334,0.334,0.333,0.333
129147327,grass,grade5,versiegelt,0.334,0.334,0.333,0.333
129147329,grass,grade5,versiegelt,0.334,0.334,0.333,0.333
129147331,gravel,grade2,versiegelt,0.334,0.334,0.333,0.333
129147338,gravel,grade2,versiegelt,0.334,0.334,0.333,0.333
129147346,gravel,grade2,versiegelt,0.334,0.334,0.333,0.333
129147349,compacted,grade2,versiegelt,0.334,0.334,0.333,0.333
129709368,gravel,grade2,versiegelt,0.334,0.334,0.333,0.333
129709370,compacted,grade2,versiegelt,0.334,0.334,0.333,0.333
129709377,compacted,unknown,versiegelt,0.334,0.334,0.333,0.333
129709378,gravel,grade2,versiegelt,0.334,0.334,0.333,0.333
129787887,asphalt,unknown,versiegelt,0.334,0.334,0.333,0.333
129787888,asphalt,grade2,versiegelt,0.334,0.334,0.333,0.333
129787889,asphalt,grade2,versiegelt,0.334,0.334,0.333,0.333
129787895,asphalt,grade2,versiegelt,0.334,0.334,0.333,0.333
129787897,asphalt,grade2,versiegelt,0.334,0.334,0.333,0.333
129787899,asphalt,grade2,versiegelt,0.334,0.334,0.333,0.333
129787900,asphalt,unknown,versiegelt,0.334,0.334,0.333,0.333
129810043,grass,unknown,versiegelt,0.334,0.334,0.333,0.333
129889756,gravel,grade2,versiegelt,0.334,0.334,0.333,0.333
129889757,asphalt,unknown,versiegelt,0.334,0.334,0.333,0.333
129889762,asphalt,unknown,versiegelt,0.334,0.334,0.333,0.333
129919741,asphalt,unknown,versiegelt,0.334,0.334,0.333,0.333
129919743,asphalt,unknown,versiegelt,0.334,0.334,0.333,0.333
129998822,gravel,grade2,versiegelt,0.334,0.334,0.333,0.333
129998823,gravel,grade3,versiegelt,0.334,0.334,0.333,0.333
130034504,asphalt,unknown,versiegelt,0.334,0.334,0.333,0.333
130034505,grass,unknown,versiegelt,0.334,0.334,0.333,0.333
130429367,gravel,grade2,versiegelt,0.334,0.334,0.333,0.333
130429683,compacted,grade2,versiegelt,0.334,0.334,0.333,0.333
130678350,asphalt,grade1,versiegelt,0.334,0.334,0.333,0.333
130792282,gravel,grade2,versiegelt,0.334,0.334,0.333,0.333
130792288,grass,unknown,versiegelt,0.334,0.334,0.333,0.333
130792289,asphalt,grade1,versiegelt,0.334,0.334,0.333,0.333
130792295,asphalt,grade2,versiegelt,0.334,0.334,0.333,0.333
130792296,asphalt,grade1,versiegelt,0.334,0.334,0.333,0.333
130792302,asphalt,grade1,versiegelt,0.334,0.334,0.333,0.333
130792305,asphalt,grade2,versiegelt,0.334,0.334,0.333,0.333
130792307,concrete,grade2,versiegelt,0.334,0.334,0.333,0.333
130792308,asphalt,grade2,versiegelt,0.334,0.334,0.333,0.333
130792310,concrete,grade2,versiegelt,0.334,0.334,0.333,0.333
130792316,fine_gravel,grade4,versiegelt,0.334,0.334,0.333,0.333
130792317,asphalt,unknown,versiegelt,0.334,0.334,0.333,0.333
130792318,fine_gravel,grade2,versiegelt,0.334,0.334,0.333,0.333
130792320,asphalt,unknown,versiegelt,0.334,0.334,0.333,0.333
130792322,asphalt,grade2,versiegelt,0.334,0.334,0.333,0.333
130792323,asphalt,unknown,versiegelt,0.334,0.334,0.333,0.333
130792326,grass,grade4,versiegelt,0.334,0.334,0.333,0.333
130792327,asphalt,grade3,versiegelt,0.334,0.334,0.333,0.333
130792328,asphalt,unknown,versiegelt,0.334,0.334,0.333,0.333
130792329,asphalt,grade1,versiegelt,0.334,0.334,0.333,0.333
130905982,asphalt,grade1,versiegelt,0.334,0.334,0.333,0.333
130905983,asphalt,grade1,versiegelt,0.334,0.334,0.333,0.333
130905984,asphalt,unknown,versiegelt,0.334,0.334,0.333,0.333
130905988,asphalt,unknown,versiegelt,0.334,0.334,0.333,0.333
130905996,unpaved,unknown,versiegelt,0.334,0.334,0.333,0.333
130905998,compacted,unknown,versiegelt,0.334,0.334,0.333,0.333
130906003,asphalt,grade2,versiegelt,0.334,0.334,0.333,0.333
130906004,grass,grade3,versiegelt,0.334,0.334,0.333,0.333
131075460,grass,unknown,versiegelt,0.334,0.334,0.333,0.333
131199247,asphalt,unknown,versiegelt,0.334,0.334,0.333,0.333
131199248,gravel,grade4,versiegelt,0.334,0.334,0.333,0.333
131238387,asphalt,grade1,versiegelt,0.334,0.334,0.333,0.333
131238388,gravel,grade2,versiegelt,0.334,0.334,0.333,0.333
131238389,asphalt,grade1,versiegelt,0.334,0.334,0.333,0.333
131238390,grass,grade4,versiegelt,0.334,0.334,0.333,0.333
131238391,grass,grade5,versiegelt,0.334,0.334,0.333,0.333
131238392,asphalt,grade1,versiegelt,0.334,0.334,0.333,0.333
131238393,asphalt,grade1,versiegelt,0.334,0.334,0.333,0.333
131238394,gravel,unknown,versiegelt,0.334,0.334,0.333,0.333
131238395,asphalt,grade1,versiegelt,0.334,0.334,0.333,0.333
131238399,gravel,grade4,versiegelt,0.334,0.334,0.333,0.333
131238400,asphalt,grade1,versiegelt,0.334,0.334,0.333,0.333
131238401,asphalt,grade1,versiegelt,0.334,0.334,0.333,0.333
131269919,asphalt,grade1,versiegelt,0.334,0.334,0.333,0.333
131351297,asphalt,grade1,versiegelt,0.334,0.334,0.333,0.333
131351301,gravel,grade2,versiegelt,0.334,0.334,0.333,0.333
131351302,asphalt,grade1,versiegelt,0.334,0.334,0.333,0.333
131351303,asphalt,grade1,versiegelt,0.334,0.334,0.333,0.333
131351304,asphalt,grade1,versiegelt,0.334,0.334,0.333,0.333
131351305,asphalt,grade1,versiegelt,0.334,0.334,0.333,0.333
131351306,asphalt,unknown,versiegelt,0.334,0.334,0.333,0.333
131351308,grass,grade5,versiegelt,0.334,0.334,0.333,0.333
131351310,gravel,grade2,versiegelt,0.334,0.334,0.333,0.333
131351311,asphalt,grade1,versiegelt,0.334,0.334,0.333,0.333
131351312,grass,grade5,versiegelt,0.334,0.334,0.333,0.333
131351313,grass,grade5,versiegelt,0.334,0.334,0.333,0.333
131351314,asphalt,grade1,versiegelt,0.334,0.334,0.333,0.333
131351316,grass,grade5,versiegelt,0.334,0.334,0.333,0.333
131351317,grass,grade5,versiegelt,0.334,0.334,0.333,0.333
131351320,gravel,grade2,versiegelt,0.334,0.334,0.333,0.333
131351323,asphalt,grade1,versiegelt,0.334,0.334,0.333,0.333
131351326,grass,grade4,versiegelt,0.334,0.334,0.333,0.333
131351327,gravel,grade2,versiegelt,0.334,0.334,0.333,0.333
131351328,grass,grade5,versiegelt,0.334,0.334,0.333,0.333
131351329,grass,grade5,versiegelt,0.334,0.334,0.333,0.333
131351330,grass,grade5,versiegelt,0.334,0.334,0.333,0.333
131480716,asphalt,unknown,versiegelt,0.334,0.334,0.333,0.333
131480720,gravel,grade2,versiegelt,0.334,0.334,0.333,0.333
131480723,asphalt,grade1,versiegelt,0.334,0.334,0.333,0.333
131480724,gravel,grade2,versiegelt,0.334,0.334,0.333,0.333
131555336,asphalt,grade1,versiegelt,0.334,0.334,0.333,0.333
131555338,asphalt,grade1,versiegelt,0.334,0.334,0.333,0.333
131555339,asphalt,grade1,versiegelt,0.334,0.334,0.333,0.333
131555340,grass,grade5,versiegelt,0.334,0.334,0.333,0.333
131555342,asphalt,grade1,versiegelt,0.334,0.334,0.333,0.333
131555344,asphalt,unknown,versiegelt,0.334,0.334,0.333,0.333
131555345,asphalt,unknown,versiegelt,0.334,0.334,0.333,0.333
132012248,grass,grade5,versiegelt,0.334,0.334,0.333,0.333
132012250,gravel,grade2,versiegelt,0.334,0.334,0.333,0.333
132012280,gravel,grade2,versiegelt,0.334,0.334,0.333,0.333
132012283,asphalt,grade1,versiegelt,0.334,0.334,0.333,0.333
132012286,grass,unknown,versiegelt,0.334,0.334,0.333,0.333
132124424,grass,grade5,versiegelt,0.334,0.334,0.333,0.333
132124425,gravel,grade2,versiegelt,0.334,0.334,0.333,0.333
132124426,grass,grade5,versiegelt,0.334,0.334,0.333,0.333
132124427,gravel,unknown,versiegelt,0.334,0.334,0.333,0.333
132124429,gravel,grade2,versiegelt,0.334,0.334,0.333,0.333
132124430,gravel,grade2,versiegelt,0.334,0.334,0.333,0.333
132124431,fine_gravel,grade2,versiegelt,0.334,0.334,0.333,0.333
132124432,gravel,grade2,versiegelt,0.334,0.334,0.333,0.333
132124434,grass,grade5,versiegelt,0.334,0.334,0.333,0.333
132124435,gravel,grade2,versiegelt,0.334,0.334,0.333,0.333
132124436,grass,grade5,versiegelt,0.334,0.334,0.333,0.333
132124438,grass,grade5,versiegelt,0.334,0.334,0.333,0.333
132124439,gravel,grade2,versiegelt,0.334,0.334,0.333,0.333
132124440,gravel,grade2,versiegelt,0.334,0.334,0.333,0.333
132124441,grass,grade5,versiegelt,0.334,0.334,0.333,0.333
132124442,grass,grade5,versiegelt,0.334,0.334,0.333,0.333
132250713,grass,grade5,versiegelt,0.334,0.334,0.333,0.333
132250714,grass,grade5,versiegelt,0.334,0.334,0.333,0.333
132547260,asphalt,grade1,versiegelt,0.334,0.334,0.333,0.333
132547261,asphalt,grade1,versiegelt,0.334,0.334,0.333,0.333
132547262,gravel,grade2,versiegelt,0.334,0.334,0.333,0.333
132547263,asphalt,grade1,versiegelt,0.334,0.334,0.333,0.333
132547264,asphalt,grade1,versiegelt,0.334,0.334,0.333,0.333
132659581,gravel,grade1,versiegelt,0.334,0.334,0.333,0.333
132659586,asphalt,grade1,versiegelt,0.334,0.334,0.333,0.333
132659590,asphalt,grade1,versiegelt,0.334,0.334,0.333,0.333
132659593,grass,grade5,versiegelt,0.334,0.334,0.333,0.333
132680918,grass,grade5,versiegelt,0.334,0.334,0.333,0.333
132975837,gravel,grade2,versiegelt,0.334,0.334,0.333,0.333
133101714,gravel,grade4,versiegelt,0.334,0.334,0.333,0.333
133101722,grass,grade5,versiegelt,0.334,0.334,0.333,0.333
133101723,grass,grade5,versiegelt,0.334,0.334,0.333,0.333
133101727,gravel,grade2,versiegelt,0.334,0.334,0.333,0.333
133101728,asphalt,grade1,versiegelt,0.334,0.334,0.333,0.333
133101731,grass,grade5,versiegelt,0.334,0.334,0.333,0.333
133507613,unpaved,grade3,versiegelt,0.334,0.334,0.333,0.333
133514861,unpaved,grade4,versiegelt,0.334,0.334,0.333,0.333
133514863,unpaved,unknown,versiegelt,0.334,0.334,0.333,0.333
133516087,grass,unknown,versiegelt,0.334,0.334,0.333,0.333
133516698,asphalt,grade1,versiegelt,0.334,0.334,0.333,0.333
133517264,asphalt,grade1,versiegelt,0.334,0.334,0.333,0.333
133517265,compacted,grade3,versiegelt,0.334,0.334,0.333,0.333
133542348,gravel,grade2,versiegelt,0.334,0.334,0.333,0.333
133542349,asphalt,grade1,versiegelt,0.334,0.334,0.333,0.333
133542352,gravel,grade2,versiegelt,0.334,0.334,0.333,0.333
133542353,asphalt,grade1,versiegelt,0.334,0.334,0.333,0.333
133542354,grass,grade5,versiegelt,0.334,0.334,0.333,0.333
133542355,asphalt,grade1,versiegelt,0.334,0.334,0.333,0.333
133542357,grass,grade5,versiegelt,0.334,0.334,0.333,0.333
133542360,asphalt,grade1,versiegelt,0.334,0.334,0.333,0.333
133542361,gravel,grade2,versiegelt,0.334,0.334,0.333,0.333
133542362,grass,grade5,versiegelt,0.334,0.334,0.333,0.333
133542364,grass,grade5,versiegelt,0.334,0.334,0.333,0.333
133542370,grass,grade5,versiegelt,0.334,0.334,0.333,0.333
133542371,grass,grade5,versiegelt,0.334,0.334,0.333,0.333
133542372,grass,grade5,versiegelt,0.334,0.334,0.333,0.333
133542377,grass,grade5,versiegelt,0.334,0.334,0.333,0.333
133542379,grass,grade5,versiegelt,0.334,0.334,0.333,0.333
133542381,grass,grade5,versiegelt,0.334,0.334,0.333,0.333
133542391,grass,grade5,versiegelt,0.334,0.334,0.333,0.333
133542398,grass,grade4,versiegelt,0.334,0.334,0.333,0.333
133542403,gravel,grade2,versiegelt,0.334,0.334,0.333,0.333
133893299,gravel,unknown,versiegelt,0.334,0.334,0.333,0.333
133893300,gravel,unknown,versiegelt,0.334,0.334,0.333,0.333
133893310,gravel,unknown,versiegelt,0.334,0.334,0.333,0.333
133893312,asphalt,unknown,versiegelt,0.334,0.334,0.333,0.333
133893313,compacted,unknown,versiegelt,0.334,0.334,0.333,0.333
133893314,grass,grade5,versiegelt,0.334,0.334,0.333,0.333
134218683,grass,grade5,versiegelt,0.334,0.334,0.333,0.333
134218684,grass,grade5,versiegelt,0.334,0.334,0.333,0.333
134218685,grass,grade5,versiegelt,0.334,0.334,0.333,0.333
134417879,gravel,grade2,versiegelt,0.334,0.334,0.333,0.333
134417880,grass,grade5,versiegelt,0.334,0.334,0.333,0.333
134565631,compacted,unknown,versiegelt,0.334,0.334,0.333,0.333
134565632,asphalt,grade1,versiegelt,0.334,0.334,0.333,0.333
134836668,asphalt,grade1,versiegelt,0.334,0.334,0.333,0.333
135088292,asphalt,grade1,versiegelt,0.334,0.334,0.333,0.333
135088302,asphalt,grade1,versiegelt,0.334,0.334,0.333,0.333
135088316,asphalt,grade1,versiegelt,0.334,0.334,0.333,0.333
135088317,asphalt,grade1,versiegelt,0.334,0.334,0.333,0.333
135227689,gravel,unknown,versiegelt,0.334,0.334,0.333,0.333
135227691,gravel,grade3,versiegelt,0.334,0.334,0.333,0.333
135227692,asphalt,grade1,versiegelt,0.334,0.334,0.333,0.333
135227694,grass,grade4,versiegelt,0.334,0.334,0.333,0.333
135245044,compacted,grade2,versiegelt,0.334,0.334,0.333,0.333
135309234,asphalt,unknown,versiegelt,0.334,0.334,0.333,0.333
135309244,gravel,grade3,versiegelt,0.334,0.334,0.333,0.333
135332727,gravel,grade2,versiegelt,0.334,0.334,0.333,0.333
135332731,compacted,grade2,versiegelt,0.334,0.334,0.333,0.333
135332801,unpaved,grade2,versiegelt,0.334,0.334,0.333,0.333
135335079,compacted,grade2,versiegelt,0.334,0.334,0.333,0.333
135335087,compacted,grade2,versiegelt,0.334,0.334,0.333,0.333
135335090,grass,grade5,versiegelt,0.334,0.334,0.333,0.333
135335095,asphalt,grade1,versiegelt,0.334,0.334,0.333,0.333
135335096,grass,unknown,versiegelt,0.334,0.334,0.333,0.333
135335103,unpaved,grade3,versiegelt,0.334,0.334,0.333,0.333
135672370,gravel,unknown,versiegelt,0.334,0.334,0.333,0.333
135672371,compacted,grade3,versiegelt,0.334,0.334,0.333,0.333
135693011,asphalt,grade1,versiegelt,0.334,0.334,0.333,0.333
135693012,fine_gravel,grade2,versiegelt,0.334,0.334,0.333,0.333
135807627,compacted,unknown,versiegelt,0.334,0.334,0.333,0.333
135807631,compacted,grade2,versiegelt,0.334,0.334,0.333,0.333
135807632,paved,grade1,versiegelt,0.334,0.334,0.333,0.333
135887265,asphalt,unknown,versiegelt,0.334,0.334,0.333,0.333
135887266,asphalt,unknown,versiegelt,0.334,0.334,0.333,0.333
135887269,gravel,grade4,versiegelt,0.334,0.334,0.333,0.333
135887270,asphalt,grade1,versiegelt,0.334,0.334,0.333,0.333
136110494,asphalt,grade1,versiegelt,0.334,0.334,0.333,0.333
136110500,gravel,grade3,versiegelt,0.334,0.334,0.333,0.333
136110503,asphalt,grade1,versiegelt,0.334,0.334,0.333,0.333
136666773,asphalt,grade1,versiegelt,0.334,0.334,0.333,0.333
137152559,gravel,grade2,versiegelt,0.334,0.334,0.333,0.333
137728533,asphalt,unknown,versiegelt,0.334,0.334,0.333,0.333
137728534,asphalt,unknown,versiegelt,0.334,0.334,0.333,0.333
137728536,asphalt,unknown,versiegelt,0.334,0.334,0.333,0.333
138591092,grass,grade2,versiegelt,0.334,0.334,0.333,0.333
139521542,asphalt,unknown,versiegelt,0.334,0.334,0.333,0.333
139521544,asphalt,unknown,versiegelt,0.334,0.334,0.333,0.333
139521546,gravel,grade3,versiegelt,0.334,0.334,0.333,0.333
139521547,gravel,grade3,versiegelt,0.334,0.334,0.333,0.333
139521548,asphalt,unknown,versiegelt,0.334,0.334,0.333,0.333
139531045,gravel,grade3,versiegelt,0.334,0.334,0.333,0.333
139531057,gravel,grade2,versiegelt,0.334,0.334,0.333,0.333
139531058,gravel,grade2,versiegelt,0.334,0.334,0.333,0.333
139761253,asphalt,grade1,versiegelt,0.334,0.334,0.333,0.333
139761259,asphalt,grade2,versiegelt,0.334,0.334,0.333,0.333
139844688,asphalt,unknown,versiegelt,0.334,0.334,0.333,0.333
139844706,asphalt,unknown,versiegelt,0.334,0.334,0.333,0.333
139844707,asphalt,unknown,versiegelt,0.334,0.334,0.333,0.333
139844708,asphalt,unknown,versiegelt,0.334,0.334,0.333,0.333
139844709,asphalt,unknown,versiegelt,0.334,0.334,0.333,0.333
139844712,gravel,grade2,versiegelt,0.334,0.334,0.333,0.333
139844713,asphalt,grade1,versiegelt,0.334,0.334,0.333,0.333
139844718,asphalt,grade1,versiegelt,0.334,0.334,0.333,0.333
139844719,gravel,grade2,versiegelt,0.334,0.334,0.333,0.333
139844720,asphalt,grade1,versiegelt,0.334,0.334,0.333,0.333
139844721,grass,grade5,versiegelt,0.334,0.334,0.333,0.333
139844722,asphalt,grade1,versiegelt,0.334,0.334,0.333,0.333
139844724,asphalt,grade1,versiegelt,0.334,0.334,0.333,0.333
139844728,asphalt,grade1,versiegelt,0.334,0.334,0.333,0.333
139844729,grass,grade5,versiegelt,0.334,0.334,0.333,0.333
139844730,grass,grade5,versiegelt,0.334,0.334,0.333,0.333
139844732,grass,grade5,versiegelt,0.334,0.334,0.333,0.333
139844733,grass,grade5,versiegelt,0.334,0.334,0.333,0.333
139844734,asphalt,grade1,versiegelt,0.334,0.334,0.333,0.333
139844738,asphalt,grade1,versiegelt,0.334,0.334,0.333,0.333
139844739,grass,grade5,versiegelt,0.334,0.334,0.333,0.333
139844744,asphalt,grade1,versiegelt,0.334,0.334,0.333,0.333
139844746,asphalt,grade1,versiegelt,0.334,0.334,0.333,0.333
140134000,asphalt,unknown,versiegelt,0.334,0.334,0.333,0.333
140134034,gravel,grade2,versiegelt,0.334,0.334,0.333,0.333
140134036,asphalt,unknown,versiegelt,0.334,0.334,0.333,0.333
140134038,asphalt,unknown,versiegelt,0.334,0.334,0.333,0.333
140136787,asphalt,unknown,versiegelt,0.334,0.334,0.333,0.333
140297514,asphalt,unknown,versiegelt,0.334,0.334,0.333,0.333
140377509,asphalt,grade1,versiegelt,0.334,0.334,0.333,0.333
140377513,asphalt,grade1,versiegelt,0.334,0.334,0.333,0.333
140377515,compacted,grade2,versiegelt,0.334,0.334,0.333,0.333
140897532,asphalt,unknown,versiegelt,0.334,0.334,0.333,0.333
140897534,asphalt,unknown,versiegelt,0.334,0.334,0.333,0.333
140897543,asphalt,unknown,versiegelt,0.334,0.334,0.333,0.333
140897553,asphalt,unknown,versiegelt,0.334,0.334,0.333,0.333
140897554,asphalt,unknown,versiegelt,0.334,0.334,0.333,0.333
140897568,asphalt,unknown,versiegelt,0.334,0.334,0.333,0.333
140907782,asphalt,unknown,versiegelt,0.334,0.334,0.333,0.333
140912077,asphalt,unknown,versiegelt,0.334,0.334,0.333,0.333
141109512,asphalt,grade1,versiegelt,0.334,0.334,0.333,0.333
141139305,asphalt,unknown,versiegelt,0.334,0.334,0.333,0.333
141146759,asphalt,grade1,versiegelt,0.334,0.334,0.333,0.333
141147086,asphalt,grade1,versiegelt,0.334,0.334,0.333,0.333
141147474,compacted,grade2,versiegelt,0.334,0.334,0.333,0.333
141147475,fine_gravel,grade2,versiegelt,0.334,0.334,0.333,0.333
141239739,asphalt,unknown,versiegelt,0.334,0.334,0.333,0.333
141401167,fine_gravel,grade3,versiegelt,0.334,0.334,0.333,0.333
141446081,asphalt,unknown,versiegelt,0.334,0.334,0.333,0.333
141446082,asphalt,unknown,versiegelt,0.334,0.334,0.333,0.333
141446086,asphalt,unknown,versiegelt,0.334,0.334,0.333,0.333
141481166,asphalt,unknown,versiegelt,0.334,0.334,0.333,0.333
141481179,gravel,grade3,versiegelt,0.334,0.334,0.333,0.333
141481187,asphalt,unknown,versiegelt,0.334,0.334,0.333,0.333
141481190,asphalt,unknown,versiegelt,0.334,0.334,0.333,0.333
141571375,asphalt,unknown,versiegelt,0.334,0.334,0.333,0.333
141627594,asphalt,unknown,versiegelt,0.334,0.334,0.333,0.333
141627596,asphalt,unknown,versiegelt,0.334,0.334,0.333,0.333
141627599,asphalt,unknown,versiegelt,0.334,0.334,0.333,0.333
141627600,asphalt,unknown,versiegelt,0.334,0.334,0.333,0.333
141627602,asphalt,unknown,versiegelt,0.334,0.334,0.333,0.333
141632731,asphalt,unknown,versiegelt,0.334,0.334,0.333,0.333
141766409,asphalt,unknown,versiegelt,0.334,0.334,0.333,0.333
141870148,asphalt,unknown,versiegelt,0.334,0.334,0.333,0.333
141870190,asphalt,unknown,versiegelt,0.334,0.334,0.333,0.333
141870192,asphalt,unknown,versiegelt,0.334,0.334,0.333,0.333
141879049,asphalt,unknown,versiegelt,0.334,0.334,0.333,0.333
141953914,asphalt,unknown,versiegelt,0.334,0.334,0.333,0.333
142189411,asphalt,unknown,versiegelt,0.334,0.334,0.333,0.333
142189457,asphalt,unknown,versiegelt,0.334,0.334,0.333,0.333
142309223,asphalt,unknown,versiegelt,0.334,0.334,0.333,0.333
142973196,asphalt,unknown,versiegelt,0.334,0.334,0.333,0.333
143129548,asphalt,unknown,versiegelt,0.334,0.334,0.333,0.333
143915192,gravel,grade2,versiegelt,0.334,0.334,0.333,0.333
144034250,grass,grade5,versiegelt,0.334,0.334,0.333,0.333
144544902,grass,grade5,versiegelt,0.334,0.334,0.333,0.333
144544903,grass,grade5,versiegelt,0.334,0.334,0.333,0.333
144710880,grass,grade5,versiegelt,0.334,0.334,0.333,0.333
144710882,grass,grade5,versiegelt,0.334,0.334,0.333,0.333
144710885,grass,grade5,versiegelt,0.334,0.334,0.333,0.333
144713059,grass,grade5,versiegelt,0.334,0.334,0.333,0.333
144713060,grass,grade5,versiegelt,0.334,0.334,0.333,0.333
144713061,grass,grade5,versiegelt,0.334,0.334,0.333,0.333
144713062,grass,grade5,versiegelt,0.334,0.334,0.333,0.333
144713063,grass,grade5,versiegelt,0.334,0.334,0.333,0.333
144713064,grass,grade5,versiegelt,0.334,0.334,0.333,0.333
146825824,asphalt,unknown,versiegelt,0.334,0.334,0.333,0.333
148769089,paved,grade1,versiegelt,0.334,0.334,0.333,0.333
148769101,paved,grade1,versiegelt,0.334,0.334,0.333,0.333
149488738,grass,unknown,versiegelt,0.334,0.334,0.333,0.333
149488744,compacted,grade1,versiegelt,0.334,0.334,0.333,0.333
149781378,gravel,grade2,versiegelt,0.334,0.334,0.333,0.333
149781382,gravel,grade2,versiegelt,0.334,0.334,0.333,0.333
149781391,gravel,grade2,versiegelt,0.334,0.334,0.333,0.333
150063575,gravel,unknown,versiegelt,0.334,0.334,0.333,0.333
150063576,gravel,unknown,versiegelt,0.334,0.334,0.333,0.333
150276399,gravel,grade2,versiegelt,0.334,0.334,0.333,0.333
150276404,gravel,grade2,versiegelt,0.334,0.334,0.333,0.333
150276405,gravel,unknown,versiegelt,0.334,0.334,0.333,0.333
150276406,gravel,unknown,versiegelt,0.334,0.334,0.333,0.333
150276407,gravel,grade2,versiegelt,0.334,0.334,0.333,0.333
151083545,fine_gravel,grade2,versiegelt,0.334,0.334,0.333,0.333
152326597,grass,grade5,versiegelt,0.334,0.334,0.333,0.333
152326599,asphalt,grade1,versiegelt,0.334,0.334,0.333,0.333
152326600,asphalt,grade1,versiegelt,0.334,0.334,0.333,0.333
152326601,gravel,grade2,versiegelt,0.334,0.334,0.333,0.333
152472386,asphalt,grade1,versiegelt,0.334,0.334,0.333,0.333
152472387,grass,grade5,versiegelt,0.334,0.334,0.333,0.333
152472389,gravel,grade3,versiegelt,0.334,0.334,0.333,0.333
152472391,gravel,grade2,versiegelt,0.334,0.334,0.333,0.333
152472392,gravel,grade2,versiegelt,0.334,0.334,0.333,0.333
152472393,gravel,grade2,versiegelt,0.334,0.334,0.333,0.333
152472394,asphalt,grade1,versiegelt,0.334,0.334,0.333,0.333
152472395,gravel,grade2,versiegelt,0.334,0.334,0.333,0.333
152472396,gravel,grade3,versiegelt,0.334,0.334,0.333,0.333
153884059,gravel,grade2,versiegelt,0.334,0.334,0.333,0.333
153884064,compacted,grade2,versiegelt,0.334,0.334,0.333,0.333
154564342,asphalt,grade1,versiegelt,0.334,0.334,0.333,0.333
154564343,grass,grade5,versiegelt,0.334,0.334,0.333,0.333
154564348,asphalt,grade1,versiegelt,0.334,0.334,0.333,0.333
154580044,gravel,grade2,versiegelt,0.334,0.334,0.333,0.333
154581702,gravel,grade2,versiegelt,0.334,0.334,0.333,0.333
154583620,asphalt,unknown,versiegelt,0.334,0.334,0.333,0.333
154806680,asphalt,unknown,versiegelt,0.334,0.334,0.333,0.333
154806688,asphalt,unknown,versiegelt,0.334,0.334,0.333,0.333
154806689,asphalt,unknown,versiegelt,0.334,0.334,0.333,0.333
154806690,asphalt,unknown,versiegelt,0.334,0.334,0.333,0.333
154806697,gravel,grade2,versiegelt,0.334,0.334,0.333,0.333
156059787,gravel,grade3,versiegelt,0.334,0.334,0.333,0.333
156059793,fine_gravel,grade3,versiegelt,0.334,0.334,0.333,0.333
156238082,grass,grade4,versiegelt,0.334,0.334,0.333,0.333
156238084,grass,grade4,versiegelt,0.334,0.334,0.333,0.333
156662216,gravel,grade3,versiegelt,0.334,0.334,0.333,0.333
156662218,gravel,grade2,versiegelt,0.334,0.334,0.333,0.333
156662219,gravel,grade2,versiegelt,0.334,0.334,0.333,0.333
156662220,gravel,grade2,versiegelt,0.334,0.334,0.333,0.333
156662221,gravel,grade2,versiegelt,0.334,0.334,0.333,0.333
156662223,gravel,grade2,versiegelt,0.334,0.334,0.333,0.333
156798092,concrete,unknown,versiegelt,0.334,0.334,0.333,0.333
156798094,grass,unknown,versiegelt,0.334,0.334,0.333,0.333
156798095,grass,unknown,versiegelt,0.334,0.334,0.333,0.333
156798096,grass,grade5,versiegelt,0.334,0.334,0.333,0.333
156798097,gravel,grade4,versiegelt,0.334,0.334,0.333,0.333
156798098,grass,grade4,versiegelt,0.334,0.334,0.333,0.333
157315591,gravel,grade2,versiegelt,0.334,0.334,0.333,0.333
157315593,grass,grade4,versiegelt,0.334,0.334,0.333,0.333
157315596,grass,grade5,versiegelt,0.334,0.334,0.333,0.333
157315597,asphalt,grade1,versiegelt,0.334,0.334,0.333,0.333
157315598,asphalt,grade1,versiegelt,0.334,0.334,0.333,0.333
157315599,asphalt,grade1,versiegelt,0.334,0.334,0.333,0.333
157377110,asphalt,unknown,versiegelt,0.334,0.334,0.333,0.333
159545869,asphalt,unknown,versiegelt,0.334,0.334,0.333,0.333
159545870,asphalt,unknown,versiegelt,0.334,0.334,0.333,0.333
159550940,asphalt,unknown,versiegelt,0.334,0.334,0.333,0.333
159550941,grass,grade5,versiegelt,0.334,0.334,0.333,0.333
159589360,asphalt,grade1,versiegelt,0.334,0.334,0.333,0.333
159589361,gravel,grade2,versiegelt,0.334,0.334,0.333,0.333
159590842,asphalt,unknown,versiegelt,0.334,0.334,0.333,0.333
159651305,asphalt,grade1,versiegelt,0.334,0.334,0.333,0.333
159651350,grass,grade5,versiegelt,0.334,0.334,0.333,0.333
159651351,grass,grade5,versiegelt,0.334,0.334,0.333,0.333
159651353,grass,grade5,versiegelt,0.334,0.334,0.333,0.333
159651355,grass,grade5,versiegelt,0.334,0.334,0.333,0.333
159651359,grass,grade5,versiegelt,0.334,0.334,0.333,0.333
159651360,grass,grade5,versiegelt,0.334,0.334,0.333,0.333
159651361,grass,grade5,versiegelt,0.334,0.334,0.333,0.333
159651363,grass,grade5,versiegelt,0.334,0.334,0.333,0.333
159651365,grass,grade5,versiegelt,0.334,0.334,0.333,0.333
159651369,grass,grade5,versiegelt,0.334,0.334,0.333,0.333
159651372,grass,grade5,versiegelt,0.334,0.334,0.333,0.333
159652043,grass,grade5,versiegelt,0.334,0.334,0.333,0.333
159652045,grass,grade5,versiegelt,0.334,0.334,0.333,0.333
159652047,grass,grade5,versiegelt,0.334,0.334,0.333,0.333
159652049,gravel,grade2,versiegelt,0.334,0.334,0.333,0.333
159701209,asphalt,unknown,versiegelt,0.334,0.334,0.333,0.333
159701215,grass,unknown,versiegelt,0.334,0.334,0.333,0.333
160631365,gravel,unknown,versiegelt,0.334,0.334,0.333,0.333
160631367,gravel,unknown,versiegelt,0.334,0.334,0.333,0.333
160641448,asphalt,unknown,versiegelt,0.334,0.334,0.333,0.333
160651595,gravel,grade2,versiegelt,0.334,0.334,0.333,0.333
161480031,grass,grade4,versiegelt,0.334,0.334,0.333,0.333
161480032,asphalt,grade1,versiegelt,0.334,0.334,0.333,0.333
161480034,asphalt,unknown,versiegelt,0.334,0.334,0.333,0.333
161486587,asphalt,unknown,versiegelt,0.334,0.334,0.333,0.333
161486593,compacted,unknown,versiegelt,0.334,0.334,0.333,0.333
161605869,gravel,unknown,versiegelt,0.334,0.334,0.333,0.333
161605870,gravel,unknown,versiegelt,0.334,0.334,0.333,0.333
162448807,asphalt,grade1,versiegelt,0.334,0.334,0.333,0.333
162619107,asphalt,unknown,versiegelt,0.334,0.334,0.333,0.333
162622269,asphalt,unknown,versiegelt,0.334,0.334,0.333,0.333
162622270,asphalt,unknown,versiegelt,0.334,0.334,0.333,0.333
162801997,grass,unknown,versiegelt,0.334,0.334,0.333,0.333
162924060,concrete,unknown,versiegelt,0.334,0.334,0.333,0.333
162949444,asphalt,unknown,versiegelt,0.334,0.334,0.333,0.333
163138907,asphalt,unknown,versiegelt,0.334,0.334,0.333,0.333
163138908,gravel,grade2,versiegelt,0.334,0.334,0.333,0.333
164381992,asphalt,unknown,versiegelt,0.334,0.334,0.333,0.333
164409369,asphalt,unknown,versiegelt,0.334,0.334,0.333,0.333
164409379,asphalt,unknown,versiegelt,0.334,0.334,0.333,0.333
165425341,grass,grade4,versiegelt,0.334,0.334,0.333,0.333
166248928,asphalt,unknown,versiegelt,0.334,0.334,0.333,0.333
166637028,gravel,unknown,versiegelt,0.334,0.334,0.333,0.333
166637029,asphalt,unknown,versiegelt,0.334,0.334,0.333,0.333
167906005,gravel,unknown,versiegelt,0.334,0.334,0.333,0.333
167906006,asphalt,unknown,versiegelt,0.334,0.334,0.333,0.333
167906007,asphalt,grade3,versiegelt,0.334,0.334,0.333,0.333
168627654,gravel,unknown,versiegelt,0.334,0.334,0.333,0.333
168966459,gravel,grade2,versiegelt,0.334,0.334,0.333,0.333
168966462,grass,grade5,versiegelt,0.334,0.334,0.333,0.333
169689983,asphalt,grade1,versiegelt,0.334,0.334,0.333,0.333
169689985,concrete,grade1,versiegelt,0.334,0.334,0.333,0.333
170127561,asphalt,unknown,versiegelt,0.334,0.334,0.333,0.333
171489265,asphalt,grade1,versiegelt,0.334,0.334,0.333,0.333
171489270,asphalt,unknown,versiegelt,0.334,0.334,0.333,0.333
171557030,asphalt,unknown,versiegelt,0.334,0.334,0.333,0.333
171557034,asphalt,grade1,versiegelt,0.334,0.334,0.333,0.333
171561077,asphalt,unknown,versiegelt,0.334,0.334,0.333,0.333
171567679,asphalt,unknown,versiegelt,0.334,0.334,0.333,0.333
171573015,asphalt,unknown,versiegelt,0.334,0.334,0.333,0.333
171573016,asphalt,unknown,versiegelt,0.334,0.334,0.333,0.333
171721659,asphalt,unknown,versiegelt,0.334,0.334,0.333,0.333
171721660,asphalt,grade1,versiegelt,0.334,0.334,0.333,0.333
171747156,asphalt,unknown,versiegelt,0.334,0.334,0.333,0.333
171747158,asphalt,unknown,versiegelt,0.334,0.334,0.333,0.333
175630244,asphalt,unknown,versiegelt,0.334,0.334,0.333,0.333
175630245,gravel,grade2,versiegelt,0.334,0.334,0.333,0.333
175630246,asphalt,grade1,versiegelt,0.334,0.334,0.333,0.333
175630247,asphalt,grade1,versiegelt,0.334,0.334,0.333,0.333
175630248,asphalt,unknown,versiegelt,0.334,0.334,0.333,0.333
175630249,grass,unknown,versiegelt,0.334,0.334,0.333,0.333
175630250,asphalt,unknown,versiegelt,0.334,0.334,0.333,0.333
175630252,asphalt,unknown,versiegelt,0.334,0.334,0.333,0.333
175630253,gravel,grade2,versiegelt,0.334,0.334,0.333,0.333
175633352,grass,grade4,versiegelt,0.334,0.334,0.333,0.333
175633353,grass,grade5,versiegelt,0.334,0.334,0.333,0.333
175633354,paved,grade1,versiegelt,0.334,0.334,0.333,0.333
175633355,asphalt,grade1,versiegelt,0.334,0.334,0.333,0.333
177377489,asphalt,unknown,versiegelt,0.334,0.334,0.333,0.333
177377490,asphalt,unknown,versiegelt,0.334,0.334,0.333,0.333
178003670,grass,grade5,versiegelt,0.334,0.334,0.333,0.333
178006975,grass,grade5,versiegelt,0.334,0.334,0.333,0.333
178006982,gravel,grade2,versiegelt,0.334,0.334,0.333,0.333
178006992,gravel,grade2,versiegelt,0.334,0.334,0.333,0.333
178006994,grass,grade5,versiegelt,0.334,0.334,0.333,0.333
178006997,grass,grade5,versiegelt,0.334,0.334,0.333,0.333
178007004,grass,grade5,versiegelt,0.334,0.334,0.333,0.333
178007005,gravel,grade2,versiegelt,0.334,0.334,0.333,0.333
178007015,grass,grade5,versiegelt,0.334,0.334,0.333,0.333
178007019,grass,grade5,versiegelt,0.334,0.334,0.333,0.333
178007029,gravel,grade2,versiegelt,0.334,0.334,0.333,0.333
178372788,gravel,grade2,versiegelt,0.334,0.334,0.333,0.333
178409964,gravel,grade2,versiegelt,0.334,0.334,0.333,0.333
178417049,grass,unknown,versiegelt,0.334,0.334,0.333,0.333
178417885,grass,grade5,versiegelt,0.334,0.334,0.333,0.333
178548178,asphalt,unknown,versiegelt,0.334,0.334,0.333,0.333
178718856,asphalt,unknown,versiegelt,0.334,0.334,0.333,0.333
178718858,asphalt,grade1,versiegelt,0.334,0.334,0.333,0.333
178718859,asphalt,grade1,versiegelt,0.334,0.334,0.333,0.333
178718860,grass,grade5,versiegelt,0.334,0.334,0.333,0.333
178718861,asphalt,grade1,versiegelt,0.334,0.334,0.333,0.333
178718862,asphalt,grade1,versiegelt,0.334,0.334,0.333,0.333
179891436,asphalt,unknown,versiegelt,0.334,0.334,0.333,0.333
179891440,asphalt,unknown,versiegelt,0.334,0.334,0.333,0.333
179891442,asphalt,grade1,versiegelt,0.334,0.334,0.333,0.333
179891443,asphalt,grade1,versiegelt,0.334,0.334,0.333,0.333
180260662,asphalt,grade1,versiegelt,0.334,0.334,0.333,0.333
180268170,asphalt,grade1,versiegelt,0.334,0.334,0.333,0.333
180488602,grass,grade5,versiegelt,0.334,0.334,0.333,0.333
180763319,gravel,grade2,versiegelt,0.334,0.334,0.333,0.333
181067152,asphalt,unknown,versiegelt,0.334,0.334,0.333,0.333
181072115,gravel,grade2,versiegelt,0.334,0.334,0.333,0.333
181072119,gravel,grade2,versiegelt,0.334,0.334,0.333,0.333
181252644,grass,grade5,versiegelt,0.334,0.334,0.333,0.333
181252645,grass,grade5,versiegelt,0.334,0.334,0.333,0.333
181354229,grass,grade5,versiegelt,0.334,0.334,0.333,0.333
181876743,grass,grade5,versiegelt,0.334,0.334,0.333,0.333
181876747,grass,grade5,versiegelt,0.334,0.334,0.333,0.333
181876750,gravel,grade2,versiegelt,0.334,0.334,0.333,0.333
181924122,grass,grade5,versiegelt,0.334,0.334,0.333,0.333
181924123,grass,grade5,versiegelt,0.334,0.334,0.333,0.333
181924124,grass,grade5,versiegelt,0.334,0.334,0.333,0.333
181924125,grass,grade5,versiegelt,0.334,0.334,0.333,0.333
181924127,grass,grade5,versiegelt,0.334,0.334,0.333,0.333
181924128,grass,grade5,versiegelt,0.334,0.334,0.333,0.333
181924132,grass,grade5,versiegelt,0.334,0.334,0.333,0.333
181924133,grass,grade5,versiegelt,0.334,0.334,0.333,0.333
181924135,gravel,grade2,versiegelt,0.334,0.334,0.333,0.333
181924136,grass,grade5,versiegelt,0.334,0.334,0.333,0.333
181924138,grass,grade5,versiegelt,0.334,0.334,0.333,0.333
181924139,gravel,grade2,versiegelt,0.334,0.334,0.333,0.333
181924140,gravel,grade2,versiegelt,0.334,0.334,0.333,0.333
181924141,gravel,grade2,versiegelt,0.334,0.334,0.333,0.333
181924142,grass,grade5,versiegelt,0.334,0.334,0.333,0.333
181924143,grass,grade5,versiegelt,0.334,0.334,0.333,0.333
181924144,grass,grade5,versiegelt,0.334,0.334,0.333,0.333
181924145,grass,grade5,versiegelt,0.334,0.334,0.333,0.333
181924146,grass,grade5,versiegelt,0.334,0.334,0.333,0.333
181924147,gravel,grade2,versiegelt,0.334,0.334,0.333,0.333
181924148,gravel,grade2,versiegelt,0.334,0.334,0.333,0.333
181924150,grass,grade5,versiegelt,0.334,0.334,0.333,0.333
181924151,gravel,grade2,versiegelt,0.334,0.334,0.333,0.333
181924152,grass,grade5,versiegelt,0.334,0.334,0.333,0.333
181924153,grass,grade5,versiegelt,0.334,0.334,0.333,0.333
181924155,gravel,grade2,versiegelt,0.334,0.334,0.333,0.333
181924156,grass,grade5,versiegelt,0.334,0.334,0.333,0.333
181924158,gravel,grade2,versiegelt,0.334,0.334,0.333,0.333
181924159,grass,grade5,versiegelt,0.334,0.334,0.333,0.333
181924160,grass,grade5,versiegelt,0.334,0.334,0.333,0.333
182440541,compacted,unknown,versiegelt,0.334,0.334,0.333,0.333
182449138,asphalt,grade1,versiegelt,0.334,0.334,0.333,0.333
182449140,asphalt,grade1,versiegelt,0.334,0.334,0.333,0.333
182449166,grass,grade5,versiegelt,0.334,0.334,0.333,0.333
182451078,compacted,grade3,versiegelt,0.334,0.334,0.333,0.333
182451781,compacted,grade2,versiegelt,0.334,0.334,0.333,0.333
182510116,compacted,grade4,versiegelt,0.334,0.334,0.333,0.333
182514280,asphalt,grade1,versiegelt,0.334,0.334,0.333,0.333
182514281,grass,grade4,versiegelt,0.334,0.334,0.333,0.333
183655392,asphalt,unknown,versiegelt,0.334,0.334,0.333,0.333
183655393,asphalt,unknown,versiegelt,0.334,0.334,0.333,0.333
183655398,asphalt,unknown,versiegelt,0.334,0.334,0.333,0.333
183655399,compacted,unknown,versiegelt,0.334,0.334,0.333,0.333
184148306,asphalt,unknown,versiegelt,0.334,0.334,0.333,0.333
184148307,asphalt,grade1,versiegelt,0.334,0.334,0.333,0.333
184765690,asphalt,grade1,versiegelt,0.334,0.334,0.333,0.333
184765692,compacted,grade2,versiegelt,0.334,0.334,0.333,0.333
184765696,asphalt,grade1,versiegelt,0.334,0.334,0.333,0.333
184765702,asphalt,grade1,versiegelt,0.334,0.334,0.333,0.333
184765705,gravel,grade3,versiegelt,0.334,0.334,0.333,0.333
184965610,asphalt,unknown,versiegelt,0.334,0.334,0.333,0.333
184965617,asphalt,unknown,versiegelt,0.334,0.334,0.333,0.333
185460685,grass,grade4,versiegelt,0.334,0.334,0.333,0.333
185460687,gravel,grade3,versiegelt,0.334,0.334,0.333,0.333
185460688,grass,grade3,versiegelt,0.334,0.334,0.333,0.333
185460689,asphalt,grade1,versiegelt,0.334,0.334,0.333,0.333
185460690,grass,grade4,versiegelt,0.334,0.334,0.333,0.333
185460691,asphalt,grade1,versiegelt,0.334,0.334,0.333,0.333
185460692,asphalt,unknown,versiegelt,0.334,0.334,0.333,0.333
185479058,gravel,grade2,versiegelt,0.334,0.334,0.333,0.333
185479059,compacted,grade3,versiegelt,0.334,0.334,0.333,0.333
185497909,asphalt,grade1,versiegelt,0.334,0.334,0.333,0.333
186053145,grass,unknown,versiegelt,0.334,0.334,0.333,0.333
186075857,gravel,grade2,versiegelt,0.334,0.334,0.333,0.333
186075864,grass,grade4,versiegelt,0.334,0.334,0.333,0.333
186075876,gravel,grade2,versiegelt,0.334,0.334,0.333,0.333
186202365,asphalt,grade1,versiegelt,0.334,0.334,0.333,0.333
186381500,grass,grade5,versiegelt,0.334,0.334,0.333,0.333
186507511,grass,grade5,versiegelt,0.334,0.334,0.333,0.333
186571358,gravel,grade2,versiegelt,0.334,0.334,0.333,0.333
186571359,gravel,grade2,versiegelt,0.334,0.334,0.333,0.333
186766881,asphalt,grade2,versiegelt,0.334,0.334,0.333,0.333
186766882,gravel,grade2,versiegelt,0.334,0.334,0.333,0.333
186796380,asphalt,grade1,versiegelt,0.334,0.334,0.333,0.333
186796382,asphalt,unknown,versiegelt,0.334,0.334,0.333,0.333
186891518,grass,grade5,versiegelt,0.334,0.334,0.333,0.333
186891523,grass,grade5,versiegelt,0.334,0.334,0.333,0.333
186891528,grass,grade5,versiegelt,0.334,0.334,0.333,0.333
186891535,grass,grade5,versiegelt,0.334,0.334,0.333,0.333
186951572,grass,grade5,versiegelt,0.334,0.334,0.333,0.333
186952579,grass,unknown,versiegelt,0.334,0.334,0.333,0.333
186952581,grass,unknown,versiegelt,0.334,0.334,0.333,0.333
186952582,grass,unknown,versiegelt,0.334,0.334,0.333,0.333
186952583,grass,unknown,versiegelt,0.334,0.334,0.333,0.333
186953535,grass,grade5,versiegelt,0.334,0.334,0.333,0.333
186955020,unpaved,unknown,versiegelt,0.334,0.334,0.333,0.333
186955022,unpaved,unknown,versiegelt,0.334,0.334,0.333,0.333
186955024,unpaved,unknown,versiegelt,0.334,0.334,0.333,0.333
186955239,unpaved,unknown,versiegelt,0.334,0.334,0.333,0.333
186956341,asphalt,grade1,versiegelt,0.334,0.334,0.333,0.333
186956342,gravel,grade2,versiegelt,0.334,0.334,0.333,0.333
186956548,grass,unknown,versiegelt,0.334,0.334,0.333,0.333
186956549,grass,grade5,versiegelt,0.334,0.334,0.333,0.333
186957030,gravel,grade2,versiegelt,0.334,0.334,0.333,0.333
186957031,grass,unknown,versiegelt,0.334,0.334,0.333,0.333
187301657,asphalt,grade1,versiegelt,0.334,0.334,0.333,0.333
187527795,fine_gravel,grade2,versiegelt,0.334,0.334,0.333,0.333
187527796,grass,grade2,versiegelt,0.334,0.334,0.333,0.333
187548247,mud,grade5,versiegelt,0.334,0.334,0.333,0.333
187857927,asphalt,unknown,versiegelt,0.334,0.334,0.333,0.333
187857930,asphalt,unknown,versiegelt,0.334,0.334,0.333,0.333
187857931,asphalt,unknown,versiegelt,0.334,0.334,0.333,0.333
187857934,asphalt,unknown,versiegelt,0.334,0.334,0.333,0.333
187857941,asphalt,unknown,versiegelt,0.334,0.334,0.333,0.333
187857944,fine_gravel,unknown,versiegelt,0.334,0.334,0.333,0.333
187857946,asphalt,unknown,versiegelt,0.334,0.334,0.333,0.333
187866326,asphalt,unknown,versiegelt,0.334,0.334,0.333,0.333
187871787,asphalt,unknown,versiegelt,0.334,0.334,0.333,0.333
187978906,asphalt,unknown,versiegelt,0.334,0.334,0.333,0.333
187995674,asphalt,grade1,versiegelt,0.334,0.334,0.333,0.333
187995675,asphalt,unknown,versiegelt,0.334,0.334,0.333,0.333
188489743,asphalt,unknown,versiegelt,0.334,0.334,0.333,0.333
189209420,grass,grade5,versiegelt,0.334,0.334,0.333,0.333
189653539,grass,grade5,versiegelt,0.334,0.334,0.333,0.333
189760214,grass,grade5,versiegelt,0.334,0.334,0.333,0.333
190024107,compacted,unknown,versiegelt,0.334,0.334,0.333,0.333
190292880,asphalt,unknown,versiegelt,0.334,0.334,0.333,0.333
190495411,asphalt,unknown,versiegelt,0.334,0.334,0.333,0.333
190655589,gravel,grade2,versiegelt,0.334,0.334,0.333,0.333
190659250,asphalt,grade1,versiegelt,0.334,0.334,0.333,0.333
190659251,grass,grade4,versiegelt,0.334,0.334,0.333,0.333
191434478,asphalt,unknown,versiegelt,0.334,0.334,0.333,0.333
191434481,gravel,unknown,versiegelt,0.334,0.334,0.333,0.333
192133663,gravel,unknown,versiegelt,0.334,0.334,0.333,0.333
192222656,gravel,unknown,versiegelt,0.334,0.334,0.333,0.333
192761065,grass,unknown,versiegelt,0.334,0.334,0.333,0.333
193732592,grass,grade5,versiegelt,0.334,0.334,0.333,0.333
193760852,asphalt,unknown,versiegelt,0.334,0.334,0.333,0.333
193857678,asphalt,grade1,versiegelt,0.334,0.334,0.333,0.333
193857679,grass,grade5,versiegelt,0.334,0.334,0.333,0.333
193857681,gravel,grade3,versiegelt,0.334,0.334,0.333,0.333
193861389,grass,grade5,versiegelt,0.334,0.334,0.333,0.333
193945699,compacted,unknown,versiegelt,0.334,0.334,0.333,0.333
193945700,grass,grade4,versiegelt,0.334,0.334,0.333,0.333
193945702,gravel,grade3,versiegelt,0.334,0.334,0.333,0.333
194096944,grass,grade5,versiegelt,0.334,0.334,0.333,0.333
194163785,asphalt,grade1,versiegelt,0.334,0.334,0.333,0.333
194193492,asphalt,unknown,versiegelt,0.334,0.334,0.333,0.333
194776586,grass,grade5,versiegelt,0.334,0.334,0.333,0.333
194776587,grass,unknown,versiegelt,0.334,0.334,0.333,0.333
194832183,grass,grade5,versiegelt,0.334,0.334,0.333,0.333
195288663,grass,grade5,versiegelt,0.334,0.334,0.333,0.333
196195611,asphalt,unknown,versiegelt,0.334,0.334,0.333,0.333
196195612,asphalt,unknown,versiegelt,0.334,0.334,0.333,0.333
196252032,grass,unknown,versiegelt,0.334,0.334,0.333,0.333
196252033,grass,unknown,versiegelt,0.334,0.334,0.333,0.333
196252034,gravel,grade2,versiegelt,0.334,0.334,0.333,0.333
196252036,grass,unknown,versiegelt,0.334,0.334,0.333,0.333
196269432,grass,grade5,versiegelt,0.334,0.334,0.333,0.333
197560307,grass,grade5,versiegelt,0.334,0.334,0.333,0.333
197560309,grass,grade5,versiegelt,0.334,0.334,0.333,0.333
197560310,grass,grade5,versiegelt,0.334,0.334,0.333,0.333
197979339,asphalt,grade1,versiegelt,0.334,0.334,0.333,0.333
198299838,asphalt,grade1,versiegelt,0.334,0.334,0.333,0.333
198301899,grass,unknown,versiegelt,0.334,0.334,0.333,0.333
198424959,grass,grade5,versiegelt,0.334,0.334,0.333,0.333
198424961,grass,grade3,versiegelt,0.334,0.334,0.333,0.333
198530592,gravel,grade2,versiegelt,0.334,0.334,0.333,0.333
198596360,asphalt,grade1,versiegelt,0.334,0.334,0.333,0.333
198610665,asphalt,unknown,versiegelt,0.334,0.334,0.333,0.333
198726837,gravel,grade2,versiegelt,0.334,0.334,0.333,0.333
198726838,gravel,grade2,versiegelt,0.334,0.334,0.333,0.333
198726839,compacted,unknown,versiegelt,0.334,0.334,0.333,0.333
198989356,asphalt,unknown,versiegelt,0.334,0.334,0.333,0.333
198990378,asphalt,unknown,versiegelt,0.334,0.334,0.333,0.333
199044881,grass,grade5,versiegelt,0.334,0.334,0.333,0.333
199187655,grass,grade4,versiegelt,0.334,0.334,0.333,0.333
200129054,grass,unknown,versiegelt,0.334,0.334,0.333,0.333
200133907,compacted,grade3,versiegelt,0.334,0.334,0.333,0.333
200335039,asphalt,unknown,versiegelt,0.334,0.334,0.333,0.333
201951859,grass,grade5,versiegelt,0.334,0.334,0.333,0.333
201963224,asphalt,grade2,versiegelt,0.334,0.334,0.333,0.333
201963226,asphalt,grade2,versiegelt,0.334,0.334,0.333,0.333
202126587,grass,grade5,versiegelt,0.334,0.334,0.333,0.333
203007367,grass,grade5,versiegelt,0.334,0.334,0.333,0.333
203401258,grass,unknown,versiegelt,0.334,0.334,0.333,0.333
203866803,gravel,grade2,versiegelt,0.334,0.334,0.333,0.333
203988694,grass,grade5,versiegelt,0.334,0.334,0.333,0.333
203988696,asphalt,grade1,versiegelt,0.334,0.334,0.333,0.333
203988698,asphalt,grade1,versiegelt,0.334,0.334,0.333,0.333
204172503,asphalt,grade1,versiegelt,0.334,0.334,0.333,0.333
204172505,grass,grade3,versiegelt,0.334,0.334,0.333,0.333
204172509,asphalt,grade1,versiegelt,0.334,0.334,0.333,0.333
204172527,compacted,unknown,versiegelt,0.334,0.334,0.333,0.333
204805176,gravel,grade2,versiegelt,0.334,0.334,0.333,0.333
204931819,asphalt,grade1,versiegelt,0.334,0.334,0.333,0.333
205760960,asphalt,grade1,versiegelt,0.334,0.334,0.333,0.333
206719620,grass,grade5,versiegelt,0.334,0.334,0.333,0.333
206719622,grass,unknown,versiegelt,0.334,0.334,0.333,0.333
206719626,grass,unknown,versiegelt,0.334,0.334,0.333,0.333
206719630,gravel,grade2,versiegelt,0.334,0.334,0.333,0.333
206719637,grass,unknown,versiegelt,0.334,0.334,0.333,0.333
206719645,grass,unknown,versiegelt,0.334,0.334,0.333,0.333
206724112,asphalt,grade1,versiegelt,0.334,0.334,0.333,0.333
206725372,gravel,grade2,versiegelt,0.334,0.334,0.333,0.333
206725374,asphalt,grade1,versiegelt,0.334,0.334,0.333,0.333
206896451,asphalt,unknown,versiegelt,0.334,0.334,0.333,0.333
207165392,gravel,unknown,versiegelt,0.334,0.334,0.333,0.333
207855210,grass,grade5,versiegelt,0.334,0.334,0.333,0.333
208707113,grass,grade5,versiegelt,0.334,0.334,0.333,0.333
208764206,asphalt,unknown,versiegelt,0.334,0.334,0.333,0.333
208846097,grass,grade5,versiegelt,0.334,0.334,0.333,0.333
208853881,asphalt,grade1,versiegelt,0.334,0.334,0.333,0.333
209757637,grass,grade4,versiegelt,0.334,0.334,0.333,0.333
210204630,gravel,unknown,versiegelt,0.334,0.334,0.333,0.333
210386201,grass,grade5,versiegelt,0.334,0.334,0.333,0.333
213796256,grass,grade5,versiegelt,0.334,0.334,0.333,0.333
214175681,asphalt,unknown,versiegelt,0.334,0.334,0.333,0.333
214175684,asphalt,unknown,versiegelt,0.334,0.334,0.333,0.333
214817157,grass,grade4,versiegelt,0.334,0.334,0.333,0.333
215830625,asphalt,unknown,versiegelt,0.334,0.334,0.333,0.333
216651781,grass,grade5,versiegelt,0.334,0.334,0.333,0.333
216940195,grass,grade4,versiegelt,0.334,0.334,0.333,0.333
216940196,grass,grade5,versiegelt,0.334,0.334,0.333,0.333
217209756,asphalt,grade1,versiegelt,0.334,0.334,0.333,0.333
217209757,gravel,grade2,versiegelt,0.334,0.334,0.333,0.333
217209758,asphalt,grade1,versiegelt,0.334,0.334,0.333,0.333
217209760,grass,grade4,versiegelt,0.334,0.334,0.333,0.333
217209761,asphalt,grade1,versiegelt,0.334,0.334,0.333,0.333
217209762,gravel,grade2,versiegelt,0.334,0.334,0.333,0.333
217209765,grass,grade4,versiegelt,0.334,0.334,0.333,0.333
217209769,gravel,grade3,versiegelt,0.334,0.334,0.333,0.333
217345498,gravel,grade2,versiegelt,0.334,0.334,0.333,0.333
217346290,grass,grade5,versiegelt,0.334,0.334,0.333,0.333
217352408,gravel,grade2,versiegelt,0.334,0.334,0.333,0.333
218521125,asphalt,unknown,versiegelt,0.334,0.334,0.333,0.333
218521128,asphalt,unknown,versiegelt,0.334,0.334,0.333,0.333
218521129,asphalt,unknown,versiegelt,0.334,0.334,0.333,0.333
219447603,gravel,grade2,versiegelt,0.334,0.334,0.333,0.333
220264540,grass,unknown,versiegelt,0.334,0.334,0.333,0.333
221870245,grass,grade5,versiegelt,0.334,0.334,0.333,0.333
221870248,grass,grade5,versiegelt,0.334,0.334,0.333,0.333
221870252,grass,grade5,versiegelt,0.334,0.334,0.333,0.333
221870255,grass,grade5,versiegelt,0.334,0.334,0.333,0.333
221870260,grass,grade5,versiegelt,0.334,0.334,0.333,0.333
222027617,asphalt,unknown,versiegelt,0.334,0.334,0.333,0.333
222027619,asphalt,unknown,versiegelt,0.334,0.334,0.333,0.333
222027621,asphalt,grade1,versiegelt,0.334,0.334,0.333,0.333
222027624,asphalt,grade1,versiegelt,0.334,0.334,0.333,0.333
222027626,asphalt,grade1,versiegelt,0.334,0.334,0.333,0.333
222064736,asphalt,unknown,versiegelt,0.334,0.334,0.333,0.333
222557048,asphalt,unknown,versiegelt,0.334,0.334,0.333,0.333
222694870,gravel,grade2,versiegelt,0.334,0.334,0.333,0.333
223064831,asphalt,unknown,versiegelt,0.334,0.334,0.333,0.333
223173082,gravel,grade2,versiegelt,0.334,0.334,0.333,0.333
223173083,gravel,grade3,versiegelt,0.334,0.334,0.333,0.333
225605966,asphalt,unknown,versiegelt,0.334,0.334,0.333,0.333
225605967,asphalt,unknown,versiegelt,0.334,0.334,0.333,0.333
225610586,asphalt,unknown,versiegelt,0.334,0.334,0.333,0.333
225611477,asphalt,unknown,versiegelt,0.334,0.334,0.333,0.333
225710605,gravel,grade2,versiegelt,0.334,0.334,0.333,0.333
227674095,asphalt,unknown,versiegelt,0.334,0.334,0.333,0.333
227674098,asphalt,unknown,versiegelt,0.334,0.334,0.333,0.333
227674103,asphalt,unknown,versiegelt,0.334,0.334,0.333,0.333
227928062,grass,grade5,versiegelt,0.334,0.334,0.333,0.333
227954906,asphalt,unknown,versiegelt,0.334,0.334,0.333,0.333
228055279,gravel,grade2,versiegelt,0.334,0.334,0.333,0.333
228055284,gravel,grade2,versiegelt,0.334,0.334,0.333,0.333
230187455,asphalt,unknown,versiegelt,0.334,0.334,0.333,0.333
232473827,grass,grade4,versiegelt,0.334,0.334,0.333,0.333
233618611,grass,grade5,versiegelt,0.334,0.334,0.333,0.333
233830132,asphalt,unknown,versiegelt,0.334,0.334,0.333,0.333
234912147,compacted,unknown,versiegelt,0.334,0.334,0.333,0.333
234912148,asphalt,grade1,versiegelt,0.334,0.334,0.333,0.333
234912150,compacted,unknown,versiegelt,0.334,0.334,0.333,0.333
234914317,asphalt,unknown,versiegelt,0.334,0.334,0.333,0.333
236597064,asphalt,grade1,versiegelt,0.334,0.334,0.333,0.333
236597085,gravel,grade2,versiegelt,0.334,0.334,0.333,0.333
236597088,gravel,unknown,versiegelt,0.334,0.334,0.333,0.333
236597089,asphalt,grade1,versiegelt,0.334,0.334,0.333,0.333
237673913,compacted,unknown,versiegelt,0.334,0.334,0.333,0.333
237855308,gravel,grade2,versiegelt,0.334,0.334,0.333,0.333
237855309,asphalt,unknown,versiegelt,0.334,0.334,0.333,0.333
238496071,grass,unknown,versiegelt,0.334,0.334,0.333,0.333
238499344,grass,unknown,versiegelt,0.334,0.334,0.333,0.333
238886895,fine_gravel,grade2,versiegelt,0.334,0.334,0.333,0.333
238886896,fine_gravel,grade2,versiegelt,0.334,0.334,0.333,0.333
238886897,gravel,grade2,versiegelt,0.334,0.334,0.333,0.333
238886898,fine_gravel,grade3,versiegelt,0.334,0.334,0.333,0.333
238886899,gravel,grade2,versiegelt,0.334,0.334,0.333,0.333
238886900,fine_gravel,grade3,versiegelt,0.334,0.334,0.333,0.333
238886901,fine_gravel,grade2,versiegelt,0.334,0.334,0.333,0.333
238886902,gravel,grade3,versiegelt,0.334,0.334,0.333,0.333
238886904,fine_gravel,grade2,versiegelt,0.334,0.334,0.333,0.333
238886905,gravel,grade2,versiegelt,0.334,0.334,0.333,0.333
238886906,fine_gravel,grade2,versiegelt,0.334,0.334,0.333,0.333
238886907,gravel,grade2,versiegelt,0.334,0.334,0.333,0.333
238893544,asphalt,unknown,versiegelt,0.334,0.334,0.333,0.333
238893545,gravel,grade4,versiegelt,0.334,0.334,0.333,0.333
238893548,fine_gravel,grade3,versiegelt,0.334,0.334,0.333,0.333
238893551,fine_gravel,grade2,versiegelt,0.334,0.334,0.333,0.333
238893553,gravel,grade2,versiegelt,0.334,0.334,0.333,0.333
238893558,fine_gravel,grade2,versiegelt,0.334,0.334,0.333,0.333
238893565,asphalt,grade1,versiegelt,0.334,0.334,0.333,0.333
238893570,gravel,grade3,versiegelt,0.334,0.334,0.333,0.333
238893576,fine_gravel,grade4,versiegelt,0.334,0.334,0.333,0.333
238893585,grass,grade5,versiegelt,0.334,0.334,0.333,0.333
238893590,asphalt,grade1,versiegelt,0.334,0.334,0.333,0.333
238947315,gravel,grade3,versiegelt,0.334,0.334,0.333,0.333
238947316,grass,grade5,versiegelt,0.334,0.334,0.333,0.333
238947317,fine_gravel,grade2,versiegelt,0.334,0.334,0.333,0.333
238976804,fine_gravel,grade2,versiegelt,0.334,0.334,0.333,0.333
239958053,grass,grade4,versiegelt,0.334,0.334,0.333,0.333
240522289,compacted,grade3,versiegelt,0.334,0.334,0.333,0.333
240522298,asphalt,unknown,versiegelt,0.334,0.334,0.333,0.333
240531108,compacted,grade3,versiegelt,0.334,0.334,0.333,0.333
240531109,gravel,grade2,versiegelt,0.334,0.334,0.333,0.333
240531115,compacted,grade2,versiegelt,0.334,0.334,0.333,0.333
240531116,asphalt,grade1,versiegelt,0.334,0.334,0.333,0.333
240531118,asphalt,unknown,versiegelt,0.334,0.334,0.333,0.333
240531119,compacted,grade2,versiegelt,0.334,0.334,0.333,0.333
242735212,asphalt,grade1,versiegelt,0.334,0.334,0.333,0.333
242735216,dirt,grade4,versiegelt,0.334,0.334,0.333,0.333
242735219,asphalt,unknown,versiegelt,0.334,0.334,0.333,0.333
242735221,asphalt,unknown,versiegelt,0.334,0.334,0.333,0.333
243212844,grass,grade5,versiegelt,0.334,0.334,0.333,0.333
243212846,grass,grade5,versiegelt,0.334,0.334,0.333,0.333
243212848,grass,grade5,versiegelt,0.334,0.334,0.333,0.333
243212850,grass,grade5,versiegelt,0.334,0.334,0.333,0.333
245050588,compacted,grade2,versiegelt,0.334,0.334,0.333,0.333
245050589,grass,grade5,versiegelt,0.334,0.334,0.333,0.333
252283874,asphalt,unknown,versiegelt,0.334,0.334,0.333,0.333
252522654,gravel,grade2,versiegelt,0.334,0.334,0.333,0.333
253154576,asphalt,unknown,versiegelt,0.334,0.334,0.333,0.333
254567164,asphalt,unknown,versiegelt,0.334,0.334,0.333,0.333
254567166,asphalt,unknown,versiegelt,0.334,0.334,0.333,0.333
254567167,asphalt,unknown,versiegelt,0.334,0.334,0.333,0.333
254567169,asphalt,unknown,versiegelt,0.334,0.334,0.333,0.333
254567170,asphalt,unknown,versiegelt,0.334,0.334,0.333,0.333
254567171,asphalt,unknown,versiegelt,0.334,0.334,0.333,0.333
254567173,asphalt,unknown,versiegelt,0.334,0.334,0.333,0.333
254567174,asphalt,unknown,versiegelt,0.334,0.334,0.333,0.333
254567175,asphalt,unknown,versiegelt,0.334,0.334,0.333,0.333
254568922,asphalt,unknown,versiegelt,0.334,0.334,0.333,0.333
256387308,grass,grade5,versiegelt,0.334,0.334,0.333,0.333
256387322,gravel,grade2,versiegelt,0.334,0.334,0.333,0.333
256387333,grass,grade5,versiegelt,0.334,0.334,0.333,0.333
256915134,asphalt,unknown,versiegelt,0.334,0.334,0.333,0.333
260612443,asphalt,unknown,versiegelt,0.334,0.334,0.333,0.333
260612445,grass,grade5,versiegelt,0.334,0.334,0.333,0.333
260612447,grass,grade5,versiegelt,0.334,0.334,0.333,0.333
260612448,grass,unknown,versiegelt,0.334,0.334,0.333,0.333
262384895,asphalt,grade1,versiegelt,0.334,0.334,0.333,0.333
264007260,asphalt,unknown,versiegelt,0.334,0.334,0.333,0.333
264519294,asphalt,unknown,versiegelt,0.334,0.334,0.333,0.333
264637941,asphalt,unknown,versiegelt,0.334,0.334,0.333,0.333
265428281,asphalt,unknown,versiegelt,0.334,0.334,0.333,0.333
265428289,compacted,grade2,versiegelt,0.334,0.334,0.333,0.333
265587007,asphalt,grade1,versiegelt,0.334,0.334,0.333,0.333
265590753,compacted,unknown,versiegelt,0.334,0.334,0.333,0.333
265590754,gravel,grade2,versiegelt,0.334,0.334,0.333,0.333
265591016,asphalt,grade1,versiegelt,0.334,0.334,0.333,0.333
267276276,grass,grade4,versiegelt,0.334,0.334,0.333,0.333
267276281,asphalt,unknown,versiegelt,0.334,0.334,0.333,0.333
267276285,asphalt,grade1,versiegelt,0.334,0.334,0.333,0.333
267312625,asphalt,grade1,versiegelt,0.334,0.334,0.333,0.333
267314787,asphalt,unknown,versiegelt,0.334,0.334,0.333,0.333
268060958,asphalt,unknown,versiegelt,0.334,0.334,0.333,0.333
271978206,gravel,grade2,versiegelt,0.334,0.334,0.333,0.333
271978215,gravel,unknown,versiegelt,0.334,0.334,0.333,0.333
271978225,asphalt,unknown,versiegelt,0.334,0.334,0.333,0.333
272348623,asphalt,unknown,versiegelt,0.334,0.334,0.333,0.333
272356180,asphalt,unknown,versiegelt,0.334,0.334,0.333,0.333
272378057,asphalt,grade1,versiegelt,0.334,0.334,0.333,0.333
273446339,gravel,grade2,versiegelt,0.334,0.334,0.333,0.333
273676607,asphalt,unknown,versiegelt,0.334,0.334,0.333,0.333
273676608,asphalt,grade1,versiegelt,0.334,0.334,0.333,0.333
273676609,asphalt,grade1,versiegelt,0.334,0.334,0.333,0.333
273697435,asphalt,unknown,versiegelt,0.334,0.334,0.333,0.333
273697474,asphalt,grade1,versiegelt,0.334,0.334,0.333,0.333
273697487,asphalt,unknown,versiegelt,0.334,0.334,0.333,0.333
273697499,asphalt,unknown,versiegelt,0.334,0.334,0.333,0.333
273697509,asphalt,unknown,versiegelt,0.334,0.334,0.333,0.333
273697518,asphalt,unknown,versiegelt,0.334,0.334,0.333,0.333
274121398,grass,grade5,versiegelt,0.334,0.334,0.333,0.333
274156161,asphalt,unknown,versiegelt,0.334,0.334,0.333,0.333
274156170,asphalt,unknown,versiegelt,0.334,0.334,0.333,0.333
274156238,fine_gravel,grade2,versiegelt,0.334,0.334,0.333,0.333
274156256,gravel,grade2,versiegelt,0.334,0.334,0.333,0.333
274156303,fine_gravel,grade2,versiegelt,0.334,0.334,0.333,0.333
274415841,asphalt,grade1,versiegelt,0.334,0.334,0.333,0.333
274618511,asphalt,grade1,versiegelt,0.334,0.334,0.333,0.333
274618534,gravel,grade2,versiegelt,0.334,0.334,0.333,0.333
274634588,asphalt,unknown,versiegelt,0.334,0.334,0.333,0.333
274634589,asphalt,unknown,versiegelt,0.334,0.334,0.333,0.333
274995065,asphalt,unknown,versiegelt,0.334,0.334,0.333,0.333
274995099,grass,grade4,versiegelt,0.334,0.334,0.333,0.333
274995104,asphalt,unknown,versiegelt,0.334,0.334,0.333,0.333
274995115,compacted,grade2,versiegelt,0.334,0.334,0.333,0.333
274995118,grass,grade4,versiegelt,0.334,0.334,0.333,0.333
274995144,asphalt,grade1,versiegelt,0.334,0.334,0.333,0.333
274995151,asphalt,grade1,versiegelt,0.334,0.334,0.333,0.333
274995166,compacted,grade3,versiegelt,0.334,0.334,0.333,0.333
274995219,compacted,grade2,versiegelt,0.334,0.334,0.333,0.333
274995220,compacted,grade2,versiegelt,0.334,0.334,0.333,0.333
274995221,grass,grade4,versiegelt,0.334,0.334,0.333,0.333
274995227,asphalt,grade1,versiegelt,0.334,0.334,0.333,0.333
274995239,grass,grade4,versiegelt,0.334,0.334,0.333,0.333
274995243,asphalt,grade1,versiegelt,0.334,0.334,0.333,0.333
274995248,asphalt,grade1,versiegelt,0.334,0.334,0.333,0.333
275111296,gravel,unknown,versiegelt,0.334,0.334,0.333,0.333
275111302,gravel,unknown,versiegelt,0.334,0.334,0.333,0.333
275111304,grass,unknown,versiegelt,0.334,0.334,0.333,0.333
275120924,grass,unknown,versiegelt,0.334,0.334,0.333,0.333
275289249,grass,grade4,versiegelt,0.334,0.334,0.333,0.333
275289257,gravel,grade2,versiegelt,0.334,0.334,0.333,0.333
275948661,grass,grade5,versiegelt,0.334,0.334,0.333,0.333
275948664,grass,grade5,versiegelt,0.334,0.334,0.333,0.333
275954783,grass,grade5,versiegelt,0.334,0.334,0.333,0.333
276099942,gravel,grade3,versiegelt,0.334,0.334,0.333,0.333
277441903,grass,grade5,versiegelt,0.334,0.334,0.333,0.333
279193840,fine_gravel,grade2,versiegelt,0.334,0.334,0.333,0.333
279193844,asphalt,grade1,versiegelt,0.334,0.334,0.333,0.333
279193845,dirt,grade2,versiegelt,0.334,0.334,0.333,0.333
279258963,asphalt,unknown,versiegelt,0.334,0.334,0.333,0.333
279258969,compacted,unknown,versiegelt,0.334,0.334,0.333,0.333
279841874,compacted,grade2,versiegelt,0.334,0.334,0.333,0.333
280633803,asphalt,grade1,versiegelt,0.334,0.334,0.333,0.333
280633807,asphalt,grade2,versiegelt,0.334,0.334,0.333,0.333
280718578,asphalt,grade1,versiegelt,0.334,0.334,0.333,0.333
280720174,asphalt,grade1,versiegelt,0.334,0.334,0.333,0.333
280720175,asphalt,grade1,versiegelt,0.334,0.334,0.333,0.333
282854202,asphalt,grade1,versiegelt,0.334,0.334,0.333,0.333
282854203,asphalt,grade1,versiegelt,0.334,0.334,0.333,0.333
282854204,asphalt,grade1,versiegelt,0.334,0.334,0.333,0.333
283217766,compacted,grade2,versiegelt,0.334,0.334,0.333,0.333
283521131,asphalt,grade1,versiegelt,0.334,0.334,0.333,0.333
283521132,asphalt,grade1,versiegelt,0.334,0.334,0.333,0.333
283521133,asphalt,grade1,versiegelt,0.334,0.334,0.333,0.333
283521136,asphalt,grade1,versiegelt,0.334,0.334,0.333,0.333
283521137,gravel,grade2,versiegelt,0.334,0.334,0.333,0.333
283521138,gravel,grade2,versiegelt,0.334,0.334,0.333,0.333
283521139,gravel,grade3,versiegelt,0.334,0.334,0.333,0.333
283521140,gravel,grade2,versiegelt,0.334,0.334,0.333,0.333
283521143,gravel,grade2,versiegelt,0.334,0.334,0.333,0.333
284121690,gravel,grade2,versiegelt,0.334,0.334,0.333,0.333
284293560,fine_gravel,grade4,versiegelt,0.334,0.334,0.333,0.333
284299632,gravel,grade3,versiegelt,0.334,0.334,0.333,0.333
284299633,grass,grade5,versiegelt,0.334,0.334,0.333,0.333
284299635,asphalt,grade1,versiegelt,0.334,0.334,0.333,0.333
284299636,asphalt,grade1,versiegelt,0.334,0.334,0.333,0.333
284299637,gravel,grade3,versiegelt,0.334,0.334,0.333,0.333
284299643,asphalt,grade1,versiegelt,0.334,0.334,0.333,0.333
284299644,asphalt,grade1,versiegelt,0.334,0.334,0.333,0.333
284299645,asphalt,grade1,versiegelt,0.334,0.334,0.333,0.333
284299647,gravel,grade2,versiegelt,0.334,0.334,0.333,0.333
285877384,asphalt,grade1,versiegelt,0.334,0.334,0.333,0.333
285877386,gravel,grade2,versiegelt,0.334,0.334,0.333,0.333
285877388,asphalt,grade1,versiegelt,0.334,0.334,0.333,0.333
285877389,grass,grade5,versiegelt,0.334,0.334,0.333,0.333
285877390,asphalt,unknown,versiegelt,0.334,0.334,0.333,0.333
285877391,asphalt,grade1,versiegelt,0.334,0.334,0.333,0.333
285877392,gravel,grade2,versiegelt,0.334,0.334,0.333,0.333
285877393,grass,grade5,versiegelt,0.334,0.334,0.333,0.333
285877394,grass,grade5,versiegelt,0.334,0.334,0.333,0.333
286425199,asphalt,unknown,versiegelt,0.334,0.334,0.333,0.333
286425200,asphalt,unknown,versiegelt,0.334,0.334,0.333,0.333
286425250,gravel,grade2,versiegelt,0.334,0.334,0.333,0.333
287375701,asphalt,unknown,versiegelt,0.334,0.334,0.333,0.333
287375717,asphalt,unknown,versiegelt,0.334,0.334,0.333,0.333
287375752,asphalt,grade1,versiegelt,0.334,0.334,0.333,0.333
287375758,fine_gravel,grade2,versiegelt,0.334,0.334,0.333,0.333
287375771,asphalt,grade1,versiegelt,0.334,0.334,0.333,0.333
287375778,asphalt,grade1,versiegelt,0.334,0.334,0.333,0.333
287469245,compacted,unknown,versiegelt,0.334,0.334,0.333,0.333
297353354,compacted,grade2,versiegelt,0.334,0.334,0.333,0.333
300962909,gravel,grade3,versiegelt,0.334,0.334,0.333,0.333
301118728,compacted,unknown,versiegelt,0.334,0.334,0.333,0.333
301167454,asphalt,unknown,versiegelt,0.334,0.334,0.333,0.333
302220777,grass,unknown,versiegelt,0.334,0.334,0.333,0.333
308651683,asphalt,unknown,versiegelt,0.334,0.334,0.333,0.333
308651684,asphalt,unknown,versiegelt,0.334,0.334,0.333,0.333
308651685,asphalt,unknown,versiegelt,0.334,0.334,0.333,0.333
314895214,grass,unknown,versiegelt,0.334,0.334,0.333,0.333
316085523,grass,grade5,versiegelt,0.334,0.334,0.333,0.333
316085527,grass,grade5,versiegelt,0.334,0.334,0.333,0.333
316085530,grass,grade5,versiegelt,0.334,0.334,0.333,0.333
321388326,compacted,unknown,versiegelt,0.334,0.334,0.333,0.333
321388329,compacted,unknown,versiegelt,0.334,0.334,0.333,0.333
321541035,compacted,unknown,versiegelt,0.334,0.334,0.333,0.333
321541037,compacted,unknown,versiegelt,0.334,0.334,0.333,0.333
321541039,compacted,grade2,versiegelt,0.334,0.334,0.333,0.333
321607083,asphalt,grade1,versiegelt,0.334,0.334,0.333,0.333
321607085,compacted,unknown,versiegelt,0.334,0.334,0.333,0.333
321607086,compacted,grade2,versiegelt,0.334,0.334,0.333,0.333
321670471,asphalt,unknown,versiegelt,0.334,0.334,0.333,0.333
321670472,asphalt,unknown,versiegelt,0.334,0.334,0.333,0.333
321670484,asphalt,unknown,versiegelt,0.334,0.334,0.333,0.333
321670485,asphalt,unknown,versiegelt,0.334,0.334,0.333,0.333
321670486,asphalt,unknown,versiegelt,0.334,0.334,0.333,0.333
321670487,asphalt,unknown,versiegelt,0.334,0.334,0.333,0.333
324750064,asphalt,unknown,versiegelt,0.334,0.334,0.333,0.333
332756390,unpaved,unknown,versiegelt,0.334,0.334,0.333,0.333
332756393,grass,grade5,versiegelt,0.334,0.334,0.333,0.333
332756395,unpaved,unknown,versiegelt,0.334,0.334,0.333,0.333
332756396,unpaved,unknown,versiegelt,0.334,0.334,0.333,0.333
334828168,unpaved,unknown,versiegelt,0.334,0.334,0.333,0.333
334843651,grass,unknown,versiegelt,0.334,0.334,0.333,0.333
338533116,grass,unknown,versiegelt,0.334,0.334,0.333,0.333
338533597,compacted,unknown,versiegelt,0.334,0.334,0.333,0.333
338535018,grass,unknown,versiegelt,0.334,0.334,0.333,0.333
338535727,grass,unknown,versiegelt,0.334,0.334,0.333,0.333
345481087,asphalt,unknown,versiegelt,0.334,0.334,0.333,0.333
345481088,asphalt,unknown,versiegelt,0.334,0.334,0.333,0.333
345481114,compacted,grade3,versiegelt,0.334,0.334,0.333,0.333
345490030,compacted,grade3,versiegelt,0.334,0.334,0.333,0.333
345490034,compacted,unknown,versiegelt,0.334,0.334,0.333,0.333
345490045,grass,grade3,versiegelt,0.334,0.334,0.333,0.333
345490048,compacted,grade3,versiegelt,0.334,0.334,0.333,0.333
345490049,compacted,grade2,versiegelt,0.334,0.334,0.333,0.333
345490279,asphalt,unknown,versiegelt,0.334,0.334,0.333,0.333
345688719,asphalt,unknown,versiegelt,0.334,0.334,0.333,0.333
345688720,asphalt,unknown,versiegelt,0.334,0.334,0.333,0.333
345688721,asphalt,unknown,versiegelt,0.334,0.334,0.333,0.333
348760562,compacted,unknown,versiegelt,0.334,0.334,0.333,0.333
348760563,compacted,unknown,versiegelt,0.334,0.334,0.333,0.333
348761709,compacted,unknown,versiegelt,0.334,0.334,0.333,0.333
351060557,gravel,grade2,versiegelt,0.334,0.334,0.333,0.333
358476438,grass,grade5,versiegelt,0.334,0.334,0.333,0.333
358477735,gravel,grade2,versiegelt,0.334,0.334,0.333,0.333
358477738,grass,grade5,versiegelt,0.334,0.334,0.333,0.333
358477740,grass,grade4,versiegelt,0.334,0.334,0.333,0.333
358477743,grass,grade5,versiegelt,0.334,0.334,0.333,0.333
358477745,grass,grade4,versiegelt,0.334,0.334,0.333,0.333
359227975,grass,unknown,versiegelt,0.334,0.334,0.333,0.333
359227976,grass,unknown,versiegelt,0.334,0.334,0.333,0.333
359228984,compacted,grade2,versiegelt,0.334,0.334,0.333,0.333
359416096,asphalt,unknown,versiegelt,0.334,0.334,0.333,0.333
362144356,asphalt,unknown,versiegelt,0.334,0.334,0.333,0.333
362147136,asphalt,grade1,versiegelt,0.334,0.334,0.333,0.333
369823068,grass,grade4,versiegelt,0.334,0.334,0.333,0.333
369823959,grass,grade4,versiegelt,0.334,0.334,0.333,0.333
369835534,grass,grade5,versiegelt,0.334,0.334,0.333,0.333
370711707,asphalt,unknown,versiegelt,0.334,0.334,0.333,0.333
370711708,asphalt,unknown,versiegelt,0.334,0.334,0.333,0.333
370751245,asphalt,unknown,versiegelt,0.334,0.334,0.333,0.333
370751246,asphalt,unknown,versiegelt,0.334,0.334,0.333,0.333
370751249,grass,grade4,versiegelt,0.334,0.334,0.333,0.333
370751251,grass,grade5,versiegelt,0.334,0.334,0.333,0.333
370751252,grass,grade5,versiegelt,0.334,0.334,0.333,0.333
370819769,asphalt,unknown,versiegelt,0.334,0.334,0.333,0.333
370819775,asphalt,unknown,versiegelt,0.334,0.334,0.333,0.333
370819791,asphalt,grade1,versiegelt,0.334,0.334,0.333,0.333
370819794,fine_gravel,grade2,versiegelt,0.334,0.334,0.333,0.333
370828043,gravel,grade2,versiegelt,0.334,0.334,0.333,0.333
371748343,grass,grade5,versiegelt,0.334,0.334,0.333,0.333
371748344,gravel,grade2,versiegelt,0.334,0.334,0.333,0.333
372177073,compacted,unknown,versiegelt,0.334,0.334,0.333,0.333
372532696,grass,unknown,versiegelt,0.334,0.334,0.333,0.333
372532701,compacted,grade2,versiegelt,0.334,0.334,0.333,0.333
373734771,asphalt,unknown,versiegelt,0.334,0.334,0.333,0.333
373734774,asphalt,unknown,versiegelt,0.334,0.334,0.333,0.333
373734791,grass,unknown,versiegelt,0.334,0.334,0.333,0.333
374852745,grass,grade5,versiegelt,0.334,0.334,0.333,0.333
375997218,grass,grade4,versiegelt,0.334,0.334,0.333,0.333
377208063,asphalt,unknown,versiegelt,0.334,0.334,0.333,0.333
377208064,grass,unknown,versiegelt,0.334,0.334,0.333,0.333
377208065,grass,unknown,versiegelt,0.334,0.334,0.333,0.333
380139388,compacted,grade3,versiegelt,0.334,0.334,0.333,0.333
380141232,compacted,grade3,versiegelt,0.334,0.334,0.333,0.333
384142267,asphalt,unknown,versiegelt,0.334,0.334,0.333,0.333
384142268,asphalt,unknown,versiegelt,0.334,0.334,0.333,0.333
385839020,asphalt,unknown,versiegelt,0.334,0.334,0.333,0.333
385839021,asphalt,unknown,versiegelt,0.334,0.334,0.333,0.333
385839022,asphalt,unknown,versiegelt,0.334,0.334,0.333,0.333
394185140,grass,grade5,versiegelt,0.334,0.334,0.333,0.333
394185143,fine_gravel,unknown,versiegelt,0.334,0.334,0.333,0.333
397643708,grass,grade5,versiegelt,0.334,0.334,0.333,0.333
399852466,asphalt,grade1,versiegelt,0.334,0.334,0.333,0.333
400861198,grass,unknown,versiegelt,0.334,0.334,0.333,0.333
400862835,mud,unknown,versiegelt,0.334,0.334,0.333,0.333
401242402,asphalt,grade1,versiegelt,0.334,0.334,0.333,0.333
401242404,asphalt,unknown,versiegelt,0.334,0.334,0.333,0.333
401248580,grass,grade5,versiegelt,0.334,0.334,0.333,0.333
401248581,asphalt,unknown,versiegelt,0.334,0.334,0.333,0.333
401248582,grass,grade5,versiegelt,0.334,0.334,0.333,0.333
401248583,grass,grade5,versiegelt,0.334,0.334,0.333,0.333
401248584,gravel,grade2,versiegelt,0.334,0.334,0.333,0.333
401248585,gravel,grade2,versiegelt,0.334,0.334,0.333,0.333
401248586,fine_gravel,grade2,versiegelt,0.334,0.334,0.333,0.333
401248587,asphalt,unknown,versiegelt,0.334,0.334,0.333,0.333
401248588,fine_gravel,grade2,versiegelt,0.334,0.334,0.333,0.333
401248589,grass,grade5,versiegelt,0.334,0.334,0.333,0.333
401252802,grass,grade5,versiegelt,0.334,0.334,0.333,0.333
402926651,gravel,grade2,versiegelt,0.334,0.334,0.333,0.333
402926656,asphalt,grade1,versiegelt,0.334,0.334,0.333,0.333
406045559,grass,grade5,versiegelt,0.334,0.334,0.333,0.333
406047364,grass,grade5,versiegelt,0.334,0.334,0.333,0.333
406047367,asphalt,grade1,versiegelt,0.334,0.334,0.333,0.333
409617066,grass,unknown,versiegelt,0.334,0.334,0.333,0.333
410101881,concrete,unknown,versiegelt,0.334,0.334,0.333,0.333
412452745,asphalt,grade1,versiegelt,0.334,0.334,0.333,0.333
412452750,asphalt,unknown,versiegelt,0.334,0.334,0.333,0.333
412732003,asphalt,unknown,versiegelt,0.334,0.334,0.333,0.333
412732010,gravel,grade2,versiegelt,0.334,0.334,0.333,0.333
412732030,asphalt,unknown,versiegelt,0.334,0.334,0.333,0.333
412732037,grass,grade4,versiegelt,0.334,0.334,0.333,0.333
412732039,gravel,grade2,versiegelt,0.334,0.334,0.333,0.333
412732042,gravel,grade2,versiegelt,0.334,0.334,0.333,0.333
412732048,asphalt,unknown,versiegelt,0.334,0.334,0.333,0.333
415869931,asphalt,unknown,versiegelt,0.334,0.334,0.333,0.333
416249894,grass,grade4,versiegelt,0.334,0.334,0.333,0.333
416741063,compacted,unknown,versiegelt,0.334,0.334,0.333,0.333
416741119,grass,grade5,versiegelt,0.334,0.334,0.333,0.333
416745902,grass,unknown,versiegelt,0.334,0.334,0.333,0.333
417372825,gravel,grade3,versiegelt,0.334,0.334,0.333,0.333
417372826,gravel,grade2,versiegelt,0.334,0.334,0.333,0.333
417380605,unpaved,grade4,versiegelt,0.334,0.334,0.333,0.333
418029968,gravel,grade2,versiegelt,0.334,0.334,0.333,0.333
418255931,gravel,unknown,versiegelt,0.334,0.334,0.333,0.333
418364087,asphalt,grade1,versiegelt,0.334,0.334,0.333,0.333
423107087,asphalt,unknown,versiegelt,0.334,0.334,0.333,0.333
423107173,asphalt,unknown,versiegelt,0.334,0.334,0.333,0.333
425106347,asphalt,unknown,versiegelt,0.334,0.334,0.333,0.333
425106641,gravel,grade2,versiegelt,0.334,0.334,0.333,0.333
425311021,asphalt,unknown,versiegelt,0.334,0.334,0.333,0.333
431720394,compacted,grade3,versiegelt,0.334,0.334,0.333,0.333
431874935,asphalt,grade1,versiegelt,0.334,0.334,0.333,0.333
431988379,grass,grade5,versiegelt,0.334,0.334,0.333,0.333
433288223,asphalt,unknown,versiegelt,0.334,0.334,0.333,0.333
433292960,asphalt,unknown,versiegelt,0.334,0.334,0.333,0.333
433455655,grass,unknown,versiegelt,0.334,0.334,0.333,0.333
435150962,paved,unknown,versiegelt,0.334,0.334,0.333,0.333
435150964,paved,unknown,versiegelt,0.334,0.334,0.333,0.333
435151840,gravel,grade2,versiegelt,0.334,0.334,0.333,0.333
435152860,gravel,grade2,versiegelt,0.334,0.334,0.333,0.333
435169796,unpaved,unknown,versiegelt,0.334,0.334,0.333,0.333
435180820,unpaved,grade5,versiegelt,0.334,0.334,0.333,0.333
435911834,asphalt,unknown,versiegelt,0.334,0.334,0.333,0.333
437352755,compacted,unknown,versiegelt,0.334,0.334,0.333,0.333
438454427,asphalt,unknown,versiegelt,0.334,0.334,0.333,0.333
438454429,grass,unknown,versiegelt,0.334,0.334,0.333,0.333
439925967,grass,unknown,versiegelt,0.334,0.334,0.333,0.333
439925968,grass,unknown,versiegelt,0.334,0.334,0.333,0.333
439925969,grass,unknown,versiegelt,0.334,0.334,0.333,0.333
442119062,compacted,unknown,versiegelt,0.334,0.334,0.333,0.333
442119064,compacted,unknown,versiegelt,0.334,0.334,0.333,0.333
442119065,compacted,unknown,versiegelt,0.334,0.334,0.333,0.333
442119070,compacted,unknown,versiegelt,0.334,0.334,0.333,0.333
453606325,compacted,unknown,versiegelt,0.334,0.334,0.333,0.333
453606326,grass,grade5,versiegelt,0.334,0.334,0.333,0.333
453606330,grass,unknown,versiegelt,0.334,0.334,0.333,0.333
456262325,gravel,grade2,versiegelt,0.334,0.334,0.333,0.333
459732786,gravel,grade2,versiegelt,0.334,0.334,0.333,0.333
463298983,asphalt,unknown,versiegelt,0.334,0.334,0.333,0.333
473701987,grass,grade5,versiegelt,0.334,0.334,0.333,0.333
474681868,grass,unknown,versiegelt,0.334,0.334,0.333,0.333
475544048,compacted,grade2,versiegelt,0.334,0.334,0.333,0.333
482870335,grass,unknown,versiegelt,0.334,0.334,0.333,0.333
482872859,grass,unknown,versiegelt,0.334,0.334,0.333,0.333
485952463,compacted,unknown,versiegelt,0.334,0.334,0.333,0.333
485952465,grass,unknown,versiegelt,0.334,0.334,0.333,0.333
485952466,grass,unknown,versiegelt,0.334,0.334,0.333,0.333
491193860,grass,unknown,versiegelt,0.334,0.334,0.333,0.333
491193862,grass,unknown,versiegelt,0.334,0.334,0.333,0.333
498310014,asphalt,unknown,versiegelt,0.334,0.334,0.333,0.333
498654273,gravel,grade2,versiegelt,0.334,0.334,0.333,0.333
498654274,unpaved,grade2,versiegelt,0.334,0.334,0.333,0.333
500715903,compacted,grade2,versiegelt,0.334,0.334,0.333,0.333
500715904,dirt,grade5,versiegelt,0.334,0.334,0.333,0.333
501248948,asphalt,unknown,versiegelt,0.334,0.334,0.333,0.333
503274068,asphalt,unknown,versiegelt,0.334,0.334,0.333,0.333
503274069,asphalt,unknown,versiegelt,0.334,0.334,0.333,0.333
503274070,asphalt,grade1,versiegelt,0.334,0.334,0.333,0.333
503274071,asphalt,unknown,versiegelt,0.334,0.334,0.333,0.333
503637298,mud,grade5,versiegelt,0.334,0.334,0.333,0.333
503637303,grass,unknown,versiegelt,0.334,0.334,0.333,0.333
503639920,gravel,unknown,versiegelt,0.334,0.334,0.333,0.333
505370249,asphalt,unknown,versiegelt,0.334,0.334,0.333,0.333
506259109,compacted,unknown,versiegelt,0.334,0.334,0.333,0.333
506259110,compacted,grade2,versiegelt,0.334,0.334,0.333,0.333
508259706,grass,unknown,versiegelt,0.334,0.334,0.333,0.333
508259709,gravel,unknown,versiegelt,0.334,0.334,0.333,0.333
508259710,grass,grade3,versiegelt,0.334,0.334,0.333,0.333
508262922,mud,unknown,versiegelt,0.334,0.334,0.333,0.333
508262924,grass,unknown,versiegelt,0.334,0.334,0.333,0.333
508264159,grass,unknown,versiegelt,0.334,0.334,0.333,0.333
508813809,grass,grade5,versiegelt,0.334,0.334,0.333,0.333
510334433,grass,grade3,versiegelt,0.334,0.334,0.333,0.333
511168662,paved,grade2,versiegelt,0.334,0.334,0.333,0.333
511335964,compacted,grade2,versiegelt,0.334,0.334,0.333,0.333
511335970,compacted,grade2,versiegelt,0.334,0.334,0.333,0.333
519774363,grass,grade5,versiegelt,0.334,0.334,0.333,0.333
519774364,grass,grade5,versiegelt,0.334,0.334,0.333,0.333
519774367,grass,grade5,versiegelt,0.334,0.334,0.333,0.333
519774883,grass,grade5,versiegelt,0.334,0.334,0.333,0.333
519910463,grass,unknown,versiegelt,0.334,0.334,0.333,0.333
519910472,grass,grade5,versiegelt,0.334,0.334,0.333,0.333
520123671,compacted,grade3,versiegelt,0.334,0.334,0.333,0.333
523464205,grass,unknown,versiegelt,0.334,0.334,0.333,0.333
523465774,grass,grade5,versiegelt,0.334,0.334,0.333,0.333
531324907,grass,unknown,versiegelt,0.334,0.334,0.333,0.333
531324908,grass,unknown,versiegelt,0.334,0.334,0.333,0.333
531324910,compacted,grade2,versiegelt,0.334,0.334,0.333,0.333
531324915,compacted,grade2,versiegelt,0.334,0.334,0.333,0.333
533387272,paved,unknown,versiegelt,0.334,0.334,0.333,0.333
533742815,asphalt,unknown,versiegelt,0.334,0.334,0.333,0.333
537401201,grass,grade5,versiegelt,0.334,0.334,0.333,0.333
537401202,grass,grade5,versiegelt,0.334,0.334,0.333,0.333
537401203,grass,grade5,versiegelt,0.334,0.334,0.333,0.333
537401204,grass,grade5,versiegelt,0.334,0.334,0.333,0.333
537401212,grass,grade5,versiegelt,0.334,0.334,0.333,0.333
537401214,grass,grade5,versiegelt,0.334,0.334,0.333,0.333
537401215,grass,grade5,versiegelt,0.334,0.334,0.333,0.333
537401216,grass,grade5,versiegelt,0.334,0.334,0.333,0.333
537401218,grass,grade5,versiegelt,0.334,0.334,0.333,0.333
537401233,grass,grade5,versiegelt,0.334,0.334,0.333,0.333
537401262,grass,grade5,versiegelt,0.334,0.334,0.333,0.333
537401280,grass,grade5,versiegelt,0.334,0.334,0.333,0.333
537401283,grass,grade5,versiegelt,0.334,0.334,0.333,0.333
537401284,grass,grade5,versiegelt,0.334,0.334,0.333,0.333
537401285,grass,grade5,versiegelt,0.334,0.334,0.333,0.333
537826429,grass,unknown,versiegelt,0.334,0.334,0.333,0.333
537826432,grass,unknown,versiegelt,0.334,0.334,0.333,0.333
540399552,grass,grade4,versiegelt,0.334,0.334,0.333,0.333
540399556,asphalt,grade1,versiegelt,0.334,0.334,0.333,0.333
545508908,asphalt,grade1,versiegelt,0.334,0.334,0.333,0.333
550689994,paved,unknown,versiegelt,0.334,0.334,0.333,0.333
550693616,grass,grade5,versiegelt,0.334,0.334,0.333,0.333
550693617,grass,grade5,versiegelt,0.334,0.334,0.333,0.333
552536760,paved,unknown,versiegelt,0.334,0.334,0.333,0.333
557018770,gravel,grade2,versiegelt,0.334,0.334,0.333,0.333
557018777,grass,grade5,versiegelt,0.334,0.334,0.333,0.333
557018780,grass,grade5,versiegelt,0.334,0.334,0.333,0.333
557655046,grass,unknown,versiegelt,0.334,0.334,0.333,0.333
558437694,asphalt,grade1,versiegelt,0.334,0.334,0.333,0.333
561360529,unpaved,unknown,versiegelt,0.334,0.334,0.333,0.333
562591995,grass,unknown,versiegelt,0.334,0.334,0.333,0.333
562591997,grass,unknown,versiegelt,0.334,0.334,0.333,0.333
574559210,compacted,grade3,versiegelt,0.334,0.334,0.333,0.333
577232952,gravel,grade2,versiegelt,0.334,0.334,0.333,0.333
577232953,asphalt,grade1,versiegelt,0.334,0.334,0.333,0.333
583027705,grass,grade5,versiegelt,0.334,0.334,0.333,0.333
584760470,compacted,grade2,versiegelt,0.334,0.334,0.333,0.333
584760473,compacted,grade2,versiegelt,0.334,0.334,0.333,0.333
584760474,compacted,grade2,versiegelt,0.334,0.334,0.333,0.333
584760638,compacted,grade2,versiegelt,0.334,0.334,0.333,0.333
584761123,compacted,grade2,versiegelt,0.334,0.334,0.333,0.333
584761125,compacted,grade2,versiegelt,0.334,0.334,0.333,0.333
584834464,gravel,grade2,versiegelt,0.334,0.334,0.333,0.333
587321017,asphalt,unknown,versiegelt,0.334,0.334,0.333,0.333
587321089,asphalt,grade1,versiegelt,0.334,0.334,0.333,0.333
587321102,asphalt,grade1,versiegelt,0.334,0.334,0.333,0.333
587327344,asphalt,unknown,versiegelt,0.334,0.334,0.333,0.333
587327733,concrete,grade1,versiegelt,0.334,0.334,0.333,0.333
595891976,asphalt,grade1,versiegelt,0.334,0.334,0.333,0.333
595891977,asphalt,grade1,versiegelt,0.334,0.334,0.333,0.333
595894884,asphalt,unknown,versiegelt,0.334,0.334,0.333,0.333
595896095,asphalt,grade1,versiegelt,0.334,0.334,0.333,0.333
595896096,asphalt,grade1,versiegelt,0.334,0.334,0.333,0.333
610304043,grass,unknown,versiegelt,0.334,0.334,0.333,0.333
610304044,grass,grade5,versiegelt,0.334,0.334,0.333,0.333
611952927,asphalt,grade1,versiegelt,0.334,0.334,0.333,0.333
611952928,asphalt,grade1,versiegelt,0.334,0.334,0.333,0.333
612621933,asphalt,grade1,versiegelt,0.334,0.334,0.333,0.333
612695043,concrete,grade1,versiegelt,0.334,0.334,0.333,0.333
612695045,asphalt,unknown,versiegelt,0.334,0.334,0.333,0.333
613141789,compacted,unknown,versiegelt,0.334,0.334,0.333,0.333
613141792,grass,unknown,versiegelt,0.334,0.334,0.333,0.333
619847265,asphalt,unknown,versiegelt,0.334,0.334,0.333,0.333
621302585,grass,unknown,versiegelt,0.334,0.334,0.333,0.333
621302595,compacted,grade2,versiegelt,0.334,0.334,0.333,0.333
621302598,grass,unknown,versiegelt,0.334,0.334,0.333,0.333
621813383,asphalt,unknown,versiegelt,0.334,0.334,0.333,0.333
621813391,asphalt,unknown,versiegelt,0.334,0.334,0.333,0.333
621813392,asphalt,unknown,versiegelt,0.334,0.334,0.333,0.333
624128378,asphalt,unknown,versiegelt,0.334,0.334,0.333,0.333
624128379,asphalt,unknown,versiegelt,0.334,0.334,0.333,0.333
624128392,asphalt,unknown,versiegelt,0.334,0.334,0.333,0.333
624128408,asphalt,unknown,versiegelt,0.334,0.334,0.333,0.333
624172524,gravel,grade3,versiegelt,0.334,0.334,0.333,0.333
624175287,asphalt,grade2,versiegelt,0.334,0.334,0.333,0.333
624175288,asphalt,grade1,versiegelt,0.334,0.334,0.333,0.333
624194840,asphalt,unknown,versiegelt,0.334,0.334,0.333,0.333
624194842,grass,grade5,versiegelt,0.334,0.334,0.333,0.333
625741881,gravel,grade3,versiegelt,0.334,0.334,0.333,0.333
626688980,unpaved,grade5,versiegelt,0.334,0.334,0.333,0.333
626688981,grass,unknown,versiegelt,0.334,0.334,0.333,0.333
626688982,unpaved,grade5,versiegelt,0.334,0.334,0.333,0.333
626688983,unpaved,grade5,versiegelt,0.334,0.334,0.333,0.333
635997382,asphalt,grade1,versiegelt,0.334,0.334,0.333,0.333
638566221,gravel,grade2,versiegelt,0.334,0.334,0.333,0.333
638566222,gravel,grade3,versiegelt,0.334,0.334,0.333,0.333
638566226,asphalt,unknown,versiegelt,0.334,0.334,0.333,0.333
638570713,asphalt,unknown,versiegelt,0.334,0.334,0.333,0.333
638570714,gravel,grade2,versiegelt,0.334,0.334,0.333,0.333
638570719,asphalt,unknown,versiegelt,0.334,0.334,0.333,0.333
638570721,grass,grade5,versiegelt,0.334,0.334,0.333,0.333
638606968,asphalt,grade1,versiegelt,0.334,0.334,0.333,0.333
640398642,asphalt,unknown,versiegelt,0.334,0.334,0.333,0.333
646564188,compacted,unknown,versiegelt,0.334,0.334,0.333,0.333
646564189,asphalt,unknown,versiegelt,0.334,0.334,0.333,0.333
646564191,asphalt,unknown,versiegelt,0.334,0.334,0.333,0.333
646564192,grass,unknown,versiegelt,0.334,0.334,0.333,0.333
648433188,grass,grade5,versiegelt,0.334,0.334,0.333,0.333
650303351,grass,grade5,versiegelt,0.334,0.334,0.333,0.333
650303352,grass,grade5,versiegelt,0.334,0.334,0.333,0.333
650303353,gravel,grade2,versiegelt,0.334,0.334,0.333,0.333
650303354,gravel,grade3,versiegelt,0.334,0.334,0.333,0.333
660732190,gravel,grade2,versiegelt,0.334,0.334,0.333,0.333
660745639,asphalt,unknown,versiegelt,0.334,0.334,0.333,0.333
660745641,asphalt,grade1,versiegelt,0.334,0.334,0.333,0.333
660774108,asphalt,unknown,versiegelt,0.334,0.334,0.333,0.333
660785905,asphalt,grade1,versiegelt,0.334,0.334,0.333,0.333
665697760,grass,grade5,versiegelt,0.334,0.334,0.333,0.333
665697856,grass,grade5,versiegelt,0.334,0.334,0.333,0.333
665698574,grass,unknown,versiegelt,0.334,0.334,0.333,0.333
674686896,grass,grade5,versiegelt,0.334,0.334,0.333,0.333
674686901,grass,grade5,versiegelt,0.334,0.334,0.333,0.333
674686904,grass,grade5,versiegelt,0.334,0.334,0.333,0.333
674686912,grass,grade5,versiegelt,0.334,0.334,0.333,0.333
674686916,grass,grade5,versiegelt,0.334,0.334,0.333,0.333
674686920,grass,grade5,versiegelt,0.334,0.334,0.333,0.333
674686922,grass,grade5,versiegelt,0.334,0.334,0.333,0.333
674686926,grass,grade5,versiegelt,0.334,0.334,0.333,0.333
674686930,grass,grade5,versiegelt,0.334,0.334,0.333,0.333
674686933,grass,grade5,versiegelt,0.334,0.334,0.333,0.333
674686935,grass,grade5,versiegelt,0.334,0.334,0.333,0.333
674686952,asphalt,unknown,versiegelt,0.334,0.334,0.333,0.333
675814878,asphalt,unknown,versiegelt,0.334,0.334,0.333,0.333
676135711,mud,unknown,versiegelt,0.334,0.334,0.333,0.333
676137144,grass,unknown,versiegelt,0.334,0.334,0.333,0.333
676137145,grass,unknown,versiegelt,0.334,0.334,0.333,0.333
676137146,compacted,unknown,versiegelt,0.334,0.334,0.333,0.333
677480250,asphalt,grade1,versiegelt,0.334,0.334,0.333,0.333
677480252,asphalt,grade1,versiegelt,0.334,0.334,0.333,0.333
682209276,gravel,grade2,versiegelt,0.334,0.334,0.333,0.333
682209277,compacted,unknown,versiegelt,0.334,0.334,0.333,0.333
682213510,asphalt,unknown,versiegelt,0.334,0.334,0.333,0.333
682307741,compacted,grade3,versiegelt,0.334,0.334,0.333,0.333
685726450,asphalt,grade1,versiegelt,0.334,0.334,0.333,0.333
685731643,grass,unknown,versiegelt,0.334,0.334,0.333,0.333
685731650,asphalt,unknown,versiegelt,0.334,0.334,0.333,0.333
688489451,grass,unknown,versiegelt,0.334,0.334,0.333,0.333
688489455,grass,grade5,versiegelt,0.334,0.334,0.333,0.333
688495843,grass,grade5,versiegelt,0.334,0.334,0.333,0.333
688495844,gravel,grade2,versiegelt,0.334,0.334,0.333,0.333
689425920,grass,grade5,versiegelt,0.334,0.334,0.333,0.333
689426079,grass,grade5,versiegelt,0.334,0.334,0.333,0.333
690055889,concrete,grade1,versiegelt,0.334,0.334,0.333,0.333
690678537,grass,grade5,versiegelt,0.334,0.334,0.333,0.333
692629888,compacted,grade2,versiegelt,0.334,0.334,0.333,0.333
692629889,gravel,grade2,versiegelt,0.334,0.334,0.333,0.333
692629895,grass,grade5,versiegelt,0.334,0.334,0.333,0.333
692629896,fine_gravel,grade2,versiegelt,0.334,0.334,0.333,0.333
692865076,concrete,grade1,versiegelt,0.334,0.334,0.333,0.333
694564001,asphalt,unknown,versiegelt,0.334,0.334,0.333,0.333
695775229,compacted,grade3,versiegelt,0.334,0.334,0.333,0.333
696116119,compacted,grade2,versiegelt,0.334,0.334,0.333,0.333
698786688,compacted,unknown,versiegelt,0.334,0.334,0.333,0.333
698786694,gravel,grade2,versiegelt,0.334,0.334,0.333,0.333
699476911,grass,grade4,versiegelt,0.334,0.334,0.333,0.333
700469671,asphalt,unknown,versiegelt,0.334,0.334,0.333,0.333
700760144,compacted,grade2,versiegelt,0.334,0.334,0.333,0.333
700760146,compacted,grade3,versiegelt,0.334,0.334,0.333,0.333
700760159,compacted,grade2,versiegelt,0.334,0.334,0.333,0.333
700760165,asphalt,unknown,versiegelt,0.334,0.334,0.333,0.333
700760173,asphalt,grade1,versiegelt,0.334,0.334,0.333,0.333
700760185,asphalt,grade1,versiegelt,0.334,0.334,0.333,0.333
701192287,asphalt,unknown,versiegelt,0.334,0.334,0.333,0.333
702105091,gravel,grade2,versiegelt,0.334,0.334,0.333,0.333
704420829,asphalt,unknown,versiegelt,0.334,0.334,0.333,0.333
704420830,grass,grade4,versiegelt,0.334,0.334,0.333,0.333
704420831,grass,grade5,versiegelt,0.334,0.334,0.333,0.333
704420833,grass,grade5,versiegelt,0.334,0.334,0.333,0.333
704420834,grass,grade5,versiegelt,0.334,0.334,0.333,0.333
704420835,asphalt,grade1,versiegelt,0.334,0.334,0.333,0.333
704420836,grass,grade4,versiegelt,0.334,0.334,0.333,0.333
704420837,asphalt,unknown,versiegelt,0.334,0.334,0.333,0.333
704420838,asphalt,unknown,versiegelt,0.334,0.334,0.333,0.333
704420839,dirt,grade4,versiegelt,0.334,0.334,0.333,0.333
704420840,dirt,unknown,versiegelt,0.334,0.334,0.333,0.333
704420841,asphalt,unknown,versiegelt,0.334,0.334,0.333,0.333
704420842,asphalt,unknown,versiegelt,0.334,0.334,0.333,0.333
704420843,grass,unknown,versiegelt,0.334,0.334,0.333,0.333
704420847,grass,unknown,versiegelt,0.334,0.334,0.333,0.333
704420848,asphalt,unknown,versiegelt,0.334,0.334,0.333,0.333
704420849,asphalt,unknown,versiegelt,0.334,0.334,0.333,0.333
704420850,asphalt,unknown,versiegelt,0.334,0.334,0.333,0.333
704420851,compacted,grade2,versiegelt,0.334,0.334,0.333,0.333
704420852,asphalt,grade1,versiegelt,0.334,0.334,0.333,0.333
704671240,grass,unknown,versiegelt,0.334,0.334,0.333,0.333
704671241,compacted,unknown,versiegelt,0.334,0.334,0.333,0.333
704671243,compacted,unknown,versiegelt,0.334,0.334,0.333,0.333
704671244,grass,unknown,versiegelt,0.334,0.334,0.333,0.333
704671247,asphalt,unknown,versiegelt,0.334,0.334,0.333,0.333
704671248,compacted,unknown,versiegelt,0.334,0.334,0.333,0.333
706210044,gravel,grade3,versiegelt,0.334,0.334,0.333,0.333
708314607,grass,grade5,versiegelt,0.334,0.334,0.333,0.333
708314609,asphalt,unknown,versiegelt,0.334,0.334,0.333,0.333
708314610,asphalt,unknown,versiegelt,0.334,0.334,0.333,0.333
718268671,asphalt,unknown,versiegelt,0.334,0.334,0.333,0.333
719681904,asphalt,grade1,versiegelt,0.334,0.334,0.333,0.333
722025017,grass,unknown,versiegelt,0.334,0.334,0.333,0.333
722025018,grass,unknown,versiegelt,0.334,0.334,0.333,0.333
722025481,compacted,grade3,versiegelt,0.334,0.334,0.333,0.333
724341034,asphalt,grade1,versiegelt,0.334,0.334,0.333,0.333
727153528,asphalt,unknown,versiegelt,0.334,0.334,0.333,0.333
727154013,gravel,grade3,versiegelt,0.334,0.334,0.333,0.333
727154014,asphalt,grade1,versiegelt,0.334,0.334,0.333,0.333
728119462,asphalt,grade1,versiegelt,0.334,0.334,0.333,0.333
729516337,gravel,grade3,versiegelt,0.334,0.334,0.333,0.333
729745967,asphalt,unknown,versiegelt,0.334,0.334,0.333,0.333
732579045,fine_gravel,grade3,versiegelt,0.334,0.334,0.333,0.333
732935543,grass,grade5,versiegelt,0.334,0.334,0.333,0.333
732938011,grass,grade5,versiegelt,0.334,0.334,0.333,0.333
732938012,grass,grade5,versiegelt,0.334,0.334,0.333,0.333
732938013,grass,grade5,versiegelt,0.334,0.334,0.333,0.333
732938014,grass,grade5,versiegelt,0.334,0.334,0.333,0.333
732938015,gravel,grade2,versiegelt,0.334,0.334,0.333,0.333
732938016,grass,grade4,versiegelt,0.334,0.334,0.333,0.333
732938590,grass,grade5,versiegelt,0.334,0.334,0.333,0.333
734605963,grass,unknown,versiegelt,0.334,0.334,0.333,0.333
734605965,compacted,unknown,versiegelt,0.334,0.334,0.333,0.333
734605971,grass,grade4,versiegelt,0.334,0.334,0.333,0.333
734767875,asphalt,grade1,versiegelt,0.334,0.334,0.333,0.333
738962461,asphalt,unknown,versiegelt,0.334,0.334,0.333,0.333
738962462,asphalt,unknown,versiegelt,0.334,0.334,0.333,0.333
738962470,grass,grade5,versiegelt,0.334,0.334,0.333,0.333
738962471,grass,grade5,versiegelt,0.334,0.334,0.333,0.333
738962472,grass,grade5,versiegelt,0.334,0.334,0.333,0.333
741890940,asphalt,grade1,versiegelt,0.334,0.334,0.333,0.333
741905904,gravel,unknown,versiegelt,0.334,0.334,0.333,0.333
741914022,asphalt,grade1,versiegelt,0.334,0.334,0.333,0.333
741915658,asphalt,grade1,versiegelt,0.334,0.334,0.333,0.333
742122365,asphalt,grade1,versiegelt,0.334,0.334,0.333,0.333
743331596,gravel,grade2,versiegelt,0.334,0.334,0.333,0.333
744275267,paved,grade1,versiegelt,0.334,0.334,0.333,0.333
744289576,asphalt,grade2,versiegelt,0.334,0.334,0.333,0.333
744323393,asphalt,grade1,versiegelt,0.334,0.334,0.333,0.333
751793833,grass,grade5,versiegelt,0.334,0.334,0.333,0.333
753491629,grass,grade4,versiegelt,0.334,0.334,0.333,0.333
753491630,grass,grade4,versiegelt,0.334,0.334,0.333,0.333
753491631,grass,grade4,versiegelt,0.334,0.334,0.333,0.333
759135879,grass,grade5,versiegelt,0.334,0.334,0.333,0.333
759135880,grass,grade5,versiegelt,0.334,0.334,0.333,0.333
759135881,gravel,grade3,versiegelt,0.334,0.334,0.333,0.333
759135882,gravel,grade2,versiegelt,0.334,0.334,0.333,0.333
759135883,grass,grade5,versiegelt,0.334,0.334,0.333,0.333
759135887,grass,grade5,versiegelt,0.334,0.334,0.333,0.333
759356193,grass,grade5,versiegelt,0.334,0.334,0.333,0.333
759371847,grass,grade5,versiegelt,0.334,0.334,0.333,0.333
759371849,grass,grade5,versiegelt,0.334,0.334,0.333,0.333
759389357,grass,grade5,versiegelt,0.334,0.334,0.333,0.333
759389358,grass,grade5,versiegelt,0.334,0.334,0.333,0.333
759389359,grass,grade5,versiegelt,0.334,0.334,0.333,0.333
759389361,grass,grade5,versiegelt,0.334,0.334,0.333,0.333
760216486,grass,grade5,versiegelt,0.334,0.334,0.333,0.333
760216487,grass,grade5,versiegelt,0.334,0.334,0.333,0.333
760216488,grass,grade5,versiegelt,0.334,0.334,0.333,0.333
760216506,grass,grade5,versiegelt,0.334,0.334,0.333,0.333
760216515,grass,grade5,versiegelt,0.334,0.334,0.333,0.333
760216516,gravel,grade2,versiegelt,0.334,0.334,0.333,0.333
760216517,gravel,grade2,versiegelt,0.334,0.334,0.333,0.333
760216518,gravel,grade2,versiegelt,0.334,0.334,0.333,0.333
760216519,grass,grade5,versiegelt,0.334,0.334,0.333,0.333
760216520,grass,grade5,versiegelt,0.334,0.334,0.333,0.333
760216521,grass,grade5,versiegelt,0.334,0.334,0.333,0.333
760216522,grass,grade5,versiegelt,0.334,0.334,0.333,0.333
760216523,grass,grade5,versiegelt,0.334,0.334,0.333,0.333
760216524,grass,grade5,versiegelt,0.334,0.334,0.333,0.333
760560125,grass,grade5,versiegelt,0.334,0.334,0.333,0.333
760560127,grass,grade5,versiegelt,0.334,0.334,0.333,0.333
760560129,grass,grade5,versiegelt,0.334,0.334,0.333,0.333
760796326,grass,grade5,versiegelt,0.334,0.334,0.333,0.333
760796331,grass,grade5,versiegelt,0.334,0.334,0.333,0.333
760796334,grass,grade5,versiegelt,0.334,0.334,0.333,0.333
760796337,grass,grade5,versiegelt,0.334,0.334,0.333,0.333
760796338,grass,grade3,versiegelt,0.334,0.334,0.333,0.333
760796344,grass,grade5,versiegelt,0.334,0.334,0.333,0.333
760796345,grass,grade5,versiegelt,0.334,0.334,0.333,0.333
760796355,grass,grade5,versiegelt,0.334,0.334,0.333,0.333
760796361,grass,grade5,versiegelt,0.334,0.334,0.333,0.333
760924760,grass,grade5,versiegelt,0.334,0.334,0.333,0.333
760924761,grass,grade5,versiegelt,0.334,0.334,0.333,0.333
760924765,grass,grade5,versiegelt,0.334,0.334,0.333,0.333
760924766,grass,grade5,versiegelt,0.334,0.334,0.333,0.333
760924767,gravel,grade2,versiegelt,0.334,0.334,0.333,0.333
760924768,gravel,grade2,versiegelt,0.334,0.334,0.333,0.333
760924775,grass,grade4,versiegelt,0.334,0.334,0.333,0.333
760924778,grass,grade5,versiegelt,0.334,0.334,0.333,0.333
760924780,gravel,grade2,versiegelt,0.334,0.334,0.333,0.333
760924783,asphalt,grade1,versiegelt,0.334,0.334,0.333,0.333
760924784,gravel,grade2,versiegelt,0.334,0.334,0.333,0.333
760924785,grass,grade5,versiegelt,0.334,0.334,0.333,0.333
760924789,grass,grade5,versiegelt,0.334,0.334,0.333,0.333
760924798,grass,grade5,versiegelt,0.334,0.334,0.333,0.333
760924799,grass,grade5,versiegelt,0.334,0.334,0.333,0.333
760924800,grass,grade5,versiegelt,0.334,0.334,0.333,0.333
760924802,grass,grade5,versiegelt,0.334,0.334,0.333,0.333
760924807,grass,grade5,versiegelt,0.334,0.334,0.333,0.333
760924808,grass,grade5,versiegelt,0.334,0.334,0.333,0.333
760924809,grass,grade5,versiegelt,0.334,0.334,0.333,0.333
760924810,grass,grade5,versiegelt,0.334,0.334,0.333,0.333
760924811,grass,grade5,versiegelt,0.334,0.334,0.333,0.333
760924815,asphalt,grade1,versiegelt,0.334,0.334,0.333,0.333
760924820,grass,grade5,versiegelt,0.334,0.334,0.333,0.333
760924840,grass,grade5,versiegelt,0.334,0.334,0.333,0.333
760924841,grass,grade5,versiegelt,0.334,0.334,0.333,0.333
760939719,grass,grade5,versiegelt,0.334,0.334,0.333,0.333
760939731,grass,grade5,versiegelt,0.334,0.334,0.333,0.333
761046192,grass,grade5,versiegelt,0.334,0.334,0.333,0.333
761046197,grass,grade5,versiegelt,0.334,0.334,0.333,0.333
761046198,compacted,grade2,versiegelt,0.334,0.334,0.333,0.333
761046199,gravel,grade2,versiegelt,0.334,0.334,0.333,0.333
761046200,grass,grade5,versiegelt,0.334,0.334,0.333,0.333
761046201,grass,grade5,versiegelt,0.334,0.334,0.333,0.333
761046204,grass,grade5,versiegelt,0.334,0.334,0.333,0.333
761046205,grass,grade5,versiegelt,0.334,0.334,0.333,0.333
761046208,grass,grade5,versiegelt,0.334,0.334,0.333,0.333
761046209,grass,grade5,versiegelt,0.334,0.334,0.333,0.333
761046210,grass,grade5,versiegelt,0.334,0.334,0.333,0.333
761046211,grass,grade5,versiegelt,0.334,0.334,0.333,0.333
761046217,grass,grade5,versiegelt,0.334,0.334,0.333,0.333
761046220,grass,grade5,versiegelt,0.334,0.334,0.333,0.333
761046221,grass,grade5,versiegelt,0.334,0.334,0.333,0.333
761046229,grass,grade5,versiegelt,0.334,0.334,0.333,0.333
761046233,grass,grade5,versiegelt,0.334,0.334,0.333,0.333
761046235,grass,grade5,versiegelt,0.334,0.334,0.333,0.333
761046236,grass,grade5,versiegelt,0.334,0.334,0.333,0.333
761046244,grass,grade5,versiegelt,0.334,0.334,0.333,0.333
761046246,grass,grade5,versiegelt,0.334,0.334,0.333,0.333
761046247,gravel,grade2,versiegelt,0.334,0.334,0.333,0.333
761059460,gravel,grade3,versiegelt,0.334,0.334,0.333,0.333
761059461,grass,grade5,versiegelt,0.334,0.334,0.333,0.333
761059480,grass,grade5,versiegelt,0.334,0.334,0.333,0.333
761059481,grass,grade5,versiegelt,0.334,0.334,0.333,0.333
761059482,grass,grade5,versiegelt,0.334,0.334,0.333,0.333
761059484,gravel,grade2,versiegelt,0.334,0.334,0.333,0.333
761059485,gravel,grade2,versiegelt,0.334,0.334,0.333,0.333
761059486,gravel,grade2,versiegelt,0.334,0.334,0.333,0.333
761059487,asphalt,grade1,versiegelt,0.334,0.334,0.333,0.333
761059488,asphalt,grade1,versiegelt,0.334,0.334,0.333,0.333
761059489,gravel,grade2,versiegelt,0.334,0.334,0.333,0.333
761059490,asphalt,grade1,versiegelt,0.334,0.334,0.333,0.333
761059492,grass,grade5,versiegelt,0.334,0.334,0.333,0.333
761059493,grass,grade5,versiegelt,0.334,0.334,0.333,0.333
761059494,grass,grade5,versiegelt,0.334,0.334,0.333,0.333
761059498,grass,grade5,versiegelt,0.334,0.334,0.333,0.333
761059499,grass,grade5,versiegelt,0.334,0.334,0.333,0.333
761200106,grass,grade5,versiegelt,0.334,0.334,0.333,0.333
761200108,grass,grade5,versiegelt,0.334,0.334,0.333,0.333
761200122,grass,grade5,versiegelt,0.334,0.334,0.333,0.333
761200127,grass,grade5,versiegelt,0.334,0.334,0.333,0.333
761200128,gravel,grade2,versiegelt,0.334,0.334,0.333,0.333
761200134,grass,grade5,versiegelt,0.334,0.334,0.333,0.333
761200139,grass,grade5,versiegelt,0.334,0.334,0.333,0.333
761200140,grass,grade5,versiegelt,0.334,0.334,0.333,0.333
761200146,grass,grade5,versiegelt,0.334,0.334,0.333,0.333
761200153,grass,grade5,versiegelt,0.334,0.334,0.333,0.333
761234548,grass,grade5,versiegelt,0.334,0.334,0.333,0.333
761234555,grass,grade5,versiegelt,0.334,0.334,0.333,0.333
761234563,grass,grade5,versiegelt,0.334,0.334,0.333,0.333
761234592,grass,grade5,versiegelt,0.334,0.334,0.333,0.333
761234593,grass,grade5,versiegelt,0.334,0.334,0.333,0.333
761282247,grass,grade5,versiegelt,0.334,0.334,0.333,0.333
761282253,grass,grade5,versiegelt,0.334,0.334,0.333,0.333
761463885,grass,grade5,versiegelt,0.334,0.334,0.333,0.333
761463886,grass,grade5,versiegelt,0.334,0.334,0.333,0.333
761463899,grass,grade5,versiegelt,0.334,0.334,0.333,0.333
761684889,grass,grade5,versiegelt,0.334,0.334,0.333,0.333
761684893,grass,grade5,versiegelt,0.334,0.334,0.333,0.333
761684901,grass,grade5,versiegelt,0.334,0.334,0.333,0.333
761709908,grass,grade5,versiegelt,0.334,0.334,0.333,0.333
761763460,gravel,grade2,versiegelt,0.334,0.334,0.333,0.333
761763462,gravel,grade2,versiegelt,0.334,0.334,0.333,0.333
761980207,grass,grade5,versiegelt,0.334,0.334,0.333,0.333
761980209,grass,grade5,versiegelt,0.334,0.334,0.333,0.333
761980210,grass,grade5,versiegelt,0.334,0.334,0.333,0.333
761980211,grass,grade5,versiegelt,0.334,0.334,0.333,0.333
761980212,grass,grade5,versiegelt,0.334,0.334,0.333,0.333
761980213,grass,grade5,versiegelt,0.334,0.334,0.333,0.333
762045611,grass,grade5,versiegelt,0.334,0.334,0.333,0.333
762045619,grass,grade5,versiegelt,0.334,0.334,0.333,0.333
762045622,grass,grade5,versiegelt,0.334,0.334,0.333,0.333
762045623,grass,grade5,versiegelt,0.334,0.334,0.333,0.333
762045630,grass,grade5,versiegelt,0.334,0.334,0.333,0.333
762045643,grass,grade5,versiegelt,0.334,0.334,0.333,0.333
762045647,grass,grade5,versiegelt,0.334,0.334,0.333,0.333
762288917,asphalt,unknown,versiegelt,0.334,0.334,0.333,0.333
762288922,grass,grade5,versiegelt,0.334,0.334,0.333,0.333
762288932,grass,grade5,versiegelt,0.334,0.334,0.333,0.333
762288934,grass,grade5,versiegelt,0.334,0.334,0.333,0.333
762288935,grass,grade5,versiegelt,0.334,0.334,0.333,0.333
762288937,grass,grade5,versiegelt,0.334,0.334,0.333,0.333
762288939,grass,grade5,versiegelt,0.334,0.334,0.333,0.333
762288943,grass,grade5,versiegelt,0.334,0.334,0.333,0.333
762288947,grass,grade5,versiegelt,0.334,0.334,0.333,0.333
762641189,grass,grade4,versiegelt,0.334,0.334,0.333,0.333
762641198,grass,grade5,versiegelt,0.334,0.334,0.333,0.333
762641199,grass,grade5,versiegelt,0.334,0.334,0.333,0.333
762641200,gravel,grade2,versiegelt,0.334,0.334,0.333,0.333
762641203,grass,grade5,versiegelt,0.334,0.334,0.333,0.333
762641204,grass,grade5,versiegelt,0.334,0.334,0.333,0.333
762641205,grass,grade5,versiegelt,0.334,0.334,0.333,0.333
762641206,gravel,grade2,versiegelt,0.334,0.334,0.333,0.333
762641207,gravel,grade2,versiegelt,0.334,0.334,0.333,0.333
762641215,grass,grade5,versiegelt,0.334,0.334,0.333,0.333
762673958,grass,grade5,versiegelt,0.334,0.334,0.333,0.333
762673966,grass,grade5,versiegelt,0.334,0.334,0.333,0.333
762673980,gravel,grade3,versiegelt,0.334,0.334,0.333,0.333
762694377,compacted,grade3,versiegelt,0.334,0.334,0.333,0.333
762854493,grass,grade5,versiegelt,0.334,0.334,0.333,0.333
762854494,grass,grade5,versiegelt,0.334,0.334,0.333,0.333
762854527,gravel,grade2,versiegelt,0.334,0.334,0.333,0.333
763099450,grass,grade5,versiegelt,0.334,0.334,0.333,0.333
763099459,grass,grade4,versiegelt,0.334,0.334,0.333,0.333
763099465,grass,grade5,versiegelt,0.334,0.334,0.333,0.333
763170836,grass,grade5,versiegelt,0.334,0.334,0.333,0.333
763170837,grass,grade5,versiegelt,0.334,0.334,0.333,0.333
763170840,grass,grade5,versiegelt,0.334,0.334,0.333,0.333
763170841,grass,grade5,versiegelt,0.334,0.334,0.333,0.333
763170842,grass,grade5,versiegelt,0.334,0.334,0.333,0.333
763170843,grass,grade5,versiegelt,0.334,0.334,0.333,0.333
763170844,grass,grade5,versiegelt,0.334,0.334,0.333,0.333
763170845,grass,grade5,versiegelt,0.334,0.334,0.333,0.333
763170847,grass,grade5,versiegelt,0.334,0.334,0.333,0.333
763170848,asphalt,grade1,versiegelt,0.334,0.334,0.333,0.333
763170850,grass,grade5,versiegelt,0.334,0.334,0.333,0.333
763170851,grass,grade5,versiegelt,0.334,0.334,0.333,0.333
763170852,grass,grade5,versiegelt,0.334,0.334,0.333,0.333
763170859,grass,grade5,versiegelt,0.334,0.334,0.333,0.333
763170861,gravel,grade3,versiegelt,0.334,0.334,0.333,0.333
763170862,grass,grade5,versiegelt,0.334,0.334,0.333,0.333
763170863,grass,grade5,versiegelt,0.334,0.334,0.333,0.333
763170864,grass,grade5,versiegelt,0.334,0.334,0.333,0.333
763170865,grass,grade5,versiegelt,0.334,0.334,0.333,0.333
763170866,grass,grade5,versiegelt,0.334,0.334,0.333,0.333
763170867,grass,grade5,versiegelt,0.334,0.334,0.333,0.333
763170868,gravel,grade2,versiegelt,0.334,0.334,0.333,0.333
763170869,grass,grade5,versiegelt,0.334,0.334,0.333,0.333
763170874,grass,grade5,versiegelt,0.334,0.334,0.333,0.333
763170876,grass,grade5,versiegelt,0.334,0.334,0.333,0.333
763170886,grass,grade5,versiegelt,0.334,0.334,0.333,0.333
763170887,grass,grade5,versiegelt,0.334,0.334,0.333,0.333
763170893,grass,grade5,versiegelt,0.334,0.334,0.333,0.333
763170898,gravel,grade2,versiegelt,0.334,0.334,0.333,0.333
763170904,grass,grade5,versiegelt,0.334,0.334,0.333,0.333
763170905,grass,grade5,versiegelt,0.334,0.334,0.333,0.333
765378380,grass,grade5,versiegelt,0.334,0.334,0.333,0.333
765378381,grass,grade5,versiegelt,0.334,0.334,0.333,0.333
765378386,grass,grade5,versiegelt,0.334,0.334,0.333,0.333
765663841,grass,grade5,versiegelt,0.334,0.334,0.333,0.333
766206841,grass,grade5,versiegelt,0.334,0.334,0.333,0.333
766206844,grass,grade5,versiegelt,0.334,0.334,0.333,0.333
766206848,grass,grade5,versiegelt,0.334,0.334,0.333,0.333
766206849,grass,grade5,versiegelt,0.334,0.334,0.333,0.333
766206860,grass,grade5,versiegelt,0.334,0.334,0.333,0.333
766206861,grass,grade5,versiegelt,0.334,0.334,0.333,0.333
766206869,gravel,grade2,versiegelt,0.334,0.334,0.333,0.333
766471833,grass,grade5,versiegelt,0.334,0.334,0.333,0.333
766471834,grass,grade5,versiegelt,0.334,0.334,0.333,0.333
766471839,grass,grade5,versiegelt,0.334,0.334,0.333,0.333
766471840,grass,grade4,versiegelt,0.334,0.334,0.333,0.333
766471841,gravel,grade3,versiegelt,0.334,0.334,0.333,0.333
769030955,grass,grade5,versiegelt,0.334,0.334,0.333,0.333
769030962,grass,grade5,versiegelt,0.334,0.334,0.333,0.333
769030986,grass,grade5,versiegelt,0.334,0.334,0.333,0.333
772757806,gravel,grade2,versiegelt,0.334,0.334,0.333,0.333
772757807,gravel,grade2,versiegelt,0.334,0.334,0.333,0.333
772757814,grass,grade5,versiegelt,0.334,0.334,0.333,0.333
772757815,grass,grade5,versiegelt,0.334,0.334,0.333,0.333
772888902,grass,grade5,versiegelt,0.334,0.334,0.333,0.333
772888922,grass,grade5,versiegelt,0.334,0.334,0.333,0.333
783862884,gravel,grade3,versiegelt,0.334,0.334,0.333,0.333
787973395,fine_gravel,unknown,versiegelt,0.334,0.334,0.333,0.333
791408361,asphalt,unknown,versiegelt,0.334,0.334,0.333,0.333
791408362,asphalt,unknown,versiegelt,0.334,0.334,0.333,0.333
793542283,grass,grade5,versiegelt,0.334,0.334,0.333,0.333
802041731,asphalt,unknown,versiegelt,0.334,0.334,0.333,0.333
802087826,asphalt,unknown,versiegelt,0.334,0.334,0.333,0.333
810852440,grass,unknown,versiegelt,0.334,0.334,0.333,0.333
810852443,grass,unknown,versiegelt,0.334,0.334,0.333,0.333
815058856,asphalt,unknown,versiegelt,0.334,0.334,0.333,0.333
817992314,compacted,grade2,versiegelt,0.334,0.334,0.333,0.333
817998254,grass,grade5,versiegelt,0.334,0.334,0.333,0.333
825878200,grass,grade5,versiegelt,0.334,0.334,0.333,0.333
841333941,compacted,grade2,versiegelt,0.334,0.334,0.333,0.333
845461158,grass,unknown,versiegelt,0.334,0.334,0.333,0.333
845461159,compacted,grade2,versiegelt,0.334,0.334,0.333,0.333
854651324,asphalt,unknown,versiegelt,0.334,0.334,0.333,0.333
857449552,asphalt,unknown,versiegelt,0.334,0.334,0.333,0.333
863632100,compacted,grade2,versiegelt,0.334,0.334,0.333,0.333
868827542,grass,unknown,versiegelt,0.334,0.334,0.333,0.333
868827543,grass,unknown,versiegelt,0.334,0.334,0.333,0.333
868827544,grass,unknown,versiegelt,0.334,0.334,0.333,0.333
885412687,asphalt,unknown,versiegelt,0.334,0.334,0.333,0.333
885541555,grass,unknown,versiegelt,0.334,0.334,0.333,0.333
885541937,unpaved,grade4,versiegelt,0.334,0.334,0.333,0.333
885543765,grass,unknown,versiegelt,0.334,0.334,0.333,0.333
885543766,concrete,unknown,versiegelt,0.334,0.334,0.333,0.333
885544732,grass,unknown,versiegelt,0.334,0.334,0.333,0.333
889455305,asphalt,grade1,versiegelt,0.334,0.334,0.333,0.333
889455306,asphalt,grade1,versiegelt,0.334,0.334,0.333,0.333
889455307,asphalt,grade1,versiegelt,0.334,0.334,0.333,0.333
893172631,grass,grade5,versiegelt,0.334,0.334,0.333,0.333
900600178,asphalt,unknown,versiegelt,0.334,0.334,0.333,0.333
905597290,grass,unknown,versiegelt,0.334,0.334,0.333,0.333
910258448,asphalt,unknown,versiegelt,0.334,0.334,0.333,0.333
910576575,asphalt,grade1,versiegelt,0.334,0.334,0.333,0.333
918138293,gravel,grade2,versiegelt,0.334,0.334,0.333,0.333
918138294,gravel,grade2,versiegelt,0.334,0.334,0.333,0.333
931675736,gravel,unknown,versiegelt,0.334,0.334,0.333,0.333
940780088,asphalt,unknown,versiegelt,0.334,0.334,0.333,0.333
943224050,asphalt,unknown,versiegelt,0.334,0.334,0.333,0.333
943224051,asphalt,unknown,versiegelt,0.334,0.334,0.333,0.333
943224053,asphalt,unknown,versiegelt,0.334,0.334,0.333,0.333
951537814,gravel,grade3,versiegelt,0.334,0.334,0.333,0.333
953990110,fine_gravel,grade2,versiegelt,0.334,0.334,0.333,0.333
953992296,gravel,unknown,versiegelt,0.334,0.334,0.333,0.333
953994893,paved,grade1,versiegelt,0.334,0.334,0.333,0.333
954375058,fine_gravel,unknown,versiegelt,0.334,0.334,0.333,0.333
954375059,asphalt,unknown,versiegelt,0.334,0.334,0.333,0.333
954377840,asphalt,grade1,versiegelt,0.334,0.334,0.333,0.333
957942559,gravel,grade2,versiegelt,0.334,0.334,0.333,0.333
957942560,gravel,grade2,versiegelt,0.334,0.334,0.333,0.333
965300751,asphalt,grade1,versiegelt,0.334,0.334,0.333,0.333
965300753,compacted,grade2,versiegelt,0.334,0.334,0.333,0.333
965300762,compacted,grade4,versiegelt,0.334,0.334,0.333,0.333
965300764,compacted,grade2,versiegelt,0.334,0.334,0.333,0.333
969447352,asphalt,grade1,versiegelt,0.334,0.334,0.333,0.333
969447360,gravel,grade2,versiegelt,0.334,0.334,0.333,0.333
969447364,compacted,grade2,versiegelt,0.334,0.334,0.333,0.333
969447365,compacted,grade3,versiegelt,0.334,0.334,0.333,0.333
969447366,asphalt,grade1,versiegelt,0.334,0.334,0.333,0.333
969447367,compacted,grade2,versiegelt,0.334,0.334,0.333,0.333
969447370,gravel,grade3,versiegelt,0.334,0.334,0.333,0.333
969447371,compacted,grade2,versiegelt,0.334,0.334,0.333,0.333
969447383,compacted,unknown,versiegelt,0.334,0.334,0.333,0.333
969447384,asphalt,unknown,versiegelt,0.334,0.334,0.333,0.333
969447390,gravel,grade2,versiegelt,0.334,0.334,0.333,0.333
969495478,paved,unknown,versiegelt,0.334,0.334,0.333,0.333
969495479,paved,unknown,versiegelt,0.334,0.334,0.333,0.333
976669707,grass,grade5,versiegelt,0.334,0.334,0.333,0.333
976688928,grass,unknown,versiegelt,0.334,0.334,0.333,0.333
977762398,asphalt,unknown,versiegelt,0.334,0.334,0.333,0.333
977825363,gravel,unknown,versiegelt,0.334,0.334,0.333,0.333
978643429,asphalt,unknown,versiegelt,0.334,0.334,0.333,0.333
978643430,asphalt,unknown,versiegelt,0.334,0.334,0.333,0.333
979771559,fine_gravel,grade2,versiegelt,0.334,0.334,0.333,0.333
988995622,asphalt,unknown,versiegelt,0.334,0.334,0.333,0.333
988995623,asphalt,unknown,versiegelt,0.334,0.334,0.333,0.333
988995629,grass,grade3,versiegelt,0.334,0.334,0.333,0.333
988995644,compacted,grade2,versiegelt,0.334,0.334,0.333,0.333
988995646,compacted,grade2,versiegelt,0.334,0.334,0.333,0.333
988995650,compacted,grade2,versiegelt,0.334,0.334,0.333,0.333
988995651,compacted,grade2,versiegelt,0.334,0.334,0.333,0.333
993384706,asphalt,grade1,versiegelt,0.334,0.334,0.333,0.333
993384707,asphalt,grade1,versiegelt,0.334,0.334,0.333,0.333
993384708,compacted,grade2,versiegelt,0.334,0.334,0.333,0.333
993388313,compacted,grade2,versiegelt,0.334,0.334,0.333,0.333
996237519,compacted,grade2,versiegelt,0.334,0.334,0.333,0.333
1000412337,compacted,grade3,versiegelt,0.334,0.334,0.333,0.333
1000412338,compacted,grade2,versiegelt,0.334,0.334,0.333,0.333
1004364998,gravel,grade2,versiegelt,0.334,0.334,0.333,0.333
1006054983,gravel,unknown,versiegelt,0.334,0.334,0.333,0.333
1007570999,gravel,grade2,versiegelt,0.334,0.334,0.333,0.333
1007571000,gravel,grade2,versiegelt,0.334,0.334,0.333,0.333
1009565216,grass,grade5,versiegelt,0.334,0.334,0.333,0.333
1009626518,asphalt,grade1,versiegelt,0.334,0.334,0.333,0.333
1010164756,concrete,grade1,versiegelt,0.334,0.334,0.333,0.333
1010164758,grass,grade5,versiegelt,0.334,0.334,0.333,0.333
1010171157,asphalt,grade1,versiegelt,0.334,0.334,0.333,0.333
1010171158,asphalt,grade1,versiegelt,0.334,0.334,0.333,0.333
1010171159,gravel,grade2,versiegelt,0.334,0.334,0.333,0.333
1010199715,gravel,grade2,versiegelt,0.334,0.334,0.333,0.333
1011334097,asphalt,unknown,versiegelt,0.334,0.334,0.333,0.333
1011334098,asphalt,unknown,versiegelt,0.334,0.334,0.333,0.333
1016965417,asphalt,grade1,versiegelt,0.334,0.334,0.333,0.333
1017122326,grass,grade1,versiegelt,0.334,0.334,0.333,0.333
1028741998,grass,unknown,versiegelt,0.334,0.334,0.333,0.333
1028742000,compacted,grade1,versiegelt,0.334,0.334,0.333,0.333
1028742001,compacted,grade1,versiegelt,0.334,0.334,0.333,0.333
1044733319,grass,grade5,versiegelt,0.334,0.334,0.333,0.333
1044733320,asphalt,unknown,versiegelt,0.334,0.334,0.333,0.333
1044733321,compacted,grade5,versiegelt,0.334,0.334,0.333,0.333
1044733322,grass,unknown,versiegelt,0.334,0.334,0.333,0.333
1044733323,grass,unknown,versiegelt,0.334,0.334,0.333,0.333
1050975473,grass,unknown,versiegelt,0.334,0.334,0.333,0.333
1050975474,grass,unknown,versiegelt,0.334,0.334,0.333,0.333
1054175034,grass,grade5,versiegelt,0.334,0.334,0.333,0.333
1054175035,grass,grade5,versiegelt,0.334,0.334,0.333,0.333
1056518837,grass,grade5,versiegelt,0.334,0.334,0.333,0.333
1056519252,grass,grade5,versiegelt,0.334,0.334,0.333,0.333
1059896106,gravel,grade3,versiegelt,0.334,0.334,0.333,0.333
1061518242,asphalt,unknown,versiegelt,0.334,0.334,0.333,0.333
1062191872,asphalt,unknown,versiegelt,0.334,0.334,0.333,0.333
1064799661,gravel,grade3,versiegelt,0.334,0.334,0.333,0.333
1068894083,compacted,grade3,versiegelt,0.334,0.334,0.333,0.333
1073253869,asphalt,grade2,versiegelt,0.334,0.334,0.333,0.333
1075308471,asphalt,grade1,versiegelt,0.334,0.334,0.333,0.333
1075308529,dirt,grade5,versiegelt,0.334,0.334,0.333,0.333
1075308530,dirt,grade5,versiegelt,0.334,0.334,0.333,0.333
1075308532,grass,grade5,versiegelt,0.334,0.334,0.333,0.333
1075308533,grass,grade5,versiegelt,0.334,0.334,0.333,0.333
1077624980,gravel,unknown,versiegelt,0.334,0.334,0.333,0.333
1077624983,grass,unknown,versiegelt,0.334,0.334,0.333,0.333
1080028575,grass,grade5,versiegelt,0.334,0.334,0.333,0.333
1089049487,fine_gravel,grade1,versiegelt,0.334,0.334,0.333,0.333
1090775300,grass,grade5,versiegelt,0.334,0.334,0.333,0.333
1094032939,grass,grade5,versiegelt,0.334,0.334,0.333,0.333
1099849870,asphalt,unknown,versiegelt,0.334,0.334,0.333,0.333
1111617719,asphalt,grade1,versiegelt,0.334,0.334,0.333,0.333
1114889931,asphalt,grade1,versiegelt,0.334,0.334,0.333,0.333
1122939982,gravel,grade2,versiegelt,0.334,0.334,0.333,0.333
1147340095,asphalt,unknown,versiegelt,0.334,0.334,0.333,0.333
1147541823,asphalt,unknown,versiegelt,0.334,0.334,0.333,0.333
1147618288,asphalt,unknown,versiegelt,0.334,0.334,0.333,0.333
1147618289,asphalt,unknown,versiegelt,0.334,0.334,0.333,0.333
1147640184,grass,grade4,versiegelt,0.334,0.334,0.333,0.333
1147981839,grass,grade2,versiegelt,0.334,0.334,0.333,0.333
1147981841,grass,grade4,versiegelt,0.334,0.334,0.333,0.333
1149147304,asphalt,grade1,versiegelt,0.334,0.334,0.333,0.333
1149372649,paved,grade1,versiegelt,0.334,0.334,0.333,0.333
1149373405,asphalt,grade1,versiegelt,0.334,0.334,0.333,0.333
1149374953,asphalt,grade1,versiegelt,0.334,0.334,0.333,0.333
1149377924,asphalt,grade1,versiegelt,0.334,0.334,0.333,0.333
1149386535,compacted,grade4,versiegelt,0.334,0.334,0.333,0.333
1149386856,asphalt,grade1,versiegelt,0.334,0.334,0.333,0.333
1149948219,asphalt,grade1,versiegelt,0.334,0.334,0.333,0.333
1149948587,asphalt,grade1,versiegelt,0.334,0.334,0.333,0.333
1149954625,compacted,grade2,versiegelt,0.334,0.334,0.333,0.333
1149972857,asphalt,unknown,versiegelt,0.334,0.334,0.333,0.333
1150677831,asphalt,unknown,versiegelt,0.334,0.334,0.333,0.333
1150749012,grass,grade5,versiegelt,0.334,0.334,0.333,0.333
1150758058,compacted,unknown,versiegelt,0.334,0.334,0.333,0.333
1153602297,dirt,unknown,versiegelt,0.334,0.334,0.333,0.333
1161301912,grass,unknown,versiegelt,0.334,0.334,0.333,0.333
1167845801,grass,grade5,versiegelt,0.334,0.334,0.333,0.333
1167845803,grass,grade5,versiegelt,0.334,0.334,0.333,0.333
1174012808,asphalt,unknown,versiegelt,0.334,0.334,0.333,0.333
1174018683,asphalt,unknown,versiegelt,0.334,0.334,0.333,0.333
1174708636,concrete,grade1,versiegelt,0.334,0.334,0.333,0.333
1208320259,asphalt,grade1,versiegelt,0.334,0.334,0.333,0.333
1208844902,paved,grade1,versiegelt,0.334,0.334,0.333,0.333
1213628350,grass,grade5,versiegelt,0.334,0.334,0.333,0.333
1217271105,asphalt,grade1,versiegelt,0.334,0.334,0.333,0.333
1220956033,grass,grade5,versiegelt,0.334,0.334,0.333,0.333
1224035369,asphalt,unknown,versiegelt,0.334,0.334,0.333,0.333
1240647655,asphalt,unknown,versiegelt,0.334,0.334,0.333,0.333
1243493559,grass,unknown,versiegelt,0.334,0.334,0.333,0.333
1264138742,asphalt,grade1,versiegelt,0.334,0.334,0.333,0.333
1264138746,asphalt,unknown,versiegelt,0.334,0.334,0.333,0.333
1264145337,grass,unknown,versiegelt,0.334,0.334,0.333,0.333
1264855160,dirt,grade4,versiegelt,0.334,0.334,0.333,0.333
1272293243,asphalt,unknown,versiegelt,0.334,0.334,0.333,0.333
1274344640,asphalt,unknown,versiegelt,0.334,0.334,0.333,0.333
1274344641,asphalt,unknown,versiegelt,0.334,0.334,0.333,0.333
1274344642,asphalt,unknown,versiegelt,0.334,0.334,0.333,0.333
1274344643,asphalt,unknown,versiegelt,0.334,0.334,0.333,0.333
1277668143,grass,grade4,versiegelt,0.334,0.334,0.333,0.333
1277668144,grass,grade5,versiegelt,0.334,0.334,0.333,0.333
1279301883,grass,grade5,versiegelt,0.334,0.334,0.333,0.333
1279301884,grass,grade5,versiegelt,0.334,0.334,0.333,0.333
1279301885,grass,grade5,versiegelt,0.334,0.334,0.333,0.333
1284651615,asphalt,grade1,versiegelt,0.334,0.334,0.333,0.333
1305542063,paved,grade2,versiegelt,0.334,0.334,0.333,0.333
1317428113,gravel,grade2,versiegelt,0.334,0.334,0.333,0.333
1317428114,grass,grade5,versiegelt,0.334,0.334,0.333,0.333
1319235430,asphalt,grade1,versiegelt,0.334,0.334,0.333,0.333
1319239900,asphalt,grade2,versiegelt,0.334,0.334,0.333,0.333
1320129712,asphalt,grade1,versiegelt,0.334,0.334,0.333,0.333
1320705493,asphalt,unknown,versiegelt,0.334,0.334,0.333,0.333
1320705495,grass,unknown,versiegelt,0.334,0.334,0.333,0.333
1334410591,grass,unknown,versiegelt,0.334,0.334,0.333,0.333
1344383177,grass,grade5,versiegelt,0.334,0.334,0.333,0.333
1347196357,gravel,grade2,versiegelt,0.334,0.334,0.333,0.333
1352483990,asphalt,unknown,versiegelt,0.334,0.334,0.333,0.333
1354384804,dirt,unknown,versiegelt,0.334,0.334,0.333,0.333
1354384806,gravel,unknown,versiegelt,0.334,0.334,0.333,0.333
1354384821,grass,grade5,versiegelt,0.334,0.334,0.333,0.333
1355985945,grass,grade5,versiegelt,0.334,0.334,0.333,0.333
1355985946,grass,grade5,versiegelt,0.334,0.334,0.333,0.333
1355985947,grass,grade5,versiegelt,0.334,0.334,0.333,0.333
1355990272,compacted,grade2,versiegelt,0.334,0.334,0.333,0.333
1355991952,compacted,unknown,versiegelt,0.334,0.334,0.333,0.333
1355991954,asphalt,grade1,versiegelt,0.334,0.334,0.333,0.333
1355991955,compacted,grade3,versiegelt,0.334,0.334,0.333,0.333
1355991956,compacted,grade2,versiegelt,0.334,0.334,0.333,0.333
1355991957,asphalt,grade1,versiegelt,0.334,0.334,0.333,0.333
1355991958,asphalt,unknown,versiegelt,0.334,0.334,0.333,0.333
1355991959,asphalt,unknown,versiegelt,0.334,0.334,0.333,0.333
1355995183,asphalt,grade1,versiegelt,0.334,0.334,0.333,0.333
1356005599,grass,grade5,versiegelt,0.334,0.334,0.333,0.333
1358425958,asphalt,unknown,versiegelt,0.334,0.334,0.333,0.333
1385031869,grass,grade5,versiegelt,0.334,0.334,0.333,0.333
1385031870,asphalt,unknown,versiegelt,0.334,0.334,0.333,0.333
1385852131,asphalt,unknown,versiegelt,0.334,0.334,0.333,0.333
1387097405,paved,unknown,versiegelt,0.334,0.334,0.333,0.333
1388076112,grass,grade5,versiegelt,0.334,0.334,0.333,0.333
1389221159,asphalt,unknown,versiegelt,0.334,0.334,0.333,0.333
1394007540,grass,grade5,versiegelt,0.334,0.334,0.333,0.333
1395819260,grass,unknown,versiegelt,0.334,0.334,0.333,0.333
1411458602,asphalt,unknown,versiegelt,0.334,0.334,0.333,0.333
1411774515,compacted,unknown,versiegelt,0.334,0.334,0.333,0.333
1418691179,asphalt,unknown,versiegelt,0.334,0.334,0.333,0.333
1421664062,compacted,grade3,versiegelt,0.334,0.334,0.333,0.333
1442139072,grass,grade4,versiegelt,0.334,0.334,0.333,0.333
1449419426,paved,unknown,versiegelt,0.334,0.334,0.333,0.333
1449419427,paved,unknown,versiegelt,0.334,0.334,0.333,0.333
1449419432,asphalt,unknown,versiegelt,0.334,0.334,0.333,0.333
1449419441,paved,unknown,versiegelt,0.334,0.334,0.333,0.333
1469020657,compacted,grade2,versiegelt,0.334,0.334,0.333,0.333
1469632383,asphalt,unknown,versiegelt,0.334,0.334,0.333,0.333
1492356133,gravel,grade3,versiegelt,0.334,0.334,0.333,0.333
1492356134,gravel,grade2,versiegelt,0.334,0.334,0.333,0.333
1497109745,asphalt,unknown,versiegelt,0.334,0.334,0.333,0.333
1497699177,grass,unknown,versiegelt,0.334,0.334,0.333,0.333
1500138816,asphalt,grade1,versiegelt,0.334,0.334,0.333,0.333
1505386246,asphalt,unknown,versiegelt,0.334,0.334,0.333,0.333
1505386247,asphalt,unknown,versiegelt,0.334,0.334,0.333,0.333
1505386248,asphalt,unknown,versiegelt,0.334,0.334,0.333,0.333
1505386964,gravel,grade2,versiegelt,0.334,0.334,0.333,0.333
1505386965,gravel,grade2,versiegelt,0.334,0.334,0.333,0.333
1508987621,asphalt,unknown,versiegelt,0.334,0.334,0.333,0.333
1508987622,asphalt,unknown,versiegelt,0.334,0.334,0.333,0.333
1508987623,asphalt,unknown,versiegelt,0.334,0.334,0.333,0.333
8048829,unknown,unknown,versiegelt,0.334,0.334,0.333,0.333
10662228,unknown,unknown,versiegelt,0.334,0.334,0.333,0.333
18931565,paving_stones,unknown,versiegelt,0.334,0.334,0.333,0.333
22931366,paving_stones,unknown,versiegelt,0.334,0.334,0.333,0.333
22931445,unknown,unknown,versiegelt,0.334,0.334,0.333,0.333
22932554,unknown,unknown,versiegelt,0.334,0.334,0.333,0.333
22932564,unknown,unknown,versiegelt,0.334,0.334,0.333,0.333
22932568,cobblestone,unknown,versiegelt,0.334,0.334,0.333,0.333
22932633,unknown,unknown,versiegelt,0.334,0.334,0.333,0.333
23264948,unknown,unknown,versiegelt,0.334,0.334,0.333,0.333
23372978,paving_stones,unknown,versiegelt,0.334,0.334,0.333,0.333
23372980,paving_stones,unknown,versiegelt,0.334,0.334,0.333,0.333
23373016,paving_stones,unknown,versiegelt,0.334,0.334,0.333,0.333
23373017,paving_stones,unknown,versiegelt,0.334,0.334,0.333,0.333
23373026,paving_stones,unknown,versiegelt,0.334,0.334,0.333,0.333
23373030,paving_stones,unknown,versiegelt,0.334,0.334,0.333,0.333
23375538,paving_stones,unknown,versiegelt,0.334,0.334,0.333,0.333
23375549,unknown,unknown,versiegelt,0.334,0.334,0.333,0.333
23385407,unknown,grade2,versiegelt,0.334,0.334,0.333,0.333
23396235,unknown,unknown,versiegelt,0.334,0.334,0.333,0.333
23396333,paving_stones,unknown,versiegelt,0.334,0.334,0.333,0.333
23398112,unknown,unknown,versiegelt,0.334,0.334,0.333,0.333
23823693,cobblestone,unknown,versiegelt,0.334,0.334,0.333,0.333
24579404,unknown,grade1,versiegelt,0.334,0.334,0.333,0.333
25050509,unknown,unknown,versiegelt,0.334,0.334,0.333,0.333
25050510,unknown,unknown,versiegelt,0.334,0.334,0.333,0.333
25050512,unknown,unknown,versiegelt,0.334,0.334,0.333,0.333
25050513,unknown,unknown,versiegelt,0.334,0.334,0.333,0.333
25050521,ground,grade1,versiegelt,0.334,0.334,0.333,0.333
25050524,paving_stones,unknown,versiegelt,0.334,0.334,0.333,0.333
25050525,paving_stones,grade1,versiegelt,0.334,0.334,0.333,0.333
25050530,unknown,grade2,versiegelt,0.334,0.334,0.333,0.333
25050531,grass_paver,grade3,versiegelt,0.334,0.334,0.333,0.333
25050532,unknown,grade2,versiegelt,0.334,0.334,0.333,0.333
25050536,unknown,unknown,versiegelt,0.334,0.334,0.333,0.333
25050537,unknown,unknown,versiegelt,0.334,0.334,0.333,0.333
25050544,ground,grade3,versiegelt,0.334,0.334,0.333,0.333
25050547,unknown,grade2,versiegelt,0.334,0.334,0.333,0.333
25050556,sett,unknown,versiegelt,0.334,0.334,0.333,0.333
25050573,paving_stones,unknown,versiegelt,0.334,0.334,0.333,0.333
25050587,pebblestone,grade2,versiegelt,0.334,0.334,0.333,0.333
25112479,unknown,unknown,versiegelt,0.334,0.334,0.333,0.333
25112767,paving_stones,unknown,versiegelt,0.334,0.334,0.333,0.333
25346648,unknown,grade1,versiegelt,0.334,0.334,0.333,0.333
25346653,unknown,grade1,versiegelt,0.334,0.334,0.333,0.333
25455428,unknown,unknown,versiegelt,0.334,0.334,0.333,0.333
25455702,unknown,grade4,versiegelt,0.334,0.334,0.333,0.333
25523436,unknown,grade1,versiegelt,0.334,0.334,0.333,0.333
25766282,unknown,unknown,versiegelt,0.334,0.334,0.333,0.333
25766283,unknown,unknown,versiegelt,0.334,0.334,0.333,0.333
26191262,unknown,grade2,versiegelt,0.334,0.334,0.333,0.333
26191264,unknown,grade5,versiegelt,0.334,0.334,0.333,0.333
26281107,unknown,grade2,versiegelt,0.334,0.334,0.333,0.333
26281117,unknown,grade3,versiegelt,0.334,0.334,0.333,0.333
26281118,unknown,grade3,versiegelt,0.334,0.334,0.333,0.333
26281123,unknown,grade2,versiegelt,0.334,0.334,0.333,0.333
26281124,unknown,grade4,versiegelt,0.334,0.334,0.333,0.333
26281126,unknown,grade3,versiegelt,0.334,0.334,0.333,0.333
26281130,unknown,grade3,versiegelt,0.334,0.334,0.333,0.333
26297933,unknown,grade2,versiegelt,0.334,0.334,0.333,0.333
26531070,unknown,grade5,versiegelt,0.334,0.334,0.333,0.333
26531507,unknown,grade2,versiegelt,0.334,0.334,0.333,0.333
26531508,unknown,grade2,versiegelt,0.334,0.334,0.333,0.333
26531510,unknown,grade5,versiegelt,0.334,0.334,0.333,0.333
26531511,unknown,grade5,versiegelt,0.334,0.334,0.333,0.333
26531512,unknown,grade5,versiegelt,0.334,0.334,0.333,0.333
26531513,unknown,grade5,versiegelt,0.334,0.334,0.333,0.333
26531515,unknown,grade5,versiegelt,0.334,0.334,0.333,0.333
26531516,unknown,unknown,versiegelt,0.334,0.334,0.333,0.333
26531517,unknown,grade5,versiegelt,0.334,0.334,0.333,0.333
26531518,unknown,grade5,versiegelt,0.334,0.334,0.333,0.333
26531519,unknown,grade5,versiegelt,0.334,0.334,0.333,0.333
26531520,unknown,unknown,versiegelt,0.334,0.334,0.333,0.333
26531522,unknown,grade5,versiegelt,0.334,0.334,0.333,0.333
26531523,unknown,grade5,versiegelt,0.334,0.334,0.333,0.333
26531524,unknown,grade5,versiegelt,0.334,0.334,0.333,0.333
26531525,unknown,unknown,versiegelt,0.334,0.334,0.333,0.333
26531617,unknown,unknown,versiegelt,0.334,0.334,0.333,0.333
26531618,unknown,grade5,versiegelt,0.334,0.334,0.333,0.333
26531619,unknown,grade5,versiegelt,0.334,0.334,0.333,0.333
26531620,unknown,grade5,versiegelt,0.334,0.334,0.333,0.333
26531621,unknown,grade5,versiegelt,0.334,0.334,0.333,0.333
26531623,unknown,grade5,versiegelt,0.334,0.334,0.333,0.333
26531624,unknown,grade5,versiegelt,0.334,0.334,0.333,0.333
26531626,unknown,grade5,versiegelt,0.334,0.334,0.333,0.333
26531628,unknown,grade5,versiegelt,0.334,0.334,0.333,0.333
26531630,unknown,grade5,versiegelt,0.334,0.334,0.333,0.333
26531631,unknown,grade5,versiegelt,0.334,0.334,0.333,0.333
26531812,unknown,unknown,versiegelt,0.334,0.334,0.333,0.333
26532249,unknown,grade5,versiegelt,0.334,0.334,0.333,0.333
26532250,unknown,grade5,versiegelt,0.334,0.334,0.333,0.333
26532251,unknown,grade5,versiegelt,0.334,0.334,0.333,0.333
26532252,unknown,grade5,versiegelt,0.334,0.334,0.333,0.333
26532256,unknown,grade5,versiegelt,0.334,0.334,0.333,0.333
26933487,unknown,grade1,versiegelt,0.334,0.334,0.333,0.333
27320847,unknown,unknown,versiegelt,0.334,0.334,0.333,0.333
27364322,unknown,unknown,versiegelt,0.334,0.334,0.333,0.333
27366127,unknown,unknown,versiegelt,0.334,0.334,0.333,0.333
27492843,unknown,grade1,versiegelt,0.334,0.334,0.333,0.333
27495915,unknown,grade2,versiegelt,0.334,0.334,0.333,0.333
27540906,unknown,grade2,versiegelt,0.334,0.334,0.333,0.333
27589203,paving_stones,unknown,versiegelt,0.334,0.334,0.333,0.333
27836764,unknown,grade3,versiegelt,0.334,0.334,0.333,0.333
27836765,unknown,grade3,versiegelt,0.334,0.334,0.333,0.333
27836779,unknown,grade1,versiegelt,0.334,0.334,0.333,0.333
27837186,ground,grade3,versiegelt,0.334,0.334,0.333,0.333
27837187,unknown,grade3,versiegelt,0.334,0.334,0.333,0.333
27837188,unknown,grade3,versiegelt,0.334,0.334,0.333,0.333
27837502,unknown,grade3,versiegelt,0.334,0.334,0.333,0.333
27837505,unknown,grade4,versiegelt,0.334,0.334,0.333,0.333
27940147,unknown,grade5,versiegelt,0.334,0.334,0.333,0.333
28047314,unknown,grade2,versiegelt,0.334,0.334,0.333,0.333
28047315,unknown,grade5,versiegelt,0.334,0.334,0.333,0.333
28047317,unknown,grade5,versiegelt,0.334,0.334,0.333,0.333
28128055,unknown,unknown,versiegelt,0.334,0.334,0.333,0.333
28484615,unknown,unknown,versiegelt,0.334,0.334,0.333,0.333
28484616,unknown,unknown,versiegelt,0.334,0.334,0.333,0.333
28665713,ground,grade4,versiegelt,0.334,0.334,0.333,0.333
29248473,unknown,grade4,versiegelt,0.334,0.334,0.333,0.333
29248474,unknown,grade2,versiegelt,0.334,0.334,0.333,0.333
29248475,pebblestone,grade2,versiegelt,0.334,0.334,0.333,0.333
29319687,unknown,grade3,versiegelt,0.334,0.334,0.333,0.333
29588524,unknown,grade2,versiegelt,0.334,0.334,0.333,0.333
29589267,ground,grade3,versiegelt,0.334,0.334,0.333,0.333
29986901,unknown,grade2,versiegelt,0.334,0.334,0.333,0.333
29987140,ground,grade3,versiegelt,0.334,0.334,0.333,0.333
29987142,unknown,grade1,versiegelt,0.334,0.334,0.333,0.333
29987183,unknown,grade3,versiegelt,0.334,0.334,0.333,0.333
30443158,sett,unknown,versiegelt,0.334,0.334,0.333,0.333
30729245,paving_stones,unknown,versiegelt,0.334,0.334,0.333,0.333
30839840,unknown,unknown,versiegelt,0.334,0.334,0.333,0.333
31316443,unknown,grade2,versiegelt,0.334,0.334,0.333,0.333
31317672,unknown,grade2,versiegelt,0.334,0.334,0.333,0.333
31651085,unknown,unknown,versiegelt,0.334,0.334,0.333,0.333
31651316,paving_stones,unknown,versiegelt,0.334,0.334,0.333,0.333
31651426,grass_paver,unknown,versiegelt,0.334,0.334,0.333,0.333
31651654,ground,unknown,versiegelt,0.334,0.334,0.333,0.333
32143626,paving_stones,unknown,versiegelt,0.334,0.334,0.333,0.333
32143710,ground,unknown,versiegelt,0.334,0.334,0.333,0.333
32145320,unknown,grade1,versiegelt,0.334,0.334,0.333,0.333
32145782,unknown,grade1,versiegelt,0.334,0.334,0.333,0.333
32145784,unknown,grade1,versiegelt,0.334,0.334,0.333,0.333
32145792,ground,unknown,versiegelt,0.334,0.334,0.333,0.333
32145806,unknown,grade2,versiegelt,0.334,0.334,0.333,0.333
32146860,ground,grade2,versiegelt,0.334,0.334,0.333,0.333
32147398,unknown,grade1,versiegelt,0.334,0.334,0.333,0.333
32147401,unknown,grade2,versiegelt,0.334,0.334,0.333,0.333
32149370,ground,grade3,versiegelt,0.334,0.334,0.333,0.333
32397980,asphalt;gravel,unknown,versiegelt,0.334,0.334,0.333,0.333
32397988,unknown,unknown,versiegelt,0.334,0.334,0.333,0.333
32399768,unknown,grade3,versiegelt,0.334,0.334,0.333,0.333
32399772,earth,grade4,versiegelt,0.334,0.334,0.333,0.333
32399773,unknown,grade4,versiegelt,0.334,0.334,0.333,0.333
32399775,unknown,unknown,versiegelt,0.334,0.334,0.333,0.333
32399776,ground,grade2,versiegelt,0.334,0.334,0.333,0.333
32399777,unknown,unknown,versiegelt,0.334,0.334,0.333,0.333
32399778,unknown,grade4,versiegelt,0.334,0.334,0.333,0.333
32399785,unknown,unknown,versiegelt,0.334,0.334,0.333,0.333
32399792,unknown,unknown,versiegelt,0.334,0.334,0.333,0.333
32402350,unknown,unknown,versiegelt,0.334,0.334,0.333,0.333
32402351,unknown,unknown,versiegelt,0.334,0.334,0.333,0.333
32402361,unknown,grade2,versiegelt,0.334,0.334,0.333,0.333
32429887,unknown,grade2,versiegelt,0.334,0.334,0.333,0.333
32430056,unknown,grade1,versiegelt,0.334,0.334,0.333,0.333
32469436,unknown,unknown,versiegelt,0.334,0.334,0.333,0.333
32469516,unknown,grade3,versiegelt,0.334,0.334,0.333,0.333
33174368,ground,grade4,versiegelt,0.334,0.334,0.333,0.333
33278837,unknown,grade3,versiegelt,0.334,0.334,0.333,0.333
33279150,unknown,unknown,versiegelt,0.334,0.334,0.333,0.333
33279246,unknown,unknown,versiegelt,0.334,0.334,0.333,0.333
33283961,unknown,unknown,versiegelt,0.334,0.334,0.333,0.333
33505744,ground,unknown,versiegelt,0.334,0.334,0.333,0.333
33505781,unknown,grade3,versiegelt,0.334,0.334,0.333,0.333
33630881,ground,grade4,versiegelt,0.334,0.334,0.333,0.333
33630902,ground,grade3,versiegelt,0.334,0.334,0.333,0.333
33733384,unknown,grade1,versiegelt,0.334,0.334,0.333,0.333
33837764,unknown,unknown,versiegelt,0.334,0.334,0.333,0.333
33885720,unknown,unknown,versiegelt,0.334,0.334,0.333,0.333
34303809,unknown,unknown,versiegelt,0.334,0.334,0.333,0.333
34418277,unknown,grade2,versiegelt,0.334,0.334,0.333,0.333
34418286,unknown,grade1,versiegelt,0.334,0.334,0.333,0.333
34418288,unknown,grade1,versiegelt,0.334,0.334,0.333,0.333
34505491,unknown,grade1,versiegelt,0.334,0.334,0.333,0.333
34508952,unknown,grade2,versiegelt,0.334,0.334,0.333,0.333
34510894,unknown,grade3,versiegelt,0.334,0.334,0.333,0.333
34510895,unknown,grade1,versiegelt,0.334,0.334,0.333,0.333
34510911,unknown,grade2,versiegelt,0.334,0.334,0.333,0.333
34510913,unknown,unknown,versiegelt,0.334,0.334,0.333,0.333
34510914,unknown,grade1,versiegelt,0.334,0.334,0.333,0.333
34510923,unknown,grade3,versiegelt,0.334,0.334,0.333,0.333
34510926,unknown,grade1,versiegelt,0.334,0.334,0.333,0.333
34510935,unknown,unknown,versiegelt,0.334,0.334,0.333,0.333
34606635,unknown,grade1,versiegelt,0.334,0.334,0.333,0.333
34606636,unknown,grade1,versiegelt,0.334,0.334,0.333,0.333
34606638,unknown,grade2,versiegelt,0.334,0.334,0.333,0.333
34606639,unknown,grade3,versiegelt,0.334,0.334,0.333,0.333
34606642,unknown,grade2,versiegelt,0.334,0.334,0.333,0.333
34606644,unknown,grade2,versiegelt,0.334,0.334,0.333,0.333
34606647,unknown,grade3,versiegelt,0.334,0.334,0.333,0.333
34606661,unknown,grade1,versiegelt,0.334,0.334,0.333,0.333
34606686,unknown,grade1,versiegelt,0.334,0.334,0.333,0.333
34606710,unknown,unknown,versiegelt,0.334,0.334,0.333,0.333
34606713,unknown,grade1,versiegelt,0.334,0.334,0.333,0.333
34606714,unknown,unknown,versiegelt,0.334,0.334,0.333,0.333
34622628,unknown,grade1,versiegelt,0.334,0.334,0.333,0.333
34622654,unknown,grade1,versiegelt,0.334,0.334,0.333,0.333
34622657,unknown,unknown,versiegelt,0.334,0.334,0.333,0.333
34967234,unknown,grade3,versiegelt,0.334,0.334,0.333,0.333
34967235,unknown,grade5,versiegelt,0.334,0.334,0.333,0.333
34967659,unknown,unknown,versiegelt,0.334,0.334,0.333,0.333
35038471,unknown,unknown,versiegelt,0.334,0.334,0.333,0.333
35038483,unknown,unknown,versiegelt,0.334,0.334,0.333,0.333
35038491,unknown,grade1,versiegelt,0.334,0.334,0.333,0.333
35038497,unknown,grade1,versiegelt,0.334,0.334,0.333,0.333
35038509,unknown,grade1,versiegelt,0.334,0.334,0.333,0.333
35038510,unknown,grade3,versiegelt,0.334,0.334,0.333,0.333
35038511,unknown,grade2,versiegelt,0.334,0.334,0.333,0.333
35038512,unknown,grade1,versiegelt,0.334,0.334,0.333,0.333
35038515,unknown,grade1,versiegelt,0.334,0.334,0.333,0.333
35038552,unknown,grade4,versiegelt,0.334,0.334,0.333,0.333
35328599,unknown,grade2,versiegelt,0.334,0.334,0.333,0.333
35331956,unknown,grade3,versiegelt,0.334,0.334,0.333,0.333
35332945,unknown,grade3,versiegelt,0.334,0.334,0.333,0.333
35332947,unknown,grade2,versiegelt,0.334,0.334,0.333,0.333
35332951,unknown,grade5,versiegelt,0.334,0.334,0.333,0.333
35332953,unknown,grade5,versiegelt,0.334,0.334,0.333,0.333
35332954,unknown,grade1,versiegelt,0.334,0.334,0.333,0.333
35332955,unknown,grade5,versiegelt,0.334,0.334,0.333,0.333
35332960,unknown,unknown,versiegelt,0.334,0.334,0.333,0.333
35332963,unknown,unknown,versiegelt,0.334,0.334,0.333,0.333
35334063,unknown,unknown,versiegelt,0.334,0.334,0.333,0.333
35471407,unknown,grade2,versiegelt,0.334,0.334,0.333,0.333
35471411,unknown,grade1,versiegelt,0.334,0.334,0.333,0.333
35471413,unknown,grade3,versiegelt,0.334,0.334,0.333,0.333
35471436,unknown,grade2,versiegelt,0.334,0.334,0.333,0.333
35471437,unknown,grade2,versiegelt,0.334,0.334,0.333,0.333
35471438,unknown,grade2,versiegelt,0.334,0.334,0.333,0.333
35471439,unknown,grade1,versiegelt,0.334,0.334,0.333,0.333
35471443,unknown,grade1,versiegelt,0.334,0.334,0.333,0.333
35471444,unknown,grade1,versiegelt,0.334,0.334,0.333,0.333
35471445,unknown,grade2,versiegelt,0.334,0.334,0.333,0.333
35471446,unknown,grade2,versiegelt,0.334,0.334,0.333,0.333
35471447,unknown,grade2,versiegelt,0.334,0.334,0.333,0.333
35471450,unknown,unknown,versiegelt,0.334,0.334,0.333,0.333
35471459,unknown,unknown,versiegelt,0.334,0.334,0.333,0.333
35471463,unknown,unknown,versiegelt,0.334,0.334,0.333,0.333
35471464,unknown,grade1,versiegelt,0.334,0.334,0.333,0.333
35838667,unknown,grade3,versiegelt,0.334,0.334,0.333,0.333
35899229,ground,grade4,versiegelt,0.334,0.334,0.333,0.333
35916791,asphalt-grass-asphalt,grade1,versiegelt,0.334,0.334,0.333,0.333
35917281,unknown,grade4,versiegelt,0.334,0.334,0.333,0.333
35917282,unknown,grade1,versiegelt,0.334,0.334,0.333,0.333
35917283,unknown,grade5,versiegelt,0.334,0.334,0.333,0.333
35917284,ground,grade3,versiegelt,0.334,0.334,0.333,0.333
35917286,unknown,unknown,versiegelt,0.334,0.334,0.333,0.333
35917289,unknown,unknown,versiegelt,0.334,0.334,0.333,0.333
35917290,unknown,grade2,versiegelt,0.334,0.334,0.333,0.333
35918741,unknown,grade2,versiegelt,0.334,0.334,0.333,0.333
35918745,unknown,grade1,versiegelt,0.334,0.334,0.333,0.333
35918752,paving_stones,unknown,versiegelt,0.334,0.334,0.333,0.333
35918755,unknown,grade1,versiegelt,0.334,0.334,0.333,0.333
35918756,unknown,unknown,versiegelt,0.334,0.334,0.333,0.333
35918757,unknown,unknown,versiegelt,0.334,0.334,0.333,0.333
35918758,unknown,grade1,versiegelt,0.334,0.334,0.333,0.333
35918763,unknown,unknown,versiegelt,0.334,0.334,0.333,0.333
35918768,unknown,unknown,versiegelt,0.334,0.334,0.333,0.333
35918769,cobblestone,unknown,versiegelt,0.334,0.334,0.333,0.333
35918770,cobblestone,unknown,versiegelt,0.334,0.334,0.333,0.333
35918775,paving_stones,unknown,versiegelt,0.334,0.334,0.333,0.333
35918777,unknown,unknown,versiegelt,0.334,0.334,0.333,0.333
36364579,unknown,grade1,versiegelt,0.334,0.334,0.333,0.333
36364620,unknown,grade3,versiegelt,0.334,0.334,0.333,0.333
36889719,unknown,unknown,versiegelt,0.334,0.334,0.333,0.333
37296817,unknown,unknown,versiegelt,0.334,0.334,0.333,0.333
37299106,unknown,unknown,versiegelt,0.334,0.334,0.333,0.333
37299112,unknown,unknown,versiegelt,0.334,0.334,0.333,0.333
37299115,unknown,unknown,versiegelt,0.334,0.334,0.333,0.333
37299116,unknown,unknown,versiegelt,0.334,0.334,0.333,0.333
37300040,unknown,unknown,versiegelt,0.334,0.334,0.333,0.333
37300048,unknown,unknown,versiegelt,0.334,0.334,0.333,0.333
37300053,unknown,unknown,versiegelt,0.334,0.334,0.333,0.333
37556228,ground,grade2,versiegelt,0.334,0.334,0.333,0.333
37641587,unknown,grade2,versiegelt,0.334,0.334,0.333,0.333
37641798,unknown,grade2,versiegelt,0.334,0.334,0.333,0.333
37641799,unknown,grade3,versiegelt,0.334,0.334,0.333,0.333
37641800,unknown,grade3,versiegelt,0.334,0.334,0.333,0.333
37641801,unknown,grade3,versiegelt,0.334,0.334,0.333,0.333
37641802,unknown,grade3,versiegelt,0.334,0.334,0.333,0.333
37641804,unknown,grade3,versiegelt,0.334,0.334,0.333,0.333
37773364,paving_stones,unknown,versiegelt,0.334,0.334,0.333,0.333
37797821,unknown,grade1,versiegelt,0.334,0.334,0.333,0.333
37797824,unknown,unknown,versiegelt,0.334,0.334,0.333,0.333
37797829,unknown,unknown,versiegelt,0.334,0.334,0.333,0.333
37797830,unknown,unknown,versiegelt,0.334,0.334,0.333,0.333
37831565,unknown,grade1,versiegelt,0.334,0.334,0.333,0.333
38059641,unknown,grade1,versiegelt,0.334,0.334,0.333,0.333
38059643,unknown,grade1,versiegelt,0.334,0.334,0.333,0.333
38059654,unknown,grade1,versiegelt,0.334,0.334,0.333,0.333
38059697,unknown,grade1,versiegelt,0.334,0.334,0.333,0.333
38069204,unknown,grade1,versiegelt,0.334,0.334,0.333,0.333
38069209,unknown,unknown,versiegelt,0.334,0.334,0.333,0.333
38069455,unknown,grade1,versiegelt,0.334,0.334,0.333,0.333
38069456,unknown,grade5,versiegelt,0.334,0.334,0.333,0.333
38069465,unknown,grade1,versiegelt,0.334,0.334,0.333,0.333
38073452,ground,grade3,versiegelt,0.334,0.334,0.333,0.333
38075037,unknown,grade1,versiegelt,0.334,0.334,0.333,0.333
38085257,unknown,unknown,versiegelt,0.334,0.334,0.333,0.333
38085690,unknown,grade2,versiegelt,0.334,0.334,0.333,0.333
38120445,ground,grade3,versiegelt,0.334,0.334,0.333,0.333
38212297,unknown,unknown,versiegelt,0.334,0.334,0.333,0.333
38212313,unknown,grade5,versiegelt,0.334,0.334,0.333,0.333
38537503,unknown,grade2,versiegelt,0.334,0.334,0.333,0.333
38537504,unknown,unknown,versiegelt,0.334,0.334,0.333,0.333
38537505,unknown,grade3,versiegelt,0.334,0.334,0.333,0.333
38537506,unknown,grade3,versiegelt,0.334,0.334,0.333,0.333
38537766,unknown,unknown,versiegelt,0.334,0.334,0.333,0.333
38537768,unknown,grade2,versiegelt,0.334,0.334,0.333,0.333
38537769,unknown,grade2,versiegelt,0.334,0.334,0.333,0.333
38537770,unknown,grade3,versiegelt,0.334,0.334,0.333,0.333
38537771,unknown,unknown,versiegelt,0.334,0.334,0.333,0.333
38537772,unknown,unknown,versiegelt,0.334,0.334,0.333,0.333
38537773,unknown,grade3,versiegelt,0.334,0.334,0.333,0.333
38668042,unknown,grade1,versiegelt,0.334,0.334,0.333,0.333
38673924,unknown,unknown,versiegelt,0.334,0.334,0.333,0.333
38765676,unknown,grade3,versiegelt,0.334,0.334,0.333,0.333
38765677,ground,grade3,versiegelt,0.334,0.334,0.333,0.333
38775129,unknown,grade1,versiegelt,0.334,0.334,0.333,0.333
38775138,unknown,grade3,versiegelt,0.334,0.334,0.333,0.333
38930603,unknown,unknown,versiegelt,0.334,0.334,0.333,0.333
38930604,unknown,unknown,versiegelt,0.334,0.334,0.333,0.333
38930605,unknown,unknown,versiegelt,0.334,0.334,0.333,0.333
38930607,unknown,unknown,versiegelt,0.334,0.334,0.333,0.333
38930608,unknown,unknown,versiegelt,0.334,0.334,0.333,0.333
39021951,unknown,unknown,versiegelt,0.334,0.334,0.333,0.333
39021952,unknown,unknown,versiegelt,0.334,0.334,0.333,0.333
39184347,unknown,grade1,versiegelt,0.334,0.334,0.333,0.333
39184379,unknown,grade3,versiegelt,0.334,0.334,0.333,0.333
39184467,unknown,grade3,versiegelt,0.334,0.334,0.333,0.333
39184482,unknown,grade1,versiegelt,0.334,0.334,0.333,0.333
39185219,unknown,unknown,versiegelt,0.334,0.334,0.333,0.333
39186806,unknown,grade1,versiegelt,0.334,0.334,0.333,0.333
39186946,unknown,grade1,versiegelt,0.334,0.334,0.333,0.333
39187214,unknown,unknown,versiegelt,0.334,0.334,0.333,0.333
39187234,unknown,unknown,versiegelt,0.334,0.334,0.333,0.333
39429080,ground,grade2,versiegelt,0.334,0.334,0.333,0.333
39429242,ground,unknown,versiegelt,0.334,0.334,0.333,0.333
40028975,unknown,unknown,versiegelt,0.334,0.334,0.333,0.333
40491430,unknown,unknown,versiegelt,0.334,0.334,0.333,0.333
40526864,unknown,unknown,versiegelt,0.334,0.334,0.333,0.333
40526865,unknown,grade2,versiegelt,0.334,0.334,0.333,0.333
40526867,unknown,grade3,versiegelt,0.334,0.334,0.333,0.333
40526876,unknown,grade5,versiegelt,0.334,0.334,0.333,0.333
40526877,unknown,grade1,versiegelt,0.334,0.334,0.333,0.333
40526879,unknown,grade5,versiegelt,0.334,0.334,0.333,0.333
40526883,unknown,grade1,versiegelt,0.334,0.334,0.333,0.333
40526884,unknown,grade1,versiegelt,0.334,0.334,0.333,0.333
40526885,unknown,grade5,versiegelt,0.334,0.334,0.333,0.333
40526886,unknown,grade1,versiegelt,0.334,0.334,0.333,0.333
40526887,unknown,unknown,versiegelt,0.334,0.334,0.333,0.333
40527817,unknown,grade1,versiegelt,0.334,0.334,0.333,0.333
40527820,unknown,unknown,versiegelt,0.334,0.334,0.333,0.333
40527825,unknown,grade5,versiegelt,0.334,0.334,0.333,0.333
40527826,unknown,grade1,versiegelt,0.334,0.334,0.333,0.333
40527828,unknown,grade5,versiegelt,0.334,0.334,0.333,0.333
40527832,unknown,unknown,versiegelt,0.334,0.334,0.333,0.333
40527833,unknown,unknown,versiegelt,0.334,0.334,0.333,0.333
40527837,unknown,grade1,versiegelt,0.334,0.334,0.333,0.333
40582774,unknown,unknown,versiegelt,0.334,0.334,0.333,0.333
40582784,unknown,grade1,versiegelt,0.334,0.334,0.333,0.333
40582789,unknown,grade5,versiegelt,0.334,0.334,0.333,0.333
40653733,unknown,grade5,versiegelt,0.334,0.334,0.333,0.333
40653738,unknown,grade5,versiegelt,0.334,0.334,0.333,0.333
40653739,unknown,grade1,versiegelt,0.334,0.334,0.333,0.333
40671692,coarse_gravel,grade4,versiegelt,0.334,0.334,0.333,0.333
40704604,unknown,unknown,versiegelt,0.334,0.334,0.333,0.333
40705043,ground,grade4,versiegelt,0.334,0.334,0.333,0.333
40705044,ground,grade4,versiegelt,0.334,0.334,0.333,0.333
40705347,unknown,grade1,versiegelt,0.334,0.334,0.333,0.333
40706979,paving_stones,grade1,versiegelt,0.334,0.334,0.333,0.333
40706985,unknown,grade3,versiegelt,0.334,0.334,0.333,0.333
40706988,unknown,grade2,versiegelt,0.334,0.334,0.333,0.333
40706989,unknown,grade1,versiegelt,0.334,0.334,0.333,0.333
40706990,unknown,grade2,versiegelt,0.334,0.334,0.333,0.333
40706991,unknown,grade3,versiegelt,0.334,0.334,0.333,0.333
40706992,unknown,grade5,versiegelt,0.334,0.334,0.333,0.333
40706993,unhewn_cobblestone,grade1,versiegelt,0.334,0.334,0.333,0.333
40706996,paving_stones,grade1,versiegelt,0.334,0.334,0.333,0.333
40707000,unknown,grade2,versiegelt,0.334,0.334,0.333,0.333
40707001,cobblestone,grade2,versiegelt,0.334,0.334,0.333,0.333
40707008,unknown,grade3,versiegelt,0.334,0.334,0.333,0.333
40708685,unknown,unknown,versiegelt,0.334,0.334,0.333,0.333
40708686,unknown,grade2,versiegelt,0.334,0.334,0.333,0.333
40708698,unknown,unknown,versiegelt,0.334,0.334,0.333,0.333
40708699,unknown,unknown,versiegelt,0.334,0.334,0.333,0.333
40708703,unknown,unknown,versiegelt,0.334,0.334,0.333,0.333
40709044,unknown,grade5,versiegelt,0.334,0.334,0.333,0.333
40709046,unknown,grade5,versiegelt,0.334,0.334,0.333,0.333
40709047,unknown,grade5,versiegelt,0.334,0.334,0.333,0.333
40709279,unknown,unknown,versiegelt,0.334,0.334,0.333,0.333
40709282,unknown,unknown,versiegelt,0.334,0.334,0.333,0.333
40714319,ground,grade3,versiegelt,0.334,0.334,0.333,0.333
40714320,ground,unknown,versiegelt,0.334,0.334,0.333,0.333
40714323,ground,unknown,versiegelt,0.334,0.334,0.333,0.333
40714324,ground,grade3,versiegelt,0.334,0.334,0.333,0.333
40714326,unknown,grade1,versiegelt,0.334,0.334,0.333,0.333
40714327,unknown,unknown,versiegelt,0.334,0.334,0.333,0.333
40714329,ground,unknown,versiegelt,0.334,0.334,0.333,0.333
40714331,ground,unknown,versiegelt,0.334,0.334,0.333,0.333
40714333,unknown,unknown,versiegelt,0.334,0.334,0.333,0.333
40714342,unknown,unknown,versiegelt,0.334,0.334,0.333,0.333
40714346,unknown,unknown,versiegelt,0.334,0.334,0.333,0.333
40714347,unknown,grade5,versiegelt,0.334,0.334,0.333,0.333
40714348,unknown,grade1,versiegelt,0.334,0.334,0.333,0.333
40714349,unknown,unknown,versiegelt,0.334,0.334,0.333,0.333
40714351,unknown,unknown,versiegelt,0.334,0.334,0.333,0.333
40714352,unknown,grade1,versiegelt,0.334,0.334,0.333,0.333
40714353,pebblestone,grade3,versiegelt,0.334,0.334,0.333,0.333
40714359,unknown,unknown,versiegelt,0.334,0.334,0.333,0.333
40735105,unknown,grade1,versiegelt,0.334,0.334,0.333,0.333
40742490,unknown,grade1,versiegelt,0.334,0.334,0.333,0.333
41180092,unknown,grade2,versiegelt,0.334,0.334,0.333,0.333
41180095,unknown,grade1,versiegelt,0.334,0.334,0.333,0.333
41180096,unknown,unknown,versiegelt,0.334,0.334,0.333,0.333
41180098,unknown,unknown,versiegelt,0.334,0.334,0.333,0.333
41182407,unknown,grade5,versiegelt,0.334,0.334,0.333,0.333
41182408,unknown,grade2,versiegelt,0.334,0.334,0.333,0.333
41182416,unknown,grade5,versiegelt,0.334,0.334,0.333,0.333
41182678,ground,grade5,versiegelt,0.334,0.334,0.333,0.333
41405448,unknown,grade5,versiegelt,0.334,0.334,0.333,0.333
41405449,unknown,grade5,versiegelt,0.334,0.334,0.333,0.333
41503390,unknown,grade4,versiegelt,0.334,0.334,0.333,0.333
41925631,unknown,grade1,versiegelt,0.334,0.334,0.333,0.333
42354189,unknown,unknown,versiegelt,0.334,0.334,0.333,0.333
42354190,unknown,unknown,versiegelt,0.334,0.334,0.333,0.333
42362890,unknown,unknown,versiegelt,0.334,0.334,0.333,0.333
43113321,unknown,grade3,versiegelt,0.334,0.334,0.333,0.333
43169605,paving_stones,unknown,versiegelt,0.334,0.334,0.333,0.333
43393798,unknown,grade2,versiegelt,0.334,0.334,0.333,0.333
43663064,unknown,unknown,versiegelt,0.334,0.334,0.333,0.333
44181651,ground,grade4,versiegelt,0.334,0.334,0.333,0.333
44181653,unknown,unknown,versiegelt,0.334,0.334,0.333,0.333
44184568,unknown,grade5,versiegelt,0.334,0.334,0.333,0.333
44184570,unknown,grade2,versiegelt,0.334,0.334,0.333,0.333
44184571,unknown,unknown,versiegelt,0.334,0.334,0.333,0.333
45265373,unknown,unknown,versiegelt,0.334,0.334,0.333,0.333
45266296,unknown,grade3,versiegelt,0.334,0.334,0.333,0.333
45266297,unknown,grade2,versiegelt,0.334,0.334,0.333,0.333
45266298,unknown,grade1,versiegelt,0.334,0.334,0.333,0.333
45266301,unknown,grade3,versiegelt,0.334,0.334,0.333,0.333
45266302,unknown,grade5,versiegelt,0.334,0.334,0.333,0.333
45266304,unknown,unknown,versiegelt,0.334,0.334,0.333,0.333
45266309,unknown,grade3,versiegelt,0.334,0.334,0.333,0.333
45267204,unknown,grade1,versiegelt,0.334,0.334,0.333,0.333
45267205,unknown,grade3,versiegelt,0.334,0.334,0.333,0.333
45267208,unknown,grade1,versiegelt,0.334,0.334,0.333,0.333
45270503,ground,grade4,versiegelt,0.334,0.334,0.333,0.333
45270520,unknown,grade5,versiegelt,0.334,0.334,0.333,0.333
45278855,unknown,grade1,versiegelt,0.334,0.334,0.333,0.333
45278857,unknown,unknown,versiegelt,0.334,0.334,0.333,0.333
45278860,unknown,grade1,versiegelt,0.334,0.334,0.333,0.333
45846504,unknown,grade5,versiegelt,0.334,0.334,0.333,0.333
45846506,unknown,grade5,versiegelt,0.334,0.334,0.333,0.333
45982072,ground,grade5,versiegelt,0.334,0.334,0.333,0.333
45985876,unknown,grade2,versiegelt,0.334,0.334,0.333,0.333
45989716,unknown,grade5,versiegelt,0.334,0.334,0.333,0.333
45998488,unknown,grade5,versiegelt,0.334,0.334,0.333,0.333
46098870,unknown,grade5,versiegelt,0.334,0.334,0.333,0.333
46098871,unknown,grade5,versiegelt,0.334,0.334,0.333,0.333
46108148,ground,grade4,versiegelt,0.334,0.334,0.333,0.333
46137912,ground,grade5,versiegelt,0.334,0.334,0.333,0.333
46154986,unknown,grade1,versiegelt,0.334,0.334,0.333,0.333
46155007,unknown,unknown,versiegelt,0.334,0.334,0.333,0.333
47035164,ground,unknown,versiegelt,0.334,0.334,0.333,0.333
47366254,unknown,grade5,versiegelt,0.334,0.334,0.333,0.333
52041240,unknown,unknown,versiegelt,0.334,0.334,0.333,0.333
52098858,unknown,grade2,versiegelt,0.334,0.334,0.333,0.333
54101895,paving_stones,unknown,versiegelt,0.334,0.334,0.333,0.333
54110379,unknown,grade3,versiegelt,0.334,0.334,0.333,0.333
56196274,unknown,unknown,versiegelt,0.334,0.334,0.333,0.333
56196371,ground,grade5,versiegelt,0.334,0.334,0.333,0.333
56645616,unknown,unknown,versiegelt,0.334,0.334,0.333,0.333
57045683,cobblestone,grade4,versiegelt,0.334,0.334,0.333,0.333
57778613,unknown,grade5,versiegelt,0.334,0.334,0.333,0.333
58232274,unknown,unknown,versiegelt,0.334,0.334,0.333,0.333
58232275,unknown,unknown,versiegelt,0.334,0.334,0.333,0.333
58232276,unknown,unknown,versiegelt,0.334,0.334,0.333,0.333
58232942,unknown,unknown,versiegelt,0.334,0.334,0.333,0.333
58233365,unknown,unknown,versiegelt,0.334,0.334,0.333,0.333
58663890,unknown,grade4,versiegelt,0.334,0.334,0.333,0.333
58663898,ground,grade2,versiegelt,0.334,0.334,0.333,0.333
59280358,wood,unknown,versiegelt,0.334,0.334,0.333,0.333
59851961,unknown,grade1,versiegelt,0.334,0.334,0.333,0.333
59851964,unknown,grade2,versiegelt,0.334,0.334,0.333,0.333
59851973,unknown,grade1,versiegelt,0.334,0.334,0.333,0.333
59851979,unknown,grade3,versiegelt,0.334,0.334,0.333,0.333
59851985,unknown,grade1,versiegelt,0.334,0.334,0.333,0.333
59851986,unknown,unknown,versiegelt,0.334,0.334,0.333,0.333
59854841,unknown,grade1,versiegelt,0.334,0.334,0.333,0.333
59854844,unknown,unknown,versiegelt,0.334,0.334,0.333,0.333
59854847,unknown,grade3,versiegelt,0.334,0.334,0.333,0.333
59854848,unknown,grade5,versiegelt,0.334,0.334,0.333,0.333
59854853,unknown,grade3,versiegelt,0.334,0.334,0.333,0.333
59854854,unknown,grade1,versiegelt,0.334,0.334,0.333,0.333
59854858,ground,grade3,versiegelt,0.334,0.334,0.333,0.333
59854859,unknown,grade3,versiegelt,0.334,0.334,0.333,0.333
59854862,unknown,grade4,versiegelt,0.334,0.334,0.333,0.333
59858477,unknown,grade1,versiegelt,0.334,0.334,0.333,0.333
59858480,unknown,grade3,versiegelt,0.334,0.334,0.333,0.333
59858482,paving_stones,grade1,versiegelt,0.334,0.334,0.333,0.333
59858483,unknown,unknown,versiegelt,0.334,0.334,0.333,0.333
59858888,unknown,grade5,versiegelt,0.334,0.334,0.333,0.333
59858891,unknown,grade1,versiegelt,0.334,0.334,0.333,0.333
59860917,unknown,unknown,versiegelt,0.334,0.334,0.333,0.333
59860959,unknown,grade2,versiegelt,0.334,0.334,0.333,0.333
59865323,unknown,grade3,versiegelt,0.334,0.334,0.333,0.333
59865324,unknown,grade3,versiegelt,0.334,0.334,0.333,0.333
59988336,cobblestone,grade3,versiegelt,0.334,0.334,0.333,0.333
59988341,unknown,unknown,versiegelt,0.334,0.334,0.333,0.333
60104208,unknown,grade2,versiegelt,0.334,0.334,0.333,0.333
60104211,unknown,grade4,versiegelt,0.334,0.334,0.333,0.333
60105065,unknown,grade5,versiegelt,0.334,0.334,0.333,0.333
60121455,ground,grade2,versiegelt,0.334,0.334,0.333,0.333
60121460,unknown,grade2,versiegelt,0.334,0.334,0.333,0.333
60121461,unknown,grade2,versiegelt,0.334,0.334,0.333,0.333
60212886,unknown,grade3,versiegelt,0.334,0.334,0.333,0.333
60993570,unknown,grade5,versiegelt,0.334,0.334,0.333,0.333
60993576,unknown,grade5,versiegelt,0.334,0.334,0.333,0.333
60993922,unknown,grade4,versiegelt,0.334,0.334,0.333,0.333
60993924,unknown,grade3,versiegelt,0.334,0.334,0.333,0.333
60993926,unknown,unknown,versiegelt,0.334,0.334,0.333,0.333
60994086,unknown,unknown,versiegelt,0.334,0.334,0.333,0.333
60995379,unknown,unknown,versiegelt,0.334,0.334,0.333,0.333
60995390,unknown,unknown,versiegelt,0.334,0.334,0.333,0.333
60996182,unknown,grade3,versiegelt,0.334,0.334,0.333,0.333
60996197,unknown,grade4,versiegelt,0.334,0.334,0.333,0.333
60996198,unknown,grade5,versiegelt,0.334,0.334,0.333,0.333
60996200,unknown,grade5,versiegelt,0.334,0.334,0.333,0.333
60996201,unknown,grade4,versiegelt,0.334,0.334,0.333,0.333
60996202,unknown,grade4,versiegelt,0.334,0.334,0.333,0.333
60996203,unknown,grade4,versiegelt,0.334,0.334,0.333,0.333
61047035,unknown,grade4,versiegelt,0.334,0.334,0.333,0.333
61226479,unknown,grade2,versiegelt,0.334,0.334,0.333,0.333
63778687,unknown,unknown,versiegelt,0.334,0.334,0.333,0.333
63778699,unknown,unknown,versiegelt,0.334,0.334,0.333,0.333
64451633,unknown,unknown,versiegelt,0.334,0.334,0.333,0.333
64451636,pebblestone,unknown,versiegelt,0.334,0.334,0.333,0.333
64562689,paving_stones,unknown,versiegelt,0.334,0.334,0.333,0.333
64562697,paving_stones,unknown,versiegelt,0.334,0.334,0.333,0.333
64562699,paving_stones,unknown,versiegelt,0.334,0.334,0.333,0.333
64562700,paving_stones,unknown,versiegelt,0.334,0.334,0.333,0.333
64562701,paving_stones,unknown,versiegelt,0.334,0.334,0.333,0.333
64562707,unknown,unknown,versiegelt,0.334,0.334,0.333,0.333
64832515,paving_stones,unknown,versiegelt,0.334,0.334,0.333,0.333
65135039,unknown,unknown,versiegelt,0.334,0.334,0.333,0.333
65411701,unknown,unknown,versiegelt,0.334,0.334,0.333,0.333
65994417,unknown,grade4,versiegelt,0.334,0.334,0.333,0.333
66779931,unknown,unknown,versiegelt,0.334,0.334,0.333,0.333
66779956,paving_stones,unknown,versiegelt,0.334,0.334,0.333,0.333
66779957,paving_stones,unknown,versiegelt,0.334,0.334,0.333,0.333
66779963,paving_stones,unknown,versiegelt,0.334,0.334,0.333,0.333
66972112,paving_stones,unknown,versiegelt,0.334,0.334,0.333,0.333
67635081,unknown,unknown,versiegelt,0.334,0.334,0.333,0.333
67873555,unknown,unknown,versiegelt,0.334,0.334,0.333,0.333
67873557,unknown,unknown,versiegelt,0.334,0.334,0.333,0.333
67873558,unknown,unknown,versiegelt,0.334,0.334,0.333,0.333
67977146,unknown,grade1,versiegelt,0.334,0.334,0.333,0.333
67977149,unknown,grade2,versiegelt,0.334,0.334,0.333,0.333
68084926,paving_stones,unknown,versiegelt,0.334,0.334,0.333,0.333
68084931,paving_stones,unknown,versiegelt,0.334,0.334,0.333,0.333
68152494,unknown,unknown,versiegelt,0.334,0.334,0.333,0.333
68152496,ground,unknown,versiegelt,0.334,0.334,0.333,0.333
68152703,ground,grade4,versiegelt,0.334,0.334,0.333,0.333
68200141,paving_stones,unknown,versiegelt,0.334,0.334,0.333,0.333
68457666,unknown,unknown,versiegelt,0.334,0.334,0.333,0.333
68457671,unknown,unknown,versiegelt,0.334,0.334,0.333,0.333
68563518,paving_stones,unknown,versiegelt,0.334,0.334,0.333,0.333
68563519,paving_stones,unknown,versiegelt,0.334,0.334,0.333,0.333
69001287,paving_stones,unknown,versiegelt,0.334,0.334,0.333,0.333
69230940,paving_stones,unknown,versiegelt,0.334,0.334,0.333,0.333
69230944,unknown,unknown,versiegelt,0.334,0.334,0.333,0.333
69563059,unknown,unknown,versiegelt,0.334,0.334,0.333,0.333
69564537,unknown,grade1,versiegelt,0.334,0.334,0.333,0.333
69564566,unknown,grade3,versiegelt,0.334,0.334,0.333,0.333
69564651,unknown,grade4,versiegelt,0.334,0.334,0.333,0.333
70457570,paving_stones,unknown,versiegelt,0.334,0.334,0.333,0.333
70457580,unknown,unknown,versiegelt,0.334,0.334,0.333,0.333
70457581,unknown,grade3,versiegelt,0.334,0.334,0.333,0.333
70526916,unknown,unknown,versiegelt,0.334,0.334,0.333,0.333
70732941,ground,unknown,versiegelt,0.334,0.334,0.333,0.333
70732942,unknown,unknown,versiegelt,0.334,0.334,0.333,0.333
70732946,unknown,unknown,versiegelt,0.334,0.334,0.333,0.333
70732952,ground,unknown,versiegelt,0.334,0.334,0.333,0.333
70732961,unknown,unknown,versiegelt,0.334,0.334,0.333,0.333
70732974,unknown,unknown,versiegelt,0.334,0.334,0.333,0.333
70732976,unknown,unknown,versiegelt,0.334,0.334,0.333,0.333
70732977,ground,unknown,versiegelt,0.334,0.334,0.333,0.333
70732980,unknown,unknown,versiegelt,0.334,0.334,0.333,0.333
70732981,earth,unknown,versiegelt,0.334,0.334,0.333,0.333
70732987,ground,unknown,versiegelt,0.334,0.334,0.333,0.333
70893738,unknown,grade5,versiegelt,0.334,0.334,0.333,0.333
70999848,ground,grade2,versiegelt,0.334,0.334,0.333,0.333
70999862,unknown,grade4,versiegelt,0.334,0.334,0.333,0.333
70999867,unknown,grade2,versiegelt,0.334,0.334,0.333,0.333
71144636,unknown,unknown,versiegelt,0.334,0.334,0.333,0.333
71260487,unknown,unknown,versiegelt,0.334,0.334,0.333,0.333
71608188,unknown,unknown,versiegelt,0.334,0.334,0.333,0.333
71608202,wood,unknown,versiegelt,0.334,0.334,0.333,0.333
71890687,cobblestone,unknown,versiegelt,0.334,0.334,0.333,0.333
71890689,cobblestone,unknown,versiegelt,0.334,0.334,0.333,0.333
72036271,ground,unknown,versiegelt,0.334,0.334,0.333,0.333
72036275,paving_stones,unknown,versiegelt,0.334,0.334,0.333,0.333
72514921,unknown,grade5,versiegelt,0.334,0.334,0.333,0.333
72514967,unknown,grade4,versiegelt,0.334,0.334,0.333,0.333
72612262,unknown,unknown,versiegelt,0.334,0.334,0.333,0.333
72612274,unknown,unknown,versiegelt,0.334,0.334,0.333,0.333
72612280,unknown,unknown,versiegelt,0.334,0.334,0.333,0.333
72612281,unknown,unknown,versiegelt,0.334,0.334,0.333,0.333
72726802,paving_stones,unknown,versiegelt,0.334,0.334,0.333,0.333
72765502,unknown,unknown,versiegelt,0.334,0.334,0.333,0.333
73294751,cobblestone,grade4,versiegelt,0.334,0.334,0.333,0.333
73552696,unknown,grade2,versiegelt,0.334,0.334,0.333,0.333
73552698,unknown,grade1,versiegelt,0.334,0.334,0.333,0.333
73552702,unknown,grade2,versiegelt,0.334,0.334,0.333,0.333
73553103,unknown,grade1,versiegelt,0.334,0.334,0.333,0.333
73553104,unknown,grade1,versiegelt,0.334,0.334,0.333,0.333
73570883,unknown,unknown,versiegelt,0.334,0.334,0.333,0.333
73570890,paving_stones,unknown,versiegelt,0.334,0.334,0.333,0.333
73818694,unknown,grade4,versiegelt,0.334,0.334,0.333,0.333
73819176,unknown,grade3,versiegelt,0.334,0.334,0.333,0.333
73819353,unknown,grade2,versiegelt,0.334,0.334,0.333,0.333
73820185,unknown,grade1,versiegelt,0.334,0.334,0.333,0.333
73820635,unknown,grade3,versiegelt,0.334,0.334,0.333,0.333
73820938,unknown,grade1,versiegelt,0.334,0.334,0.333,0.333
73822565,unknown,unknown,versiegelt,0.334,0.334,0.333,0.333
73822626,unknown,grade3,versiegelt,0.334,0.334,0.333,0.333
73822647,unknown,grade3,versiegelt,0.334,0.334,0.333,0.333
73822858,unknown,grade1,versiegelt,0.334,0.334,0.333,0.333
73822889,unknown,grade1,versiegelt,0.334,0.334,0.333,0.333
73822898,unknown,grade3,versiegelt,0.334,0.334,0.333,0.333
73822902,unknown,grade4,versiegelt,0.334,0.334,0.333,0.333
73822981,unknown,grade3,versiegelt,0.334,0.334,0.333,0.333
73823071,unknown,grade1,versiegelt,0.334,0.334,0.333,0.333
73823297,unknown,unknown,versiegelt,0.334,0.334,0.333,0.333
73823440,unknown,grade1,versiegelt,0.334,0.334,0.333,0.333
73823491,unknown,grade1,versiegelt,0.334,0.334,0.333,0.333
73823633,unknown,grade2,versiegelt,0.334,0.334,0.333,0.333
73823775,unknown,grade3,versiegelt,0.334,0.334,0.333,0.333
73914171,unknown,unknown,versiegelt,0.334,0.334,0.333,0.333
73914176,unknown,unknown,versiegelt,0.334,0.334,0.333,0.333
74265149,paving_stones,unknown,versiegelt,0.334,0.334,0.333,0.333
74865247,unknown,grade4,versiegelt,0.334,0.334,0.333,0.333
74877071,unknown,grade3,versiegelt,0.334,0.334,0.333,0.333
75017870,unknown,unknown,versiegelt,0.334,0.334,0.333,0.333
75017874,ground,unknown,versiegelt,0.334,0.334,0.333,0.333
75339279,paving_stones,unknown,versiegelt,0.334,0.334,0.333,0.333
75684349,unknown,grade2,versiegelt,0.334,0.334,0.333,0.333
75684351,unknown,grade2,versiegelt,0.334,0.334,0.333,0.333
75801687,paving_stones,unknown,versiegelt,0.334,0.334,0.333,0.333
75801699,paving_stones,unknown,versiegelt,0.334,0.334,0.333,0.333
75801704,paving_stones,unknown,versiegelt,0.334,0.334,0.333,0.333
75801714,paving_stones,unknown,versiegelt,0.334,0.334,0.333,0.333
75801720,paving_stones,unknown,versiegelt,0.334,0.334,0.333,0.333
75839707,ground,grade3,versiegelt,0.334,0.334,0.333,0.333
76146502,unknown,grade2,versiegelt,0.334,0.334,0.333,0.333
76273781,ground,grade5,versiegelt,0.334,0.334,0.333,0.333
76273792,ground,grade5,versiegelt,0.334,0.334,0.333,0.333
76273802,ground,grade5,versiegelt,0.334,0.334,0.333,0.333
76282682,coarse_gravel,grade4,versiegelt,0.334,0.334,0.333,0.333
76282684,unknown,grade4,versiegelt,0.334,0.334,0.333,0.333
76371607,unknown,unknown,versiegelt,0.334,0.334,0.333,0.333
76371608,unknown,unknown,versiegelt,0.334,0.334,0.333,0.333
76371609,unknown,unknown,versiegelt,0.334,0.334,0.333,0.333
76371610,unknown,unknown,versiegelt,0.334,0.334,0.333,0.333
76909574,unknown,grade4,versiegelt,0.334,0.334,0.333,0.333
77044553,unknown,grade3,versiegelt,0.334,0.334,0.333,0.333
77044563,unknown,grade1,versiegelt,0.334,0.334,0.333,0.333
77044564,unknown,unknown,versiegelt,0.334,0.334,0.333,0.333
77048379,paving_stones,unknown,versiegelt,0.334,0.334,0.333,0.333
77048389,paving_stones,unknown,versiegelt,0.334,0.334,0.333,0.333
77048391,paving_stones,unknown,versiegelt,0.334,0.334,0.333,0.333
77048398,paving_stones,unknown,versiegelt,0.334,0.334,0.333,0.333
77048404,paving_stones,unknown,versiegelt,0.334,0.334,0.333,0.333
77048410,unknown,grade2,versiegelt,0.334,0.334,0.333,0.333
77048411,paving_stones,unknown,versiegelt,0.334,0.334,0.333,0.333
77048413,pebblestone,unknown,versiegelt,0.334,0.334,0.333,0.333
77048415,paving_stones,unknown,versiegelt,0.334,0.334,0.333,0.333
77049261,unknown,grade2,versiegelt,0.334,0.334,0.333,0.333
78271814,ground,grade3,versiegelt,0.334,0.334,0.333,0.333
78271839,unknown,grade3,versiegelt,0.334,0.334,0.333,0.333
78344001,unknown,unknown,versiegelt,0.334,0.334,0.333,0.333
78344028,unknown,unknown,versiegelt,0.334,0.334,0.333,0.333
78752548,ground,grade5,versiegelt,0.334,0.334,0.333,0.333
78752599,ground,grade5,versiegelt,0.334,0.334,0.333,0.333
78752629,unknown,grade3,versiegelt,0.334,0.334,0.333,0.333
78768716,wood,unknown,versiegelt,0.334,0.334,0.333,0.333
78768726,wood,unknown,versiegelt,0.334,0.334,0.333,0.333
78768735,wood,unknown,versiegelt,0.334,0.334,0.333,0.333
78768740,wood,unknown,versiegelt,0.334,0.334,0.333,0.333
78768745,wood,unknown,versiegelt,0.334,0.334,0.333,0.333
78768749,wood,unknown,versiegelt,0.334,0.334,0.333,0.333
78768752,wood,unknown,versiegelt,0.334,0.334,0.333,0.333
78768756,wood,unknown,versiegelt,0.334,0.334,0.333,0.333
78768759,wood,unknown,versiegelt,0.334,0.334,0.333,0.333
79125395,unknown,unknown,versiegelt,0.334,0.334,0.333,0.333
79241198,unknown,grade2,versiegelt,0.334,0.334,0.333,0.333
79241205,ground,unknown,versiegelt,0.334,0.334,0.333,0.333
79262129,paving_stones,unknown,versiegelt,0.334,0.334,0.333,0.333
79274331,paving_stones,unknown,versiegelt,0.334,0.334,0.333,0.333
79274339,paving_stones,unknown,versiegelt,0.334,0.334,0.333,0.333
79375656,paving_stones,unknown,versiegelt,0.334,0.334,0.333,0.333
79375663,paving_stones,unknown,versiegelt,0.334,0.334,0.333,0.333
80341423,unknown,grade2,versiegelt,0.334,0.334,0.333,0.333
80374745,ground,grade2,versiegelt,0.334,0.334,0.333,0.333
80374756,unknown,unknown,versiegelt,0.334,0.334,0.333,0.333
80374770,unknown,grade5,versiegelt,0.334,0.334,0.333,0.333
80375553,ground,grade4,versiegelt,0.334,0.334,0.333,0.333
80375560,ground,grade2,versiegelt,0.334,0.334,0.333,0.333
80377909,unknown,grade4,versiegelt,0.334,0.334,0.333,0.333
80377921,unknown,grade2,versiegelt,0.334,0.334,0.333,0.333
80377923,unknown,grade4,versiegelt,0.334,0.334,0.333,0.333
80377927,unknown,grade4,versiegelt,0.334,0.334,0.333,0.333
80377930,unknown,grade4,versiegelt,0.334,0.334,0.333,0.333
80377934,unknown,grade3,versiegelt,0.334,0.334,0.333,0.333
80377945,ground,grade4,versiegelt,0.334,0.334,0.333,0.333
80377963,ground,grade4,versiegelt,0.334,0.334,0.333,0.333
80377992,unknown,unknown,versiegelt,0.334,0.334,0.333,0.333
80377993,unknown,unknown,versiegelt,0.334,0.334,0.333,0.333
80382303,unknown,grade2,versiegelt,0.334,0.334,0.333,0.333
80382305,unknown,unknown,versiegelt,0.334,0.334,0.333,0.333
80382307,unknown,unknown,versiegelt,0.334,0.334,0.333,0.333
80382308,unknown,unknown,versiegelt,0.334,0.334,0.333,0.333
80382312,unknown,unknown,versiegelt,0.334,0.334,0.333,0.333
80445947,ground,grade3,versiegelt,0.334,0.334,0.333,0.333
80445949,unknown,grade3,versiegelt,0.334,0.334,0.333,0.333
80445952,unknown,grade3,versiegelt,0.334,0.334,0.333,0.333
80445953,unknown,grade3,versiegelt,0.334,0.334,0.333,0.333
80531435,unknown,unknown,versiegelt,0.334,0.334,0.333,0.333
80531439,unknown,grade3,versiegelt,0.334,0.334,0.333,0.333
80534193,unknown,grade3,versiegelt,0.334,0.334,0.333,0.333
80534196,unknown,grade3,versiegelt,0.334,0.334,0.333,0.333
80870744,cobblestone,grade2,versiegelt,0.334,0.334,0.333,0.333
81021240,unknown,grade1,versiegelt,0.334,0.334,0.333,0.333
81063434,unknown,unknown,versiegelt,0.334,0.334,0.333,0.333
81063435,unknown,grade3,versiegelt,0.334,0.334,0.333,0.333
82628073,ground,grade4,versiegelt,0.334,0.334,0.333,0.333
82628077,unknown,grade5,versiegelt,0.334,0.334,0.333,0.333
82628079,unknown,grade2,versiegelt,0.334,0.334,0.333,0.333
82628094,paving_stones,unknown,versiegelt,0.334,0.334,0.333,0.333
82628098,paving_stones,unknown,versiegelt,0.334,0.334,0.333,0.333
83637375,paving_stones,unknown,versiegelt,0.334,0.334,0.333,0.333
83714397,unknown,grade2,versiegelt,0.334,0.334,0.333,0.333
84193592,ground,grade3,versiegelt,0.334,0.334,0.333,0.333
84193594,unknown,grade3,versiegelt,0.334,0.334,0.333,0.333
84956777,paving_stones,unknown,versiegelt,0.334,0.334,0.333,0.333
85435040,unknown,unknown,versiegelt,0.334,0.334,0.333,0.333
85435069,unknown,unknown,versiegelt,0.334,0.334,0.333,0.333
85521186,unknown,unknown,versiegelt,0.334,0.334,0.333,0.333
85521189,unknown,unknown,versiegelt,0.334,0.334,0.333,0.333
85521194,unknown,unknown,versiegelt,0.334,0.334,0.333,0.333
85582141,unknown,grade2,versiegelt,0.334,0.334,0.333,0.333
85685755,unknown,unknown,versiegelt,0.334,0.334,0.333,0.333
85685769,unknown,unknown,versiegelt,0.334,0.334,0.333,0.333
85767620,unknown,unknown,versiegelt,0.334,0.334,0.333,0.333
86774769,unknown,unknown,versiegelt,0.334,0.334,0.333,0.333
86925854,unknown,unknown,versiegelt,0.334,0.334,0.333,0.333
86925876,unknown,unknown,versiegelt,0.334,0.334,0.333,0.333
86944951,pebblestone,unknown,versiegelt,0.334,0.334,0.333,0.333
88018993,paving_stones,unknown,versiegelt,0.334,0.334,0.333,0.333
88022673,unknown,grade3,versiegelt,0.334,0.334,0.333,0.333
88022677,unknown,grade5,versiegelt,0.334,0.334,0.333,0.333
88022759,unknown,grade4,versiegelt,0.334,0.334,0.333,0.333
88022793,unknown,unknown,versiegelt,0.334,0.334,0.333,0.333
88022800,unknown,grade3,versiegelt,0.334,0.334,0.333,0.333
88306857,paving_stones,unknown,versiegelt,0.334,0.334,0.333,0.333
88399082,unknown,grade5,versiegelt,0.334,0.334,0.333,0.333
88399084,unknown,grade5,versiegelt,0.334,0.334,0.333,0.333
88399099,unknown,grade5,versiegelt,0.334,0.334,0.333,0.333
88399106,unknown,grade5,versiegelt,0.334,0.334,0.333,0.333
88399108,unknown,unknown,versiegelt,0.334,0.334,0.333,0.333
88399151,unknown,grade5,versiegelt,0.334,0.334,0.333,0.333
88399174,unknown,unknown,versiegelt,0.334,0.334,0.333,0.333
88399183,unknown,grade5,versiegelt,0.334,0.334,0.333,0.333
88399189,unknown,grade1,versiegelt,0.334,0.334,0.333,0.333
88399195,unknown,unknown,versiegelt,0.334,0.334,0.333,0.333
88399231,unknown,grade5,versiegelt,0.334,0.334,0.333,0.333
88399252,unknown,grade5,versiegelt,0.334,0.334,0.333,0.333
88399267,unknown,grade5,versiegelt,0.334,0.334,0.333,0.333
88499126,unknown,grade5,versiegelt,0.334,0.334,0.333,0.333
88549154,unknown,grade5,versiegelt,0.334,0.334,0.333,0.333
88549159,unknown,grade5,versiegelt,0.334,0.334,0.333,0.333
88549161,unknown,grade3,versiegelt,0.334,0.334,0.333,0.333
88549167,unknown,grade1,versiegelt,0.334,0.334,0.333,0.333
88549170,unknown,grade5,versiegelt,0.334,0.334,0.333,0.333
88549177,unknown,grade1,versiegelt,0.334,0.334,0.333,0.333
88549179,unknown,grade1,versiegelt,0.334,0.334,0.333,0.333
88549192,unknown,grade5,versiegelt,0.334,0.334,0.333,0.333
88549194,unknown,grade1,versiegelt,0.334,0.334,0.333,0.333
88549199,unknown,grade5,versiegelt,0.334,0.334,0.333,0.333
88549207,ground,grade5,versiegelt,0.334,0.334,0.333,0.333
88549232,unknown,grade1,versiegelt,0.334,0.334,0.333,0.333
88549241,unknown,grade4,versiegelt,0.334,0.334,0.333,0.333
88549247,unknown,grade5,versiegelt,0.334,0.334,0.333,0.333
88612911,unknown,unknown,versiegelt,0.334,0.334,0.333,0.333
88902342,unknown,grade1,versiegelt,0.334,0.334,0.333,0.333
88902394,unknown,unknown,versiegelt,0.334,0.334,0.333,0.333
89040883,unknown,grade1,versiegelt,0.334,0.334,0.333,0.333
89040884,unknown,unknown,versiegelt,0.334,0.334,0.333,0.333
89040897,unknown,grade5,versiegelt,0.334,0.334,0.333,0.333
89040905,unknown,grade1,versiegelt,0.334,0.334,0.333,0.333
89040906,unknown,grade1,versiegelt,0.334,0.334,0.333,0.333
89040909,unknown,unknown,versiegelt,0.334,0.334,0.333,0.333
89291696,unknown,grade5,versiegelt,0.334,0.334,0.333,0.333
89291697,unknown,grade5,versiegelt,0.334,0.334,0.333,0.333
89291700,unknown,grade5,versiegelt,0.334,0.334,0.333,0.333
89291707,unknown,grade5,versiegelt,0.334,0.334,0.333,0.333
89291708,unknown,grade5,versiegelt,0.334,0.334,0.333,0.333
89291709,unknown,grade5,versiegelt,0.334,0.334,0.333,0.333
89291718,unknown,grade5,versiegelt,0.334,0.334,0.333,0.333
89291723,unknown,unknown,versiegelt,0.334,0.334,0.333,0.333
89291725,unknown,grade1,versiegelt,0.334,0.334,0.333,0.333
89291726,unknown,grade5,versiegelt,0.334,0.334,0.333,0.333
89291728,unknown,grade5,versiegelt,0.334,0.334,0.333,0.333
89291737,unknown,grade5,versiegelt,0.334,0.334,0.333,0.333
89291741,unknown,grade5,versiegelt,0.334,0.334,0.333,0.333
89291764,unknown,grade5,versiegelt,0.334,0.334,0.333,0.333
89291767,unknown,unknown,versiegelt,0.334,0.334,0.333,0.333
89291787,unknown,grade5,versiegelt,0.334,0.334,0.333,0.333
89291798,unknown,grade1,versiegelt,0.334,0.334,0.333,0.333
89291824,unknown,unknown,versiegelt,0.334,0.334,0.333,0.333
89291826,unknown,grade5,versiegelt,0.334,0.334,0.333,0.333
89291849,unknown,grade5,versiegelt,0.334,0.334,0.333,0.333
89291952,unknown,grade5,versiegelt,0.334,0.334,0.333,0.333
89291987,unknown,grade2,versiegelt,0.334,0.334,0.333,0.333
89292014,unknown,grade5,versiegelt,0.334,0.334,0.333,0.333
89292017,unknown,unknown,versiegelt,0.334,0.334,0.333,0.333
89292019,unknown,grade5,versiegelt,0.334,0.334,0.333,0.333
89292034,unknown,grade5,versiegelt,0.334,0.334,0.333,0.333
89292061,unknown,grade5,versiegelt,0.334,0.334,0.333,0.333
89335598,unknown,unknown,versiegelt,0.334,0.334,0.333,0.333
89457694,unknown,grade3,versiegelt,0.334,0.334,0.333,0.333
89467600,unknown,unknown,versiegelt,0.334,0.334,0.333,0.333
89467601,unknown,unknown,versiegelt,0.334,0.334,0.333,0.333
89471257,unknown,grade1,versiegelt,0.334,0.334,0.333,0.333
90057220,unknown,grade2,versiegelt,0.334,0.334,0.333,0.333
90057328,unknown,grade5,versiegelt,0.334,0.334,0.333,0.333
90115512,unknown,grade5,versiegelt,0.334,0.334,0.333,0.333
90115513,unknown,unknown,versiegelt,0.334,0.334,0.333,0.333
90115517,unknown,grade5,versiegelt,0.334,0.334,0.333,0.333
90115519,unknown,grade5,versiegelt,0.334,0.334,0.333,0.333
90115521,unknown,grade5,versiegelt,0.334,0.334,0.333,0.333
90115524,unknown,grade1,versiegelt,0.334,0.334,0.333,0.333
90115528,unknown,grade5,versiegelt,0.334,0.334,0.333,0.333
90115530,unknown,grade5,versiegelt,0.334,0.334,0.333,0.333
90115531,unknown,grade5,versiegelt,0.334,0.334,0.333,0.333
90115532,unknown,grade5,versiegelt,0.334,0.334,0.333,0.333
90115534,unknown,grade5,versiegelt,0.334,0.334,0.333,0.333
90115538,paving_stones,grade1,versiegelt,0.334,0.334,0.333,0.333
90115539,ground,grade3,versiegelt,0.334,0.334,0.333,0.333
90115542,unknown,grade5,versiegelt,0.334,0.334,0.333,0.333
90115543,unknown,grade5,versiegelt,0.334,0.334,0.333,0.333
90115544,unknown,grade1,versiegelt,0.334,0.334,0.333,0.333
90115545,ground,unknown,versiegelt,0.334,0.334,0.333,0.333
90115546,unknown,grade4,versiegelt,0.334,0.334,0.333,0.333
90115547,unknown,grade5,versiegelt,0.334,0.334,0.333,0.333
90115549,unknown,grade5,versiegelt,0.334,0.334,0.333,0.333
90115552,unknown,grade5,versiegelt,0.334,0.334,0.333,0.333
90115554,unknown,grade5,versiegelt,0.334,0.334,0.333,0.333
90115556,unknown,grade1,versiegelt,0.334,0.334,0.333,0.333
90115559,unknown,grade1,versiegelt,0.334,0.334,0.333,0.333
90115562,unknown,grade5,versiegelt,0.334,0.334,0.333,0.333
90115566,unknown,unknown,versiegelt,0.334,0.334,0.333,0.333
90116666,unknown,unknown,versiegelt,0.334,0.334,0.333,0.333
90116673,unknown,unknown,versiegelt,0.334,0.334,0.333,0.333
90196474,unknown,grade4,versiegelt,0.334,0.334,0.333,0.333
90223261,unknown,grade1,versiegelt,0.334,0.334,0.333,0.333
90223266,unknown,grade1,versiegelt,0.334,0.334,0.333,0.333
90223268,unknown,unknown,versiegelt,0.334,0.334,0.333,0.333
90223269,unknown,grade5,versiegelt,0.334,0.334,0.333,0.333
90223270,unknown,grade1,versiegelt,0.334,0.334,0.333,0.333
90223272,cobblestone,grade1,versiegelt,0.334,0.334,0.333,0.333
90230030,unknown,grade5,versiegelt,0.334,0.334,0.333,0.333
90230049,unknown,grade5,versiegelt,0.334,0.334,0.333,0.333
90230057,unknown,grade5,versiegelt,0.334,0.334,0.333,0.333
90230060,unknown,unknown,versiegelt,0.334,0.334,0.333,0.333
90503500,unknown,grade5,versiegelt,0.334,0.334,0.333,0.333
90503507,unknown,grade5,versiegelt,0.334,0.334,0.333,0.333
90503509,unknown,unknown,versiegelt,0.334,0.334,0.333,0.333
90503514,unknown,grade5,versiegelt,0.334,0.334,0.333,0.333
90503518,unknown,grade2,versiegelt,0.334,0.334,0.333,0.333
90503528,unknown,unknown,versiegelt,0.334,0.334,0.333,0.333
90503541,unknown,grade5,versiegelt,0.334,0.334,0.333,0.333
90503547,unknown,grade3,versiegelt,0.334,0.334,0.333,0.333
90503552,unknown,grade5,versiegelt,0.334,0.334,0.333,0.333
90503559,unknown,grade5,versiegelt,0.334,0.334,0.333,0.333
90503567,unknown,grade2,versiegelt,0.334,0.334,0.333,0.333
90503581,unknown,grade5,versiegelt,0.334,0.334,0.333,0.333
90503587,unknown,grade5,versiegelt,0.334,0.334,0.333,0.333
90503600,unknown,grade5,versiegelt,0.334,0.334,0.333,0.333
90503608,unknown,grade5,versiegelt,0.334,0.334,0.333,0.333
90503612,unknown,grade1,versiegelt,0.334,0.334,0.333,0.333
90503628,unknown,grade5,versiegelt,0.334,0.334,0.333,0.333
90503631,unknown,grade1,versiegelt,0.334,0.334,0.333,0.333
91394401,unknown,grade2,versiegelt,0.334,0.334,0.333,0.333
91394404,unknown,unknown,versiegelt,0.334,0.334,0.333,0.333
91394405,unknown,grade4,versiegelt,0.334,0.334,0.333,0.333
91399762,unknown,unknown,versiegelt,0.334,0.334,0.333,0.333
91399768,unknown,grade2,versiegelt,0.334,0.334,0.333,0.333
91399770,ground,grade2,versiegelt,0.334,0.334,0.333,0.333
91399771,unknown,unknown,versiegelt,0.334,0.334,0.333,0.333
91399772,unknown,unknown,versiegelt,0.334,0.334,0.333,0.333
91407265,unknown,unknown,versiegelt,0.334,0.334,0.333,0.333
91407266,unknown,unknown,versiegelt,0.334,0.334,0.333,0.333
91407267,unknown,unknown,versiegelt,0.334,0.334,0.333,0.333
91407269,unknown,unknown,versiegelt,0.334,0.334,0.333,0.333
91407270,unknown,unknown,versiegelt,0.334,0.334,0.333,0.333
91407272,unknown,unknown,versiegelt,0.334,0.334,0.333,0.333
91407273,unknown,unknown,versiegelt,0.334,0.334,0.333,0.333
91407275,unknown,unknown,versiegelt,0.334,0.334,0.333,0.333
91407280,unknown,unknown,versiegelt,0.334,0.334,0.333,0.333
91407284,unknown,unknown,versiegelt,0.334,0.334,0.333,0.333
91407286,unknown,unknown,versiegelt,0.334,0.334,0.333,0.333
91407289,unknown,unknown,versiegelt,0.334,0.334,0.333,0.333
91407290,unknown,unknown,versiegelt,0.334,0.334,0.333,0.333
91407295,unknown,unknown,versiegelt,0.334,0.334,0.333,0.333
91416784,unknown,unknown,versiegelt,0.334,0.334,0.333,0.333
91416792,unknown,unknown,versiegelt,0.334,0.334,0.333,0.333
91416794,unknown,unknown,versiegelt,0.334,0.334,0.333,0.333
91416795,unknown,unknown,versiegelt,0.334,0.334,0.333,0.333
91416797,unknown,unknown,versiegelt,0.334,0.334,0.333,0.333
91416799,unknown,unknown,versiegelt,0.334,0.334,0.333,0.333
91577130,paving_stones,unknown,versiegelt,0.334,0.334,0.333,0.333
91577131,paving_stones,unknown,versiegelt,0.334,0.334,0.333,0.333
92359940,paving_stones,unknown,versiegelt,0.334,0.334,0.333,0.333
92359943,unknown,unknown,versiegelt,0.334,0.334,0.333,0.333
92359945,paving_stones,unknown,versiegelt,0.334,0.334,0.333,0.333
92359948,pebblestone,grade4,versiegelt,0.334,0.334,0.333,0.333
92359949,unknown,unknown,versiegelt,0.334,0.334,0.333,0.333
92359950,unknown,unknown,versiegelt,0.334,0.334,0.333,0.333
92359951,ground,grade4,versiegelt,0.334,0.334,0.333,0.333
92359952,unknown,unknown,versiegelt,0.334,0.334,0.333,0.333
92473647,unknown,unknown,versiegelt,0.334,0.334,0.333,0.333
92473654,unknown,unknown,versiegelt,0.334,0.334,0.333,0.333
92774857,unknown,grade3,versiegelt,0.334,0.334,0.333,0.333
92774862,unknown,unknown,versiegelt,0.334,0.334,0.333,0.333
93221948,paving_stones,unknown,versiegelt,0.334,0.334,0.333,0.333
93221954,ground,unknown,versiegelt,0.334,0.334,0.333,0.333
93399012,paving_stones,unknown,versiegelt,0.334,0.334,0.333,0.333
93399016,paving_stones,unknown,versiegelt,0.334,0.334,0.333,0.333
93490696,unknown,unknown,versiegelt,0.334,0.334,0.333,0.333
93490699,unknown,unknown,versiegelt,0.334,0.334,0.333,0.333
93490737,wood,unknown,versiegelt,0.334,0.334,0.333,0.333
93490740,unknown,unknown,versiegelt,0.334,0.334,0.333,0.333
93495187,paving_stones,unknown,versiegelt,0.334,0.334,0.333,0.333
93541843,paving_stones,unknown,versiegelt,0.334,0.334,0.333,0.333
93541878,paving_stones,unknown,versiegelt,0.334,0.334,0.333,0.333
93649634,unknown,unknown,versiegelt,0.334,0.334,0.333,0.333
93660478,paving_stones,unknown,versiegelt,0.334,0.334,0.333,0.333
93786778,unknown,unknown,versiegelt,0.334,0.334,0.333,0.333
93786779,unknown,unknown,versiegelt,0.334,0.334,0.333,0.333
93827787,unknown,unknown,versiegelt,0.334,0.334,0.333,0.333
94159784,unknown,grade5,versiegelt,0.334,0.334,0.333,0.333
94173371,unknown,unknown,versiegelt,0.334,0.334,0.333,0.333
94249614,unknown,unknown,versiegelt,0.334,0.334,0.333,0.333
95010509,paving_stones,unknown,versiegelt,0.334,0.334,0.333,0.333
95018556,paving_stones,unknown,versiegelt,0.334,0.334,0.333,0.333
95049785,unknown,grade4,versiegelt,0.334,0.334,0.333,0.333
95139829,unknown,unknown,versiegelt,0.334,0.334,0.333,0.333
95139837,unknown,unknown,versiegelt,0.334,0.334,0.333,0.333
95139846,unknown,unknown,versiegelt,0.334,0.334,0.333,0.333
95142967,unknown,grade2,versiegelt,0.334,0.334,0.333,0.333
95316731,paving_stones,unknown,versiegelt,0.334,0.334,0.333,0.333
95316740,paving_stones,unknown,versiegelt,0.334,0.334,0.333,0.333
95316756,paving_stones,unknown,versiegelt,0.334,0.334,0.333,0.333
95422115,unknown,unknown,versiegelt,0.334,0.334,0.333,0.333
95422116,unknown,grade2,versiegelt,0.334,0.334,0.333,0.333
95422120,unknown,grade1,versiegelt,0.334,0.334,0.333,0.333
95435342,unknown,grade5,versiegelt,0.334,0.334,0.333,0.333
95435344,unknown,grade5,versiegelt,0.334,0.334,0.333,0.333
95497017,wood,unknown,versiegelt,0.334,0.334,0.333,0.333
95497021,unknown,unknown,versiegelt,0.334,0.334,0.333,0.333
95497026,unknown,unknown,versiegelt,0.334,0.334,0.333,0.333
95533938,unknown,grade1,versiegelt,0.334,0.334,0.333,0.333
95533939,unknown,grade2,versiegelt,0.334,0.334,0.333,0.333
95545135,unknown,grade5,versiegelt,0.334,0.334,0.333,0.333
95545136,unknown,unknown,versiegelt,0.334,0.334,0.333,0.333
95610034,unknown,unknown,versiegelt,0.334,0.334,0.333,0.333
95610035,unknown,unknown,versiegelt,0.334,0.334,0.333,0.333
95632253,unknown,unknown,versiegelt,0.334,0.334,0.333,0.333
95707662,unknown,unknown,versiegelt,0.334,0.334,0.333,0.333
96289495,unknown,grade1,versiegelt,0.334,0.334,0.333,0.333
96300954,unknown,unknown,versiegelt,0.334,0.334,0.333,0.333
96412265,unknown,grade2,versiegelt,0.334,0.334,0.333,0.333
96744674,unknown,unknown,versiegelt,0.334,0.334,0.333,0.333
96744675,unknown,unknown,versiegelt,0.334,0.334,0.333,0.333
96744702,unknown,grade5,versiegelt,0.334,0.334,0.333,0.333
97408707,unknown,unknown,versiegelt,0.334,0.334,0.333,0.333
97408716,wood,unknown,versiegelt,0.334,0.334,0.333,0.333
97408734,unknown,grade3,versiegelt,0.334,0.334,0.333,0.333
97408739,unknown,unknown,versiegelt,0.334,0.334,0.333,0.333
97408744,unknown,unknown,versiegelt,0.334,0.334,0.333,0.333
97408751,unknown,unknown,versiegelt,0.334,0.334,0.333,0.333
97449985,unknown,unknown,versiegelt,0.334,0.334,0.333,0.333
97534755,paving_stones,unknown,versiegelt,0.334,0.334,0.333,0.333
98334091,paving_stones,unknown,versiegelt,0.334,0.334,0.333,0.333
98343574,paving_stones,unknown,versiegelt,0.334,0.334,0.333,0.333
98392608,paving_stones,unknown,versiegelt,0.334,0.334,0.333,0.333
98403462,grass_paver,grade3,versiegelt,0.334,0.334,0.333,0.333
98403465,unknown,grade3,versiegelt,0.334,0.334,0.333,0.333
98403466,unknown,grade3,versiegelt,0.334,0.334,0.333,0.333
98497137,unknown,grade3,versiegelt,0.334,0.334,0.333,0.333
98501709,unknown,unknown,versiegelt,0.334,0.334,0.333,0.333
98737948,unknown,unknown,versiegelt,0.334,0.334,0.333,0.333
98737959,unknown,unknown,versiegelt,0.334,0.334,0.333,0.333
98737960,unknown,unknown,versiegelt,0.334,0.334,0.333,0.333
98921848,unknown,grade5,versiegelt,0.334,0.334,0.333,0.333
99004336,unknown,unknown,versiegelt,0.334,0.334,0.333,0.333
99004339,unknown,unknown,versiegelt,0.334,0.334,0.333,0.333
99005507,unknown,grade4,versiegelt,0.334,0.334,0.333,0.333
99005509,unknown,grade4,versiegelt,0.334,0.334,0.333,0.333
99011393,unknown,grade3,versiegelt,0.334,0.334,0.333,0.333
99011394,unknown,grade5,versiegelt,0.334,0.334,0.333,0.333
99011395,unknown,grade5,versiegelt,0.334,0.334,0.333,0.333
99011902,unknown,grade5,versiegelt,0.334,0.334,0.333,0.333
99987807,unknown,unknown,versiegelt,0.334,0.334,0.333,0.333
99987808,unknown,unknown,versiegelt,0.334,0.334,0.333,0.333
99987809,unknown,unknown,versiegelt,0.334,0.334,0.333,0.333
100387428,unknown,grade3,versiegelt,0.334,0.334,0.333,0.333
100485515,unknown,unknown,versiegelt,0.334,0.334,0.333,0.333
100485516,unknown,unknown,versiegelt,0.334,0.334,0.333,0.333
100485518,unknown,unknown,versiegelt,0.334,0.334,0.333,0.333
100485528,unknown,unknown,versiegelt,0.334,0.334,0.333,0.333
100485532,unknown,unknown,versiegelt,0.334,0.334,0.333,0.333
100712280,unknown,grade2,versiegelt,0.334,0.334,0.333,0.333
100714876,unknown,grade1,versiegelt,0.334,0.334,0.333,0.333
100714879,unknown,grade5,versiegelt,0.334,0.334,0.333,0.333
100714889,ground,unknown,versiegelt,0.334,0.334,0.333,0.333
100714890,unknown,grade5,versiegelt,0.334,0.334,0.333,0.333
100714905,unknown,unknown,versiegelt,0.334,0.334,0.333,0.333
100714906,unknown,unknown,versiegelt,0.334,0.334,0.333,0.333
100714908,ground,grade5,versiegelt,0.334,0.334,0.333,0.333
103727675,unknown,grade1,versiegelt,0.334,0.334,0.333,0.333
105594390,unknown,unknown,versiegelt,0.334,0.334,0.333,0.333
105603426,unknown,unknown,versiegelt,0.334,0.334,0.333,0.333
105621534,sett,unknown,versiegelt,0.334,0.334,0.333,0.333
105789257,paving_stones,unknown,versiegelt,0.334,0.334,0.333,0.333
105789282,paving_stones,unknown,versiegelt,0.334,0.334,0.333,0.333
106078537,grass_paver,unknown,versiegelt,0.334,0.334,0.333,0.333
106457443,paving_stones,unknown,versiegelt,0.334,0.334,0.333,0.333
106824043,cobblestone,unknown,versiegelt,0.334,0.334,0.333,0.333
107684893,paving_stones,unknown,versiegelt,0.334,0.334,0.333,0.333
107684895,unknown,unknown,versiegelt,0.334,0.334,0.333,0.333
107684896,wood,unknown,versiegelt,0.334,0.334,0.333,0.333
107916291,unknown,unknown,versiegelt,0.334,0.334,0.333,0.333
108030165,unknown,unknown,versiegelt,0.334,0.334,0.333,0.333
108030192,unknown,unknown,versiegelt,0.334,0.334,0.333,0.333
108030196,unknown,unknown,versiegelt,0.334,0.334,0.333,0.333
108626262,paving_stones,unknown,versiegelt,0.334,0.334,0.333,0.333
108626282,paving_stones,unknown,versiegelt,0.334,0.334,0.333,0.333
108643666,unknown,unknown,versiegelt,0.334,0.334,0.333,0.333
108643668,paving_stones,unknown,versiegelt,0.334,0.334,0.333,0.333
108715681,unknown,grade5,versiegelt,0.334,0.334,0.333,0.333
108715682,unknown,grade4,versiegelt,0.334,0.334,0.333,0.333
108718478,ground,unknown,versiegelt,0.334,0.334,0.333,0.333
108718846,unknown,grade5,versiegelt,0.334,0.334,0.333,0.333
108718847,unknown,grade3,versiegelt,0.334,0.334,0.333,0.333
108897415,unknown,unknown,versiegelt,0.334,0.334,0.333,0.333
109486250,unknown,unknown,versiegelt,0.334,0.334,0.333,0.333
109486253,unknown,unknown,versiegelt,0.334,0.334,0.333,0.333
109697587,unknown,grade5,versiegelt,0.334,0.334,0.333,0.333
109697596,unknown,grade3,versiegelt,0.334,0.334,0.333,0.333
109697601,unknown,grade5,versiegelt,0.334,0.334,0.333,0.333
109702068,ground,grade4,versiegelt,0.334,0.334,0.333,0.333
109702100,paving_stones,unknown,versiegelt,0.334,0.334,0.333,0.333
109702102,paving_stones,unknown,versiegelt,0.334,0.334,0.333,0.333
109707974,ground,grade4,versiegelt,0.334,0.334,0.333,0.333
109707994,ground,grade4,versiegelt,0.334,0.334,0.333,0.333
109708004,unknown,unknown,versiegelt,0.334,0.334,0.333,0.333
109709890,ground,grade3,versiegelt,0.334,0.334,0.333,0.333
109709913,unknown,grade3,versiegelt,0.334,0.334,0.333,0.333
109712181,unknown,unknown,versiegelt,0.334,0.334,0.333,0.333
110345601,paving_stones,unknown,versiegelt,0.334,0.334,0.333,0.333
110388412,paving_stones,unknown,versiegelt,0.334,0.334,0.333,0.333
110388413,paving_stones,unknown,versiegelt,0.334,0.334,0.333,0.333
110467827,paving_stones,unknown,versiegelt,0.334,0.334,0.333,0.333
110535045,unknown,grade2,versiegelt,0.334,0.334,0.333,0.333
112149392,ground,unknown,versiegelt,0.334,0.334,0.333,0.333
112149456,unknown,grade3,versiegelt,0.334,0.334,0.333,0.333
112149475,unknown,unknown,versiegelt,0.334,0.334,0.333,0.333
112360793,cobblestone,unknown,versiegelt,0.334,0.334,0.333,0.333
112366510,paving_stones,unknown,versiegelt,0.334,0.334,0.333,0.333
112596489,ground,grade2,versiegelt,0.334,0.334,0.333,0.333
112867005,unknown,grade2,versiegelt,0.334,0.334,0.333,0.333
112867008,ground,grade4,versiegelt,0.334,0.334,0.333,0.333
112867023,ground,grade3,versiegelt,0.334,0.334,0.333,0.333
112869584,unknown,grade3,versiegelt,0.334,0.334,0.333,0.333
113082523,ground,grade4,versiegelt,0.334,0.334,0.333,0.333
113082526,unknown,unknown,versiegelt,0.334,0.334,0.333,0.333
113082530,unknown,unknown,versiegelt,0.334,0.334,0.333,0.333
113082532,unknown,unknown,versiegelt,0.334,0.334,0.333,0.333
113082537,unknown,unknown,versiegelt,0.334,0.334,0.333,0.333
113295544,unknown,grade3,versiegelt,0.334,0.334,0.333,0.333
113295549,ground,grade4,versiegelt,0.334,0.334,0.333,0.333
113295556,unknown,grade5,versiegelt,0.334,0.334,0.333,0.333
113295562,ground,grade3,versiegelt,0.334,0.334,0.333,0.333
113306771,unknown,grade2,versiegelt,0.334,0.334,0.333,0.333
113503593,ground,grade3,versiegelt,0.334,0.334,0.333,0.333
113503595,ground,grade5,versiegelt,0.334,0.334,0.333,0.333
113504587,unknown,grade5,versiegelt,0.334,0.334,0.333,0.333
113516620,unknown,grade1,versiegelt,0.334,0.334,0.333,0.333
113516621,unknown,grade1,versiegelt,0.334,0.334,0.333,0.333
113524939,unknown,unknown,versiegelt,0.334,0.334,0.333,0.333
113578267,unknown,grade3,versiegelt,0.334,0.334,0.333,0.333
113597808,unknown,grade5,versiegelt,0.334,0.334,0.333,0.333
113597830,unknown,grade3,versiegelt,0.334,0.334,0.333,0.333
113597839,unknown,grade3,versiegelt,0.334,0.334,0.333,0.333
113597841,unknown,grade3,versiegelt,0.334,0.334,0.333,0.333
113597848,unknown,grade5,versiegelt,0.334,0.334,0.333,0.333
113597854,unknown,grade4,versiegelt,0.334,0.334,0.333,0.333
114192464,unknown,grade3,versiegelt,0.334,0.334,0.333,0.333
114200258,unknown,grade2,versiegelt,0.334,0.334,0.333,0.333
114207889,unknown,grade3,versiegelt,0.334,0.334,0.333,0.333
114555558,unknown,grade5,versiegelt,0.334,0.334,0.333,0.333
114555560,unknown,unknown,versiegelt,0.334,0.334,0.333,0.333
114596960,paving_stones,unknown,versiegelt,0.334,0.334,0.333,0.333
114596996,paving_stones,unknown,versiegelt,0.334,0.334,0.333,0.333
114597022,paving_stones,unknown,versiegelt,0.334,0.334,0.333,0.333
114724720,ground,grade2,versiegelt,0.334,0.334,0.333,0.333
114724721,unknown,grade1,versiegelt,0.334,0.334,0.333,0.333
115725938,ground,grade4,versiegelt,0.334,0.334,0.333,0.333
115725967,ground,grade4,versiegelt,0.334,0.334,0.333,0.333
115928764,unknown,unknown,versiegelt,0.334,0.334,0.333,0.333
115928774,ground,grade4,versiegelt,0.334,0.334,0.333,0.333
116026332,unknown,grade3,versiegelt,0.334,0.334,0.333,0.333
117144408,unknown,grade3,versiegelt,0.334,0.334,0.333,0.333
117390440,unknown,unknown,versiegelt,0.334,0.334,0.333,0.333
117391557,unknown,unknown,versiegelt,0.334,0.334,0.333,0.333
117391558,unknown,unknown,versiegelt,0.334,0.334,0.333,0.333
117391560,unknown,unknown,versiegelt,0.334,0.334,0.333,0.333
117391562,unknown,unknown,versiegelt,0.334,0.334,0.333,0.333
117391565,unknown,grade5,versiegelt,0.334,0.334,0.333,0.333
117391566,unknown,grade2,versiegelt,0.334,0.334,0.333,0.333
117391568,unknown,unknown,versiegelt,0.334,0.334,0.333,0.333
117391569,unknown,grade5,versiegelt,0.334,0.334,0.333,0.333
117391570,unknown,unknown,versiegelt,0.334,0.334,0.333,0.333
117391571,unknown,grade5,versiegelt,0.334,0.334,0.333,0.333
117391573,gravel_turf,grade5,versiegelt,0.334,0.334,0.333,0.333
117470691,unknown,unknown,versiegelt,0.334,0.334,0.333,0.333
117701837,paving_stones,unknown,versiegelt,0.334,0.334,0.333,0.333
117701838,paving_stones,unknown,versiegelt,0.334,0.334,0.333,0.333
117701847,unknown,grade4,versiegelt,0.334,0.334,0.333,0.333
117701848,unknown,unknown,versiegelt,0.334,0.334,0.333,0.333
117701864,unknown,unknown,versiegelt,0.334,0.334,0.333,0.333
117719595,unknown,grade4,versiegelt,0.334,0.334,0.333,0.333
117719609,unknown,grade3,versiegelt,0.334,0.334,0.333,0.333
117719635,unknown,grade3,versiegelt,0.334,0.334,0.333,0.333
117719656,ground,grade3,versiegelt,0.334,0.334,0.333,0.333
117726929,unknown,grade3,versiegelt,0.334,0.334,0.333,0.333
117726978,unknown,unknown,versiegelt,0.334,0.334,0.333,0.333
117727343,earth,grade4,versiegelt,0.334,0.334,0.333,0.333
117727431,ground,grade4,versiegelt,0.334,0.334,0.333,0.333
117727438,ground,unknown,versiegelt,0.334,0.334,0.333,0.333
117727441,ground,unknown,versiegelt,0.334,0.334,0.333,0.333
117727452,ground,grade4,versiegelt,0.334,0.334,0.333,0.333
117734539,unknown,grade3,versiegelt,0.334,0.334,0.333,0.333
117734671,unknown,grade1,versiegelt,0.334,0.334,0.333,0.333
117871954,unknown,grade2,versiegelt,0.334,0.334,0.333,0.333
117871956,ground,grade4,versiegelt,0.334,0.334,0.333,0.333
117871958,ground,grade3,versiegelt,0.334,0.334,0.333,0.333
117871961,unknown,grade2,versiegelt,0.334,0.334,0.333,0.333
117871962,paving_stones,unknown,versiegelt,0.334,0.334,0.333,0.333
117871964,unknown,grade3,versiegelt,0.334,0.334,0.333,0.333
118164857,unknown,unknown,versiegelt,0.334,0.334,0.333,0.333
118224052,ground,grade5,versiegelt,0.334,0.334,0.333,0.333
118224053,ground,grade4,versiegelt,0.334,0.334,0.333,0.333
118224056,unknown,grade3,versiegelt,0.334,0.334,0.333,0.333
118231113,ground,grade4,versiegelt,0.334,0.334,0.333,0.333
118231114,unknown,grade3,versiegelt,0.334,0.334,0.333,0.333
118231133,unknown,unknown,versiegelt,0.334,0.334,0.333,0.333
118231137,ground,unknown,versiegelt,0.334,0.334,0.333,0.333
118231144,unknown,unknown,versiegelt,0.334,0.334,0.333,0.333
118231148,unknown,grade4,versiegelt,0.334,0.334,0.333,0.333
118231152,unknown,grade5,versiegelt,0.334,0.334,0.333,0.333
118231235,unknown,grade3,versiegelt,0.334,0.334,0.333,0.333
118233026,unknown,grade1,versiegelt,0.334,0.334,0.333,0.333
118233040,unknown,grade3,versiegelt,0.334,0.334,0.333,0.333
118233042,unknown,grade4,versiegelt,0.334,0.334,0.333,0.333
118233048,unknown,grade4,versiegelt,0.334,0.334,0.333,0.333
118233054,unknown,grade3,versiegelt,0.334,0.334,0.333,0.333
118233057,unknown,grade4,versiegelt,0.334,0.334,0.333,0.333
118233058,ground,grade4,versiegelt,0.334,0.334,0.333,0.333
118234657,unknown,unknown,versiegelt,0.334,0.334,0.333,0.333
118236542,ground,unknown,versiegelt,0.334,0.334,0.333,0.333
118241543,unknown,grade3,versiegelt,0.334,0.334,0.333,0.333
118241553,unknown,unknown,versiegelt,0.334,0.334,0.333,0.333
118241559,unknown,unknown,versiegelt,0.334,0.334,0.333,0.333
118241560,unknown,grade4,versiegelt,0.334,0.334,0.333,0.333
118241570,unknown,grade3,versiegelt,0.334,0.334,0.333,0.333
118241574,unknown,grade3,versiegelt,0.334,0.334,0.333,0.333
118247307,unknown,unknown,versiegelt,0.334,0.334,0.333,0.333
118555307,unknown,unknown,versiegelt,0.334,0.334,0.333,0.333
118820848,unknown,unknown,versiegelt,0.334,0.334,0.333,0.333
119210728,unknown,grade1,versiegelt,0.334,0.334,0.333,0.333
119210729,unknown,grade5,versiegelt,0.334,0.334,0.333,0.333
119210730,unknown,grade5,versiegelt,0.334,0.334,0.333,0.333
119210738,unknown,grade5,versiegelt,0.334,0.334,0.333,0.333
119237820,unknown,unknown,versiegelt,0.334,0.334,0.333,0.333
119238530,ground,unknown,versiegelt,0.334,0.334,0.333,0.333
119238531,unknown,grade4,versiegelt,0.334,0.334,0.333,0.333
120044767,asphalt; grass_paver,grade1,versiegelt,0.334,0.334,0.333,0.333
120139343,cobblestone,unknown,versiegelt,0.334,0.334,0.333,0.333
120139344,cobblestone,unknown,versiegelt,0.334,0.334,0.333,0.333
120521533,unknown,unknown,versiegelt,0.334,0.334,0.333,0.333
120521534,unknown,unknown,versiegelt,0.334,0.334,0.333,0.333
120521535,unknown,grade1,versiegelt,0.334,0.334,0.333,0.333
121399766,earth,grade4,versiegelt,0.334,0.334,0.333,0.333
121399772,ground,grade3,versiegelt,0.334,0.334,0.333,0.333
122197636,unknown,grade1,versiegelt,0.334,0.334,0.333,0.333
122301148,unknown,grade1,versiegelt,0.334,0.334,0.333,0.333
122766394,unknown,unknown,versiegelt,0.334,0.334,0.333,0.333
122766395,unknown,unknown,versiegelt,0.334,0.334,0.333,0.333
122766397,unknown,unknown,versiegelt,0.334,0.334,0.333,0.333
122768237,unknown,grade5,versiegelt,0.334,0.334,0.333,0.333
122768240,unknown,grade5,versiegelt,0.334,0.334,0.333,0.333
122772747,unknown,unknown,versiegelt,0.334,0.334,0.333,0.333
122772750,paving_stones,unknown,versiegelt,0.334,0.334,0.333,0.333
123125527,unknown,grade2,versiegelt,0.334,0.334,0.333,0.333
123180486,unknown,unknown,versiegelt,0.334,0.334,0.333,0.333
123180488,unknown,unknown,versiegelt,0.334,0.334,0.333,0.333
123180491,unknown,unknown,versiegelt,0.334,0.334,0.333,0.333
123180492,unknown,unknown,versiegelt,0.334,0.334,0.333,0.333
123180500,unknown,unknown,versiegelt,0.334,0.334,0.333,0.333
123183449,ground,grade4,versiegelt,0.334,0.334,0.333,0.333
123928703,unknown,unknown,versiegelt,0.334,0.334,0.333,0.333
123928716,unknown,grade3,versiegelt,0.334,0.334,0.333,0.333
124385682,unknown,unknown,versiegelt,0.334,0.334,0.333,0.333
125685241,ground,grade3,versiegelt,0.334,0.334,0.333,0.333
125685244,cobblestone,grade4,versiegelt,0.334,0.334,0.333,0.333
126077651,unknown,unknown,versiegelt,0.334,0.334,0.333,0.333
126134601,ground,grade3,versiegelt,0.334,0.334,0.333,0.333
126134637,wood,unknown,versiegelt,0.334,0.334,0.333,0.333
126134641,paving_stones,unknown,versiegelt,0.334,0.334,0.333,0.333
126303485,ground,grade2,versiegelt,0.334,0.334,0.333,0.333
126303501,ground,unknown,versiegelt,0.334,0.334,0.333,0.333
126303502,ground,grade2,versiegelt,0.334,0.334,0.333,0.333
126304355,ground,grade5,versiegelt,0.334,0.334,0.333,0.333
126573438,ground,grade3,versiegelt,0.334,0.334,0.333,0.333
126573453,ground,grade4,versiegelt,0.334,0.334,0.333,0.333
126573460,ground,grade3,versiegelt,0.334,0.334,0.333,0.333
126573462,ground,grade3,versiegelt,0.334,0.334,0.333,0.333
126613816,ground,unknown,versiegelt,0.334,0.334,0.333,0.333
126613823,ground,grade5,versiegelt,0.334,0.334,0.333,0.333
127226878,unknown,unknown,versiegelt,0.334,0.334,0.333,0.333
127226879,unknown,unknown,versiegelt,0.334,0.334,0.333,0.333
127226880,unknown,unknown,versiegelt,0.334,0.334,0.333,0.333
127226881,unknown,unknown,versiegelt,0.334,0.334,0.333,0.333
127240484,unknown,unknown,versiegelt,0.334,0.334,0.333,0.333
127268038,ground,unknown,versiegelt,0.334,0.334,0.333,0.333
127268042,ground,grade4,versiegelt,0.334,0.334,0.333,0.333
127661058,unknown,unknown,versiegelt,0.334,0.334,0.333,0.333
127674110,ground,grade3,versiegelt,0.334,0.334,0.333,0.333
127674111,ground,grade3,versiegelt,0.334,0.334,0.333,0.333
127674113,earth,unknown,versiegelt,0.334,0.334,0.333,0.333
127674116,ground,grade3,versiegelt,0.334,0.334,0.333,0.333
127707792,unknown,grade2,versiegelt,0.334,0.334,0.333,0.333
127707793,unknown,grade1,versiegelt,0.334,0.334,0.333,0.333
128089851,ground,grade4,versiegelt,0.334,0.334,0.333,0.333
128089852,ground,grade3,versiegelt,0.334,0.334,0.333,0.333
128089856,ground,grade2,versiegelt,0.334,0.334,0.333,0.333
128089857,ground,grade2,versiegelt,0.334,0.334,0.333,0.333
128089866,ground,grade2,versiegelt,0.334,0.334,0.333,0.333
128113329,ground,grade5,versiegelt,0.334,0.334,0.333,0.333
128113335,ground,grade5,versiegelt,0.334,0.334,0.333,0.333
128113351,ground,grade3,versiegelt,0.334,0.334,0.333,0.333
128113355,ground,grade2,versiegelt,0.334,0.334,0.333,0.333
128113356,unknown,grade4,versiegelt,0.334,0.334,0.333,0.333
128113366,ground,grade2,versiegelt,0.334,0.334,0.333,0.333
128274628,ground,unknown,versiegelt,0.334,0.334,0.333,0.333
128764780,pebblestone,grade2,versiegelt,0.334,0.334,0.333,0.333
129147328,ground,grade3,versiegelt,0.334,0.334,0.333,0.333
129147330,ground,grade3,versiegelt,0.334,0.334,0.333,0.333
129147341,ground,grade4,versiegelt,0.334,0.334,0.333,0.333
129147342,ground,grade3,versiegelt,0.334,0.334,0.333,0.333
129147345,ground,grade4,versiegelt,0.334,0.334,0.333,0.333
129709361,ground,unknown,versiegelt,0.334,0.334,0.333,0.333
129709365,ground,unknown,versiegelt,0.334,0.334,0.333,0.333
129709366,ground,unknown,versiegelt,0.334,0.334,0.333,0.333
129709367,unknown,unknown,versiegelt,0.334,0.334,0.333,0.333
129709369,unknown,unknown,versiegelt,0.334,0.334,0.333,0.333
129709371,unknown,unknown,versiegelt,0.334,0.334,0.333,0.333
129709372,unknown,unknown,versiegelt,0.334,0.334,0.333,0.333
129709373,unknown,unknown,versiegelt,0.334,0.334,0.333,0.333
129709376,unknown,unknown,versiegelt,0.334,0.334,0.333,0.333
129787890,pebblestone,grade2,versiegelt,0.334,0.334,0.333,0.333
129787891,wood,unknown,versiegelt,0.334,0.334,0.333,0.333
129787892,wood,grade1,versiegelt,0.334,0.334,0.333,0.333
129787894,pebblestone,grade3,versiegelt,0.334,0.334,0.333,0.333
129787898,paving_stones,grade2,versiegelt,0.334,0.334,0.333,0.333
129810047,paving_stones,grade2,versiegelt,0.334,0.334,0.333,0.333
129810048,unknown,grade3,versiegelt,0.334,0.334,0.333,0.333
129889759,unknown,unknown,versiegelt,0.334,0.334,0.333,0.333
129889761,paving_stones,unknown,versiegelt,0.334,0.334,0.333,0.333
129919739,cobblestone,unknown,versiegelt,0.334,0.334,0.333,0.333
129919740,paving_stones,unknown,versiegelt,0.334,0.334,0.333,0.333
129919742,cobblestone,unknown,versiegelt,0.334,0.334,0.333,0.333
129919745,cobblestone,unknown,versiegelt,0.334,0.334,0.333,0.333
129919747,cobblestone,unknown,versiegelt,0.334,0.334,0.333,0.333
129919748,paving_stones,unknown,versiegelt,0.334,0.334,0.333,0.333
129919749,cobblestone,unknown,versiegelt,0.334,0.334,0.333,0.333
129919750,cobblestone,unknown,versiegelt,0.334,0.334,0.333,0.333
129919754,cobblestone,unknown,versiegelt,0.334,0.334,0.333,0.333
129919755,cobblestone,unknown,versiegelt,0.334,0.334,0.333,0.333
129919756,cobblestone,unknown,versiegelt,0.334,0.334,0.333,0.333
129919757,cobblestone,unknown,versiegelt,0.334,0.334,0.333,0.333
129919758,cobblestone,unknown,versiegelt,0.334,0.334,0.333,0.333
129919759,paving_stones,unknown,versiegelt,0.334,0.334,0.333,0.333
130580810,unknown,unknown,versiegelt,0.334,0.334,0.333,0.333
130792286,ground,unknown,versiegelt,0.334,0.334,0.333,0.333
130792290,ground,unknown,versiegelt,0.334,0.334,0.333,0.333
130792291,ground,unknown,versiegelt,0.334,0.334,0.333,0.333
130792292,pebblestone,unknown,versiegelt,0.334,0.334,0.333,0.333
130792298,ground,unknown,versiegelt,0.334,0.334,0.333,0.333
130792301,ground,unknown,versiegelt,0.334,0.334,0.333,0.333
130792303,wood,unknown,versiegelt,0.334,0.334,0.333,0.333
130792304,ground,unknown,versiegelt,0.334,0.334,0.333,0.333
130792306,ground,unknown,versiegelt,0.334,0.334,0.333,0.333
130792309,pebblestone,grade2,versiegelt,0.334,0.334,0.333,0.333
130792313,ground,unknown,versiegelt,0.334,0.334,0.333,0.333
130792324,ground,unknown,versiegelt,0.334,0.334,0.333,0.333
130792325,pebblestone,grade3,versiegelt,0.334,0.334,0.333,0.333
130905989,wood,grade3,versiegelt,0.334,0.334,0.333,0.333
130905990,wood,unknown,versiegelt,0.334,0.334,0.333,0.333
130905993,pebblestone,grade2,versiegelt,0.334,0.334,0.333,0.333
130905994,ground,unknown,versiegelt,0.334,0.334,0.333,0.333
130905999,pebblestone,unknown,versiegelt,0.334,0.334,0.333,0.333
131075456,unknown,unknown,versiegelt,0.334,0.334,0.333,0.333
131199246,unknown,unknown,versiegelt,0.334,0.334,0.333,0.333
131351324,ground,grade3,versiegelt,0.334,0.334,0.333,0.333
131351325,unknown,grade3,versiegelt,0.334,0.334,0.333,0.333
131555334,asphalt-grass-asphalt,grade1,versiegelt,0.334,0.334,0.333,0.333
131555335,asphalt-grass-asphalt,grade1,versiegelt,0.334,0.334,0.333,0.333
131555337,asphalt-grass-asphalt,grade1,versiegelt,0.334,0.334,0.333,0.333
131555341,asphalt-grass-asphalt,grade1,versiegelt,0.334,0.334,0.333,0.333
131555343,asphalt;paving_stones,grade1,versiegelt,0.334,0.334,0.333,0.333
131555346,asphalt-grass-asphalt,grade1,versiegelt,0.334,0.334,0.333,0.333
131688402,paving_stones,unknown,versiegelt,0.334,0.334,0.333,0.333
132012253,ground,grade3,versiegelt,0.334,0.334,0.333,0.333
132012260,ground,grade4,versiegelt,0.334,0.334,0.333,0.333
132012262,cobblestone,grade2,versiegelt,0.334,0.334,0.333,0.333
132012266,ground,grade3,versiegelt,0.334,0.334,0.333,0.333
132012268,unknown,grade4,versiegelt,0.334,0.334,0.333,0.333
132012275,ground,unknown,versiegelt,0.334,0.334,0.333,0.333
132012281,unknown,grade2,versiegelt,0.334,0.334,0.333,0.333
132124428,ground,grade5,versiegelt,0.334,0.334,0.333,0.333
132124433,paving_stones,unknown,versiegelt,0.334,0.334,0.333,0.333
132124437,cobblestone,grade2,versiegelt,0.334,0.334,0.333,0.333
132124443,ground,grade5,versiegelt,0.334,0.334,0.333,0.333
132659584,asphalt-grass-asphalt,grade1,versiegelt,0.334,0.334,0.333,0.333
132659587,asphalt-grass-asphalt,grade1,versiegelt,0.334,0.334,0.333,0.333
132659592,asphalt-grass-asphalt,grade1,versiegelt,0.334,0.334,0.333,0.333
133101713,ground,grade4,versiegelt,0.334,0.334,0.333,0.333
133101715,ground,grade4,versiegelt,0.334,0.334,0.333,0.333
133101726,ground,grade4,versiegelt,0.334,0.334,0.333,0.333
133542351,ground,grade3,versiegelt,0.334,0.334,0.333,0.333
133542358,unknown,unknown,versiegelt,0.334,0.334,0.333,0.333
133542363,earth,unknown,versiegelt,0.334,0.334,0.333,0.333
133542366,ground,unknown,versiegelt,0.334,0.334,0.333,0.333
133542393,unknown,unknown,versiegelt,0.334,0.334,0.333,0.333
133542400,unknown,unknown,versiegelt,0.334,0.334,0.333,0.333
133542409,ground,unknown,versiegelt,0.334,0.334,0.333,0.333
133893308,ground,unknown,versiegelt,0.334,0.334,0.333,0.333
133893309,ground,unknown,versiegelt,0.334,0.334,0.333,0.333
134565630,paving_stones,unknown,versiegelt,0.334,0.334,0.333,0.333
134949134,unknown,grade5,versiegelt,0.334,0.334,0.333,0.333
135227693,unknown,unknown,versiegelt,0.334,0.334,0.333,0.333
135227695,sett,grade1,versiegelt,0.334,0.334,0.333,0.333
135245043,ground,grade5,versiegelt,0.334,0.334,0.333,0.333
135332343,unknown,grade3,versiegelt,0.334,0.334,0.333,0.333
135332394,unknown,unknown,versiegelt,0.334,0.334,0.333,0.333
135332397,unknown,unknown,versiegelt,0.334,0.334,0.333,0.333
135332807,ground,unknown,versiegelt,0.334,0.334,0.333,0.333
135335091,ground,grade4,versiegelt,0.334,0.334,0.333,0.333
135335092,ground,grade3,versiegelt,0.334,0.334,0.333,0.333
135335094,unknown,grade2,versiegelt,0.334,0.334,0.333,0.333
135335097,unknown,unknown,versiegelt,0.334,0.334,0.333,0.333
135335098,unknown,unknown,versiegelt,0.334,0.334,0.333,0.333
135335099,unknown,grade4,versiegelt,0.334,0.334,0.333,0.333
135335100,unknown,grade4,versiegelt,0.334,0.334,0.333,0.333
135335101,unknown,grade4,versiegelt,0.334,0.334,0.333,0.333
135335102,unknown,grade5,versiegelt,0.334,0.334,0.333,0.333
135335922,concrete:plates,grade1,versiegelt,0.334,0.334,0.333,0.333
135672374,ground,grade3,versiegelt,0.334,0.334,0.333,0.333
135807628,unknown,unknown,versiegelt,0.334,0.334,0.333,0.333
135807629,unknown,unknown,versiegelt,0.334,0.334,0.333,0.333
135807630,unknown,unknown,versiegelt,0.334,0.334,0.333,0.333
135807633,unknown,unknown,versiegelt,0.334,0.334,0.333,0.333
135887268,unknown,grade3,versiegelt,0.334,0.334,0.333,0.333
135996161,paving_stones,unknown,versiegelt,0.334,0.334,0.333,0.333
135996162,unknown,unknown,versiegelt,0.334,0.334,0.333,0.333
136666776,unknown,grade3,versiegelt,0.334,0.334,0.333,0.333
137152569,paving_stones,unknown,versiegelt,0.334,0.334,0.333,0.333
138236963,unknown,unknown,versiegelt,0.334,0.334,0.333,0.333
139531043,unknown,unknown,versiegelt,0.334,0.334,0.333,0.333
139531044,unknown,unknown,versiegelt,0.334,0.334,0.333,0.333
139531046,unknown,unknown,versiegelt,0.334,0.334,0.333,0.333
139531047,unknown,grade3,versiegelt,0.334,0.334,0.333,0.333
139531048,unknown,grade5,versiegelt,0.334,0.334,0.333,0.333
139754144,sett,unknown,versiegelt,0.334,0.334,0.333,0.333
139754151,unknown,unknown,versiegelt,0.334,0.334,0.333,0.333
139754155,unknown,unknown,versiegelt,0.334,0.334,0.333,0.333
139761268,unknown,grade1,versiegelt,0.334,0.334,0.333,0.333
139761270,unknown,grade3,versiegelt,0.334,0.334,0.333,0.333
139761280,unknown,grade1,versiegelt,0.334,0.334,0.333,0.333
139761287,unknown,grade2,versiegelt,0.334,0.334,0.333,0.333
139844714,unknown,grade1,versiegelt,0.334,0.334,0.333,0.333
139844715,unknown,unknown,versiegelt,0.334,0.334,0.333,0.333
139844716,unknown,grade1,versiegelt,0.334,0.334,0.333,0.333
139844717,unknown,unknown,versiegelt,0.334,0.334,0.333,0.333
139844723,ground,grade4,versiegelt,0.334,0.334,0.333,0.333
139844725,paving_stones,unknown,versiegelt,0.334,0.334,0.333,0.333
139844726,unknown,unknown,versiegelt,0.334,0.334,0.333,0.333
139844727,unknown,grade1,versiegelt,0.334,0.334,0.333,0.333
139844743,ground,grade4,versiegelt,0.334,0.334,0.333,0.333
139857320,pebblestone,unknown,versiegelt,0.334,0.334,0.333,0.333
140134039,unknown,unknown,versiegelt,0.334,0.334,0.333,0.333
140136788,unknown,unknown,versiegelt,0.334,0.334,0.333,0.333
140422392,unknown,unknown,versiegelt,0.334,0.334,0.333,0.333
140422394,unknown,unknown,versiegelt,0.334,0.334,0.333,0.333
140897536,unknown,grade1,versiegelt,0.334,0.334,0.333,0.333
140897551,unknown,unknown,versiegelt,0.334,0.334,0.333,0.333
140897575,unknown,grade2,versiegelt,0.334,0.334,0.333,0.333
140907775,unknown,unknown,versiegelt,0.334,0.334,0.333,0.333
140907776,unknown,unknown,versiegelt,0.334,0.334,0.333,0.333
140907777,unknown,unknown,versiegelt,0.334,0.334,0.333,0.333
140907778,unknown,unknown,versiegelt,0.334,0.334,0.333,0.333
140907779,unknown,unknown,versiegelt,0.334,0.334,0.333,0.333
140907780,unknown,unknown,versiegelt,0.334,0.334,0.333,0.333
140907781,unknown,unknown,versiegelt,0.334,0.334,0.333,0.333
140907784,unknown,unknown,versiegelt,0.334,0.334,0.333,0.333
140912075,unknown,unknown,versiegelt,0.334,0.334,0.333,0.333
141219230,paving_stones,unknown,versiegelt,0.334,0.334,0.333,0.333
141446077,unknown,unknown,versiegelt,0.334,0.334,0.333,0.333
141481194,unknown,unknown,versiegelt,0.334,0.334,0.333,0.333
141481195,cobblestone,unknown,versiegelt,0.334,0.334,0.333,0.333
141571376,ground,grade2,versiegelt,0.334,0.334,0.333,0.333
141632736,paving_stones,unknown,versiegelt,0.334,0.334,0.333,0.333
141697922,unknown,grade3,versiegelt,0.334,0.334,0.333,0.333
141775792,unknown,unknown,versiegelt,0.334,0.334,0.333,0.333
141775794,paving_stones,unknown,versiegelt,0.334,0.334,0.333,0.333
141775801,paving_stones,unknown,versiegelt,0.334,0.334,0.333,0.333
141775806,cobblestone,unknown,versiegelt,0.334,0.334,0.333,0.333
141870204,ground,grade3,versiegelt,0.334,0.334,0.333,0.333
141879015,unknown,unknown,versiegelt,0.334,0.334,0.333,0.333
141879045,unknown,grade3,versiegelt,0.334,0.334,0.333,0.333
141891521,paving_stones,unknown,versiegelt,0.334,0.334,0.333,0.333
141891525,unknown,unknown,versiegelt,0.334,0.334,0.333,0.333
141953888,unknown,unknown,versiegelt,0.334,0.334,0.333,0.333
142184270,paving_stones,unknown,versiegelt,0.334,0.334,0.333,0.333
142189371,ground,grade4,versiegelt,0.334,0.334,0.333,0.333
142311247,paving_stones,unknown,versiegelt,0.334,0.334,0.333,0.333
142311255,unknown,unknown,versiegelt,0.334,0.334,0.333,0.333
143129549,unknown,unknown,versiegelt,0.334,0.334,0.333,0.333
144034254,unknown,unknown,versiegelt,0.334,0.334,0.333,0.333
144035162,unknown,grade5,versiegelt,0.334,0.334,0.333,0.333
144035163,unknown,grade5,versiegelt,0.334,0.334,0.333,0.333
144035166,unknown,grade5,versiegelt,0.334,0.334,0.333,0.333
144035167,unknown,grade5,versiegelt,0.334,0.334,0.333,0.333
144035168,unknown,grade5,versiegelt,0.334,0.334,0.333,0.333
144544905,unknown,unknown,versiegelt,0.334,0.334,0.333,0.333
144544906,unknown,grade5,versiegelt,0.334,0.334,0.333,0.333
144710883,unknown,unknown,versiegelt,0.334,0.334,0.333,0.333
144710884,unknown,unknown,versiegelt,0.334,0.334,0.333,0.333
146073812,unknown,unknown,versiegelt,0.334,0.334,0.333,0.333
149488735,ground,unknown,versiegelt,0.334,0.334,0.333,0.333
149488736,ground,unknown,versiegelt,0.334,0.334,0.333,0.333
149488737,unknown,unknown,versiegelt,0.334,0.334,0.333,0.333
149488739,unknown,unknown,versiegelt,0.334,0.334,0.333,0.333
149488740,unknown,unknown,versiegelt,0.334,0.334,0.333,0.333
149488741,unknown,unknown,versiegelt,0.334,0.334,0.333,0.333
149488742,ground,grade5,versiegelt,0.334,0.334,0.333,0.333
149488745,unknown,grade4,versiegelt,0.334,0.334,0.333,0.333
149488746,unknown,unknown,versiegelt,0.334,0.334,0.333,0.333
149488747,unknown,unknown,versiegelt,0.334,0.334,0.333,0.333
149932472,wood,unknown,versiegelt,0.334,0.334,0.333,0.333
149932479,wood,unknown,versiegelt,0.334,0.334,0.333,0.333
149932487,wood,unknown,versiegelt,0.334,0.334,0.333,0.333
149932489,wood,unknown,versiegelt,0.334,0.334,0.333,0.333
149932492,wood,unknown,versiegelt,0.334,0.334,0.333,0.333
150063573,wood,unknown,versiegelt,0.334,0.334,0.333,0.333
150063577,wood,unknown,versiegelt,0.334,0.334,0.333,0.333
150063579,wood,unknown,versiegelt,0.334,0.334,0.333,0.333
150276396,wood,unknown,versiegelt,0.334,0.334,0.333,0.333
150276408,wood,unknown,versiegelt,0.334,0.334,0.333,0.333
150276409,wood,unknown,versiegelt,0.334,0.334,0.333,0.333
152303190,unknown,unknown,versiegelt,0.334,0.334,0.333,0.333
152472388,unknown,grade3,versiegelt,0.334,0.334,0.333,0.333
153884049,paving_stones,unknown,versiegelt,0.334,0.334,0.333,0.333
153884052,paving_stones,unknown,versiegelt,0.334,0.334,0.333,0.333
153884056,paving_stones,unknown,versiegelt,0.334,0.334,0.333,0.333
154564344,unknown,unknown,versiegelt,0.334,0.334,0.333,0.333
154564346,unknown,unknown,versiegelt,0.334,0.334,0.333,0.333
154564354,unknown,unknown,versiegelt,0.334,0.334,0.333,0.333
154564357,unknown,unknown,versiegelt,0.334,0.334,0.333,0.333
154564358,unknown,unknown,versiegelt,0.334,0.334,0.333,0.333
154564362,unknown,grade1,versiegelt,0.334,0.334,0.333,0.333
154564370,unknown,unknown,versiegelt,0.334,0.334,0.333,0.333
154564373,unknown,unknown,versiegelt,0.334,0.334,0.333,0.333
154581706,unknown,unknown,versiegelt,0.334,0.334,0.333,0.333
154806693,gravel;fine_gravel,grade2,versiegelt,0.334,0.334,0.333,0.333
156059789,unknown,grade3,versiegelt,0.334,0.334,0.333,0.333
156662214,ground,grade3,versiegelt,0.334,0.334,0.333,0.333
156662215,ground,grade3,versiegelt,0.334,0.334,0.333,0.333
156662217,ground,grade5,versiegelt,0.334,0.334,0.333,0.333
156662222,pebblestone,unknown,versiegelt,0.334,0.334,0.333,0.333
156798091,wood,unknown,versiegelt,0.334,0.334,0.333,0.333
157315592,wood,unknown,versiegelt,0.334,0.334,0.333,0.333
158193843,cobblestone,unknown,versiegelt,0.334,0.334,0.333,0.333
158209388,unknown,unknown,versiegelt,0.334,0.334,0.333,0.333
158209390,unknown,unknown,versiegelt,0.334,0.334,0.333,0.333
158209391,unknown,unknown,versiegelt,0.334,0.334,0.333,0.333
158942167,unknown,grade3,versiegelt,0.334,0.334,0.333,0.333
159550936,unknown,unknown,versiegelt,0.334,0.334,0.333,0.333
159550939,unknown,unknown,versiegelt,0.334,0.334,0.333,0.333
159587281,unknown,unknown,versiegelt,0.334,0.334,0.333,0.333
159587283,unknown,unknown,versiegelt,0.334,0.334,0.333,0.333
159587285,unknown,unknown,versiegelt,0.334,0.334,0.333,0.333
159591506,unknown,grade1,versiegelt,0.334,0.334,0.333,0.333
159656874,unknown,unknown,versiegelt,0.334,0.334,0.333,0.333
159656876,unknown,unknown,versiegelt,0.334,0.334,0.333,0.333
159656877,unknown,unknown,versiegelt,0.334,0.334,0.333,0.333
159656878,unknown,unknown,versiegelt,0.334,0.334,0.333,0.333
159656880,unknown,unknown,versiegelt,0.334,0.334,0.333,0.333
159656881,unknown,unknown,versiegelt,0.334,0.334,0.333,0.333
159656882,unknown,unknown,versiegelt,0.334,0.334,0.333,0.333
159656883,unknown,unknown,versiegelt,0.334,0.334,0.333,0.333
159701217,unknown,unknown,versiegelt,0.334,0.334,0.333,0.333
159701219,ground,unknown,versiegelt,0.334,0.334,0.333,0.333
160251748,unknown,unknown,versiegelt,0.334,0.334,0.333,0.333
160618546,cobblestone,unknown,versiegelt,0.334,0.334,0.333,0.333
160618547,cobblestone,unknown,versiegelt,0.334,0.334,0.333,0.333
161480033,wood,grade1,versiegelt,0.334,0.334,0.333,0.333
161486584,unknown,unknown,versiegelt,0.334,0.334,0.333,0.333
161486590,unknown,unknown,versiegelt,0.334,0.334,0.333,0.333
161486592,unknown,unknown,versiegelt,0.334,0.334,0.333,0.333
161573743,unknown,grade3,versiegelt,0.334,0.334,0.333,0.333
161605868,unknown,unknown,versiegelt,0.334,0.334,0.333,0.333
161812883,unknown,unknown,versiegelt,0.334,0.334,0.333,0.333
161821965,unknown,grade1,versiegelt,0.334,0.334,0.333,0.333
161821966,unknown,grade2,versiegelt,0.334,0.334,0.333,0.333
161821968,unknown,grade1,versiegelt,0.334,0.334,0.333,0.333
161821970,unknown,unknown,versiegelt,0.334,0.334,0.333,0.333
162027717,paving_stones,unknown,versiegelt,0.334,0.334,0.333,0.333
162448808,unknown,unknown,versiegelt,0.334,0.334,0.333,0.333
162618993,unknown,unknown,versiegelt,0.334,0.334,0.333,0.333
162619106,unknown,unknown,versiegelt,0.334,0.334,0.333,0.333
162924062,unknown,unknown,versiegelt,0.334,0.334,0.333,0.333
162924064,unknown,unknown,versiegelt,0.334,0.334,0.333,0.333
163138905,unknown,unknown,versiegelt,0.334,0.334,0.333,0.333
163138906,unknown,unknown,versiegelt,0.334,0.334,0.333,0.333
164197127,pebblestone,unknown,versiegelt,0.334,0.334,0.333,0.333
165424623,unknown,grade3,versiegelt,0.334,0.334,0.333,0.333
166104076,paving_stones,unknown,versiegelt,0.334,0.334,0.333,0.333
166104079,paving_stones,unknown,versiegelt,0.334,0.334,0.333,0.333
166468367,unknown,unknown,versiegelt,0.334,0.334,0.333,0.333
166982962,unknown,unknown,versiegelt,0.334,0.334,0.333,0.333
168627656,unknown,unknown,versiegelt,0.334,0.334,0.333,0.333
169689984,unknown,grade1,versiegelt,0.334,0.334,0.333,0.333
169690295,unknown,unknown,versiegelt,0.334,0.334,0.333,0.333
169896300,unknown,unknown,versiegelt,0.334,0.334,0.333,0.333
170127568,unknown,grade1,versiegelt,0.334,0.334,0.333,0.333
171489263,concrete:plates,grade1,versiegelt,0.334,0.334,0.333,0.333
171489264,concrete:plates,grade1,versiegelt,0.334,0.334,0.333,0.333
171489266,concrete:plates,grade1,versiegelt,0.334,0.334,0.333,0.333
171489267,unknown,unknown,versiegelt,0.334,0.334,0.333,0.333
171530731,unknown,unknown,versiegelt,0.334,0.334,0.333,0.333
171530735,concrete:plates,grade1,versiegelt,0.334,0.334,0.333,0.333
171530736,concrete:plates,grade1,versiegelt,0.334,0.334,0.333,0.333
171530737,unknown,grade2,versiegelt,0.334,0.334,0.333,0.333
171530738,concrete:plates,grade1,versiegelt,0.334,0.334,0.333,0.333
171530739,unknown,grade5,versiegelt,0.334,0.334,0.333,0.333
171557035,unknown,unknown,versiegelt,0.334,0.334,0.333,0.333
171557036,cobblestone,unknown,versiegelt,0.334,0.334,0.333,0.333
171557037,unknown,unknown,versiegelt,0.334,0.334,0.333,0.333
171561091,unknown,grade3,versiegelt,0.334,0.334,0.333,0.333
171561092,unknown,unknown,versiegelt,0.334,0.334,0.333,0.333
171561093,unknown,grade3,versiegelt,0.334,0.334,0.333,0.333
171561094,unknown,grade3,versiegelt,0.334,0.334,0.333,0.333
171572997,unknown,unknown,versiegelt,0.334,0.334,0.333,0.333
171573017,unknown,unknown,versiegelt,0.334,0.334,0.333,0.333
171574972,unknown,unknown,versiegelt,0.334,0.334,0.333,0.333
171574973,unknown,unknown,versiegelt,0.334,0.334,0.333,0.333
171574980,unknown,unknown,versiegelt,0.334,0.334,0.333,0.333
171574982,unknown,unknown,versiegelt,0.334,0.334,0.333,0.333
171719469,unknown,unknown,versiegelt,0.334,0.334,0.333,0.333
171719470,unknown,unknown,versiegelt,0.334,0.334,0.333,0.333
171719476,unknown,unknown,versiegelt,0.334,0.334,0.333,0.333
171719480,unknown,unknown,versiegelt,0.334,0.334,0.333,0.333
171719481,unknown,unknown,versiegelt,0.334,0.334,0.333,0.333
171721657,unknown,unknown,versiegelt,0.334,0.334,0.333,0.333
171721658,unknown,unknown,versiegelt,0.334,0.334,0.333,0.333
171747157,unknown,unknown,versiegelt,0.334,0.334,0.333,0.333
171747159,unknown,unknown,versiegelt,0.334,0.334,0.333,0.333
172691770,paving_stones,unknown,versiegelt,0.334,0.334,0.333,0.333
172691775,paving_stones,unknown,versiegelt,0.334,0.334,0.333,0.333
173750890,paving_stones,unknown,versiegelt,0.334,0.334,0.333,0.333
175630251,paving_stones,unknown,versiegelt,0.334,0.334,0.333,0.333
175633356,wood,unknown,versiegelt,0.334,0.334,0.333,0.333
176570145,unknown,grade3,versiegelt,0.334,0.334,0.333,0.333
176570685,unknown,unknown,versiegelt,0.334,0.334,0.333,0.333
176576719,unknown,unknown,versiegelt,0.334,0.334,0.333,0.333
178006984,unknown,grade5,versiegelt,0.334,0.334,0.333,0.333
178155951,unknown,unknown,versiegelt,0.334,0.334,0.333,0.333
178155952,unknown,unknown,versiegelt,0.334,0.334,0.333,0.333
178409963,unknown,grade2,versiegelt,0.334,0.334,0.333,0.333
178417047,paving_stones,unknown,versiegelt,0.334,0.334,0.333,0.333
178559991,wood,unknown,versiegelt,0.334,0.334,0.333,0.333
179186555,unknown,unknown,versiegelt,0.334,0.334,0.333,0.333
181252646,unknown,grade5,versiegelt,0.334,0.334,0.333,0.333
181252647,ground,grade5,versiegelt,0.334,0.334,0.333,0.333
181354230,unknown,grade2,versiegelt,0.334,0.334,0.333,0.333
181876753,ground,unknown,versiegelt,0.334,0.334,0.333,0.333
181924129,unknown,grade5,versiegelt,0.334,0.334,0.333,0.333
181924157,unknown,unknown,versiegelt,0.334,0.334,0.333,0.333
182440535,unknown,unknown,versiegelt,0.334,0.334,0.333,0.333
182440537,unknown,unknown,versiegelt,0.334,0.334,0.333,0.333
182440549,unknown,unknown,versiegelt,0.334,0.334,0.333,0.333
182440551,unknown,unknown,versiegelt,0.334,0.334,0.333,0.333
182440555,unknown,unknown,versiegelt,0.334,0.334,0.333,0.333
182449133,unknown,grade4,versiegelt,0.334,0.334,0.333,0.333
182449135,unknown,grade3,versiegelt,0.334,0.334,0.333,0.333
182449136,unknown,unknown,versiegelt,0.334,0.334,0.333,0.333
182449143,unknown,unknown,versiegelt,0.334,0.334,0.333,0.333
182449145,unknown,grade4,versiegelt,0.334,0.334,0.333,0.333
182449153,unknown,grade4,versiegelt,0.334,0.334,0.333,0.333
182449170,unknown,unknown,versiegelt,0.334,0.334,0.333,0.333
182451079,unknown,unknown,versiegelt,0.334,0.334,0.333,0.333
182451080,unknown,unknown,versiegelt,0.334,0.334,0.333,0.333
182451081,unknown,unknown,versiegelt,0.334,0.334,0.333,0.333
182451082,unknown,unknown,versiegelt,0.334,0.334,0.333,0.333
182451083,unknown,grade3,versiegelt,0.334,0.334,0.333,0.333
182451084,ground,unknown,versiegelt,0.334,0.334,0.333,0.333
182451086,unknown,unknown,versiegelt,0.334,0.334,0.333,0.333
182451779,unknown,unknown,versiegelt,0.334,0.334,0.333,0.333
182451782,unknown,unknown,versiegelt,0.334,0.334,0.333,0.333
182451783,unknown,grade2,versiegelt,0.334,0.334,0.333,0.333
182510117,unknown,grade1,versiegelt,0.334,0.334,0.333,0.333
182514278,unknown,unknown,versiegelt,0.334,0.334,0.333,0.333
182517350,unknown,grade5,versiegelt,0.334,0.334,0.333,0.333
183655400,unknown,unknown,versiegelt,0.334,0.334,0.333,0.333
184765691,unknown,grade2,versiegelt,0.334,0.334,0.333,0.333
184765694,ground,unknown,versiegelt,0.334,0.334,0.333,0.333
184765698,ground,grade5,versiegelt,0.334,0.334,0.333,0.333
184765699,unknown,grade4,versiegelt,0.334,0.334,0.333,0.333
184765700,unknown,grade4,versiegelt,0.334,0.334,0.333,0.333
184765703,ground,unknown,versiegelt,0.334,0.334,0.333,0.333
184765704,unknown,grade4,versiegelt,0.334,0.334,0.333,0.333
184965602,unknown,unknown,versiegelt,0.334,0.334,0.333,0.333
184965606,unknown,unknown,versiegelt,0.334,0.334,0.333,0.333
184965613,unknown,unknown,versiegelt,0.334,0.334,0.333,0.333
184965615,unknown,unknown,versiegelt,0.334,0.334,0.333,0.333
185201557,unknown,grade1,versiegelt,0.334,0.334,0.333,0.333
185460686,unknown,grade4,versiegelt,0.334,0.334,0.333,0.333
186053144,unknown,unknown,versiegelt,0.334,0.334,0.333,0.333
186075856,unknown,grade4,versiegelt,0.334,0.334,0.333,0.333
186075863,unknown,grade4,versiegelt,0.334,0.334,0.333,0.333
186075874,unknown,grade2,versiegelt,0.334,0.334,0.333,0.333
186891514,unknown,grade5,versiegelt,0.334,0.334,0.333,0.333
186950933,ground,grade4,versiegelt,0.334,0.334,0.333,0.333
186950937,ground,grade4,versiegelt,0.334,0.334,0.333,0.333
186953044,unknown,grade5,versiegelt,0.334,0.334,0.333,0.333
186955029,unknown,grade5,versiegelt,0.334,0.334,0.333,0.333
187301658,ground,grade2,versiegelt,0.334,0.334,0.333,0.333
187378035,asphalt-grass-asphalt,grade1,versiegelt,0.334,0.334,0.333,0.333
187548244,ground,grade5,versiegelt,0.334,0.334,0.333,0.333
187641356,earth,grade4,versiegelt,0.334,0.334,0.333,0.333
187825909,unknown,grade4,versiegelt,0.334,0.334,0.333,0.333
187857942,unknown,unknown,versiegelt,0.334,0.334,0.333,0.333
187857945,paving_stones,unknown,versiegelt,0.334,0.334,0.333,0.333
188121926,unknown,grade1,versiegelt,0.334,0.334,0.333,0.333
188121928,unknown,grade1,versiegelt,0.334,0.334,0.333,0.333
188642444,cobblestone,unknown,versiegelt,0.334,0.334,0.333,0.333
188642448,paving_stones,unknown,versiegelt,0.334,0.334,0.333,0.333
189815642,paving_stones,unknown,versiegelt,0.334,0.334,0.333,0.333
189815643,unknown,unknown,versiegelt,0.334,0.334,0.333,0.333
189815645,paving_stones,unknown,versiegelt,0.334,0.334,0.333,0.333
190024104,paving_stones,unknown,versiegelt,0.334,0.334,0.333,0.333
190024105,paving_stones,unknown,versiegelt,0.334,0.334,0.333,0.333
190024106,unknown,unknown,versiegelt,0.334,0.334,0.333,0.333
190292883,unknown,unknown,versiegelt,0.334,0.334,0.333,0.333
190655590,unknown,grade5,versiegelt,0.334,0.334,0.333,0.333
190655592,unknown,grade5,versiegelt,0.334,0.334,0.333,0.333
190655593,unknown,grade5,versiegelt,0.334,0.334,0.333,0.333
190655594,unknown,unknown,versiegelt,0.334,0.334,0.333,0.333
190655595,unknown,grade5,versiegelt,0.334,0.334,0.333,0.333
191973417,unknown,unknown,versiegelt,0.334,0.334,0.333,0.333
191973418,unknown,unknown,versiegelt,0.334,0.334,0.333,0.333
191973419,unknown,unknown,versiegelt,0.334,0.334,0.333,0.333
192142390,unknown,unknown,versiegelt,0.334,0.334,0.333,0.333
192148288,unknown,unknown,versiegelt,0.334,0.334,0.333,0.333
192148289,unknown,unknown,versiegelt,0.334,0.334,0.333,0.333
192148291,unknown,unknown,versiegelt,0.334,0.334,0.333,0.333
192220902,unknown,unknown,versiegelt,0.334,0.334,0.333,0.333
192356995,unknown,unknown,versiegelt,0.334,0.334,0.333,0.333
192356996,unknown,unknown,versiegelt,0.334,0.334,0.333,0.333
192356997,unknown,unknown,versiegelt,0.334,0.334,0.333,0.333
192356998,unknown,unknown,versiegelt,0.334,0.334,0.333,0.333
192356999,unknown,unknown,versiegelt,0.334,0.334,0.333,0.333
192357000,unknown,unknown,versiegelt,0.334,0.334,0.333,0.333
192357001,unknown,unknown,versiegelt,0.334,0.334,0.333,0.333
192357002,unknown,unknown,versiegelt,0.334,0.334,0.333,0.333
192358811,ground,unknown,versiegelt,0.334,0.334,0.333,0.333
192360831,unknown,grade1,versiegelt,0.334,0.334,0.333,0.333
192426031,paving_stones,unknown,versiegelt,0.334,0.334,0.333,0.333
192611165,unknown,grade5,versiegelt,0.334,0.334,0.333,0.333
192611166,ground,grade5,versiegelt,0.334,0.334,0.333,0.333
192761068,earth,unknown,versiegelt,0.334,0.334,0.333,0.333
193198713,unknown,grade4,versiegelt,0.334,0.334,0.333,0.333
193337011,paving_stones,unknown,versiegelt,0.334,0.334,0.333,0.333
193344678,paving_stones,unknown,versiegelt,0.334,0.334,0.333,0.333
193384922,unknown,unknown,versiegelt,0.334,0.334,0.333,0.333
193384924,unknown,unknown,versiegelt,0.334,0.334,0.333,0.333
193384931,unknown,unknown,versiegelt,0.334,0.334,0.333,0.333
193476133,unknown,unknown,versiegelt,0.334,0.334,0.333,0.333
193561504,paving_stones,unknown,versiegelt,0.334,0.334,0.333,0.333
193732591,ground,grade2,versiegelt,0.334,0.334,0.333,0.333
193945701,ground,grade4,versiegelt,0.334,0.334,0.333,0.333
194174976,unknown,grade2,versiegelt,0.334,0.334,0.333,0.333
194275517,unknown,unknown,versiegelt,0.334,0.334,0.333,0.333
194369992,unknown,grade5,versiegelt,0.334,0.334,0.333,0.333
195097471,unknown,unknown,versiegelt,0.334,0.334,0.333,0.333
195097476,unknown,unknown,versiegelt,0.334,0.334,0.333,0.333
195424339,unknown,unknown,versiegelt,0.334,0.334,0.333,0.333
195996172,cobblestone,unknown,versiegelt,0.334,0.334,0.333,0.333
195996174,cobblestone,unknown,versiegelt,0.334,0.334,0.333,0.333
195996178,cobblestone,unknown,versiegelt,0.334,0.334,0.333,0.333
195996182,cobblestone,unknown,versiegelt,0.334,0.334,0.333,0.333
195996184,cobblestone,unknown,versiegelt,0.334,0.334,0.333,0.333
196170400,unknown,unknown,versiegelt,0.334,0.334,0.333,0.333
196174291,paving_stones,unknown,versiegelt,0.334,0.334,0.333,0.333
196252030,unknown,unknown,versiegelt,0.334,0.334,0.333,0.333
196252031,unknown,unknown,versiegelt,0.334,0.334,0.333,0.333
196252035,unknown,unknown,versiegelt,0.334,0.334,0.333,0.333
196489521,unknown,grade2,versiegelt,0.334,0.334,0.333,0.333
196536827,unknown,unknown,versiegelt,0.334,0.334,0.333,0.333
196653388,unknown,unknown,versiegelt,0.334,0.334,0.333,0.333
197054192,paving_stones,unknown,versiegelt,0.334,0.334,0.333,0.333
197524676,unknown,unknown,versiegelt,0.334,0.334,0.333,0.333
197560305,unknown,grade2,versiegelt,0.334,0.334,0.333,0.333
197560306,unknown,grade5,versiegelt,0.334,0.334,0.333,0.333
197560308,unknown,grade1,versiegelt,0.334,0.334,0.333,0.333
197637894,paving_stones,unknown,versiegelt,0.334,0.334,0.333,0.333
197637895,paving_stones,unknown,versiegelt,0.334,0.334,0.333,0.333
197668217,unknown,unknown,versiegelt,0.334,0.334,0.333,0.333
197975756,unknown,unknown,versiegelt,0.334,0.334,0.333,0.333
198081063,unknown,unknown,versiegelt,0.334,0.334,0.333,0.333
198186383,unknown,unknown,versiegelt,0.334,0.334,0.333,0.333
198186385,unknown,unknown,versiegelt,0.334,0.334,0.333,0.333
198626709,unknown,unknown,versiegelt,0.334,0.334,0.333,0.333
198671931,unknown,unknown,versiegelt,0.334,0.334,0.333,0.333
198745651,unknown,unknown,versiegelt,0.334,0.334,0.333,0.333
198745652,unknown,unknown,versiegelt,0.334,0.334,0.333,0.333
198848460,unknown,unknown,versiegelt,0.334,0.334,0.333,0.333
198978844,unknown,unknown,versiegelt,0.334,0.334,0.333,0.333
199250003,unknown,unknown,versiegelt,0.334,0.334,0.333,0.333
199250005,unknown,unknown,versiegelt,0.334,0.334,0.333,0.333
199272891,unknown,unknown,versiegelt,0.334,0.334,0.333,0.333
199683514,unknown,unknown,versiegelt,0.334,0.334,0.333,0.333
199683523,unknown,unknown,versiegelt,0.334,0.334,0.333,0.333
199896055,unknown,unknown,versiegelt,0.334,0.334,0.333,0.333
199896057,unknown,unknown,versiegelt,0.334,0.334,0.333,0.333
199896061,unknown,unknown,versiegelt,0.334,0.334,0.333,0.333
199896063,unknown,unknown,versiegelt,0.334,0.334,0.333,0.333
199896064,unknown,unknown,versiegelt,0.334,0.334,0.333,0.333
199896065,unknown,unknown,versiegelt,0.334,0.334,0.333,0.333
199896066,unknown,unknown,versiegelt,0.334,0.334,0.333,0.333
199896067,unknown,unknown,versiegelt,0.334,0.334,0.333,0.333
199896072,unknown,unknown,versiegelt,0.334,0.334,0.333,0.333
199896073,unknown,unknown,versiegelt,0.334,0.334,0.333,0.333
199900980,unknown,unknown,versiegelt,0.334,0.334,0.333,0.333
200118457,ground,grade4,versiegelt,0.334,0.334,0.333,0.333
200118459,ground,grade3,versiegelt,0.334,0.334,0.333,0.333
200129051,ground,grade3,versiegelt,0.334,0.334,0.333,0.333
201951858,unknown,unknown,versiegelt,0.334,0.334,0.333,0.333
202754044,unknown,grade3,versiegelt,0.334,0.334,0.333,0.333
202754081,ground,grade5,versiegelt,0.334,0.334,0.333,0.333
203401247,unknown,grade4,versiegelt,0.334,0.334,0.333,0.333
203401249,unknown,grade1,versiegelt,0.334,0.334,0.333,0.333
204172493,unknown,unknown,versiegelt,0.334,0.334,0.333,0.333
204172494,unknown,grade1,versiegelt,0.334,0.334,0.333,0.333
204172495,unknown,grade5,versiegelt,0.334,0.334,0.333,0.333
204172496,unknown,grade3,versiegelt,0.334,0.334,0.333,0.333
204172498,unknown,grade5,versiegelt,0.334,0.334,0.333,0.333
204172499,ground,grade5,versiegelt,0.334,0.334,0.333,0.333
204172501,unknown,unknown,versiegelt,0.334,0.334,0.333,0.333
204172502,unknown,grade5,versiegelt,0.334,0.334,0.333,0.333
204172504,unknown,grade5,versiegelt,0.334,0.334,0.333,0.333
204172506,unknown,grade5,versiegelt,0.334,0.334,0.333,0.333
204172507,unknown,grade5,versiegelt,0.334,0.334,0.333,0.333
204172508,unknown,grade5,versiegelt,0.334,0.334,0.333,0.333
204172510,unknown,unknown,versiegelt,0.334,0.334,0.333,0.333
204172511,unknown,unknown,versiegelt,0.334,0.334,0.333,0.333
204172513,unknown,grade5,versiegelt,0.334,0.334,0.333,0.333
204172514,unknown,grade5,versiegelt,0.334,0.334,0.333,0.333
204172515,ground,grade5,versiegelt,0.334,0.334,0.333,0.333
204172516,unknown,grade5,versiegelt,0.334,0.334,0.333,0.333
204172517,unknown,grade3,versiegelt,0.334,0.334,0.333,0.333
204172518,unknown,grade5,versiegelt,0.334,0.334,0.333,0.333
204172519,unknown,grade5,versiegelt,0.334,0.334,0.333,0.333
204172520,unknown,grade5,versiegelt,0.334,0.334,0.333,0.333
204172521,unknown,grade1,versiegelt,0.334,0.334,0.333,0.333
204172522,unknown,grade5,versiegelt,0.334,0.334,0.333,0.333
204172524,unknown,grade5,versiegelt,0.334,0.334,0.333,0.333
204172525,unknown,grade5,versiegelt,0.334,0.334,0.333,0.333
204172528,unknown,grade5,versiegelt,0.334,0.334,0.333,0.333
204172529,unknown,grade3,versiegelt,0.334,0.334,0.333,0.333
204172530,unknown,grade5,versiegelt,0.334,0.334,0.333,0.333
204172531,unknown,grade5,versiegelt,0.334,0.334,0.333,0.333
204172532,ground,grade5,versiegelt,0.334,0.334,0.333,0.333
204578421,unknown,unknown,versiegelt,0.334,0.334,0.333,0.333
204578422,unknown,unknown,versiegelt,0.334,0.334,0.333,0.333
204690563,unknown,grade5,versiegelt,0.334,0.334,0.333,0.333
204691565,ground,grade5,versiegelt,0.334,0.334,0.333,0.333
204934935,unknown,unknown,versiegelt,0.334,0.334,0.333,0.333
204934936,unknown,unknown,versiegelt,0.334,0.334,0.333,0.333
204934937,unknown,unknown,versiegelt,0.334,0.334,0.333,0.333
206719537,unknown,grade2,versiegelt,0.334,0.334,0.333,0.333
206719609,ground,grade2,versiegelt,0.334,0.334,0.333,0.333
206719610,unknown,grade1,versiegelt,0.334,0.334,0.333,0.333
206719612,unknown,grade1,versiegelt,0.334,0.334,0.333,0.333
206719613,unknown,grade5,versiegelt,0.334,0.334,0.333,0.333
206719615,unknown,grade2,versiegelt,0.334,0.334,0.333,0.333
206719616,unknown,grade5,versiegelt,0.334,0.334,0.333,0.333
206719621,unknown,grade2,versiegelt,0.334,0.334,0.333,0.333
206719625,unknown,unknown,versiegelt,0.334,0.334,0.333,0.333
206719627,unknown,grade4,versiegelt,0.334,0.334,0.333,0.333
206719628,unknown,grade5,versiegelt,0.334,0.334,0.333,0.333
206719632,unknown,unknown,versiegelt,0.334,0.334,0.333,0.333
206719633,unknown,grade2,versiegelt,0.334,0.334,0.333,0.333
206719634,unknown,grade1,versiegelt,0.334,0.334,0.333,0.333
206719635,unknown,grade5,versiegelt,0.334,0.334,0.333,0.333
206719638,unknown,grade2,versiegelt,0.334,0.334,0.333,0.333
206719640,unknown,grade1,versiegelt,0.334,0.334,0.333,0.333
206719641,unknown,grade5,versiegelt,0.334,0.334,0.333,0.333
206719643,unknown,unknown,versiegelt,0.334,0.334,0.333,0.333
206719644,unknown,grade5,versiegelt,0.334,0.334,0.333,0.333
206719646,unknown,unknown,versiegelt,0.334,0.334,0.333,0.333
206719647,unknown,grade1,versiegelt,0.334,0.334,0.333,0.333
206719648,unknown,unknown,versiegelt,0.334,0.334,0.333,0.333
206719649,unknown,unknown,versiegelt,0.334,0.334,0.333,0.333
206719650,unknown,grade5,versiegelt,0.334,0.334,0.333,0.333
206719651,unknown,grade5,versiegelt,0.334,0.334,0.333,0.333
206719652,unknown,grade2,versiegelt,0.334,0.334,0.333,0.333
206719653,unknown,unknown,versiegelt,0.334,0.334,0.333,0.333
206719654,unknown,unknown,versiegelt,0.334,0.334,0.333,0.333
206719656,unknown,grade5,versiegelt,0.334,0.334,0.333,0.333
206719657,ground,grade5,versiegelt,0.334,0.334,0.333,0.333
206720916,unknown,grade1,versiegelt,0.334,0.334,0.333,0.333
206720917,unknown,unknown,versiegelt,0.334,0.334,0.333,0.333
206720918,unknown,grade5,versiegelt,0.334,0.334,0.333,0.333
206720919,unknown,grade1,versiegelt,0.334,0.334,0.333,0.333
206720920,unknown,grade3,versiegelt,0.334,0.334,0.333,0.333
206720921,unknown,grade5,versiegelt,0.334,0.334,0.333,0.333
206720922,unknown,grade1,versiegelt,0.334,0.334,0.333,0.333
206720923,unknown,grade1,versiegelt,0.334,0.334,0.333,0.333
206720924,unknown,grade5,versiegelt,0.334,0.334,0.333,0.333
206720925,unknown,grade1,versiegelt,0.334,0.334,0.333,0.333
206720926,unknown,grade5,versiegelt,0.334,0.334,0.333,0.333
206720927,unknown,grade5,versiegelt,0.334,0.334,0.333,0.333
206720928,unknown,grade5,versiegelt,0.334,0.334,0.333,0.333
206720929,unknown,grade5,versiegelt,0.334,0.334,0.333,0.333
206720930,unknown,grade1,versiegelt,0.334,0.334,0.333,0.333
206720931,unknown,grade5,versiegelt,0.334,0.334,0.333,0.333
206720932,unknown,grade5,versiegelt,0.334,0.334,0.333,0.333
206720933,unknown,grade5,versiegelt,0.334,0.334,0.333,0.333
206720934,unknown,grade5,versiegelt,0.334,0.334,0.333,0.333
206720935,unknown,grade5,versiegelt,0.334,0.334,0.333,0.333
206720936,unknown,grade5,versiegelt,0.334,0.334,0.333,0.333
206720937,unknown,grade5,versiegelt,0.334,0.334,0.333,0.333
206720938,unknown,grade5,versiegelt,0.334,0.334,0.333,0.333
206720939,unknown,grade5,versiegelt,0.334,0.334,0.333,0.333
206720940,unknown,grade5,versiegelt,0.334,0.334,0.333,0.333
206724111,unknown,grade5,versiegelt,0.334,0.334,0.333,0.333
206724113,unknown,grade1,versiegelt,0.334,0.334,0.333,0.333
206724116,unknown,grade3,versiegelt,0.334,0.334,0.333,0.333
206724117,unknown,grade5,versiegelt,0.334,0.334,0.333,0.333
206724119,unknown,grade5,versiegelt,0.334,0.334,0.333,0.333
206724121,unknown,grade5,versiegelt,0.334,0.334,0.333,0.333
206724122,unknown,unknown,versiegelt,0.334,0.334,0.333,0.333
206724123,unknown,grade5,versiegelt,0.334,0.334,0.333,0.333
206724124,unknown,grade3,versiegelt,0.334,0.334,0.333,0.333
206724125,unknown,grade5,versiegelt,0.334,0.334,0.333,0.333
206724126,unknown,unknown,versiegelt,0.334,0.334,0.333,0.333
206724127,unknown,grade5,versiegelt,0.334,0.334,0.333,0.333
206724128,unknown,grade5,versiegelt,0.334,0.334,0.333,0.333
206724129,unknown,grade5,versiegelt,0.334,0.334,0.333,0.333
206724130,unknown,grade1,versiegelt,0.334,0.334,0.333,0.333
206724131,unknown,grade5,versiegelt,0.334,0.334,0.333,0.333
206724132,unknown,grade5,versiegelt,0.334,0.334,0.333,0.333
206724133,unknown,grade4,versiegelt,0.334,0.334,0.333,0.333
206724134,unknown,grade3,versiegelt,0.334,0.334,0.333,0.333
206724135,unknown,grade5,versiegelt,0.334,0.334,0.333,0.333
206724136,unknown,grade5,versiegelt,0.334,0.334,0.333,0.333
206724137,unknown,grade5,versiegelt,0.334,0.334,0.333,0.333
206724139,unknown,grade5,versiegelt,0.334,0.334,0.333,0.333
206724140,unknown,grade3,versiegelt,0.334,0.334,0.333,0.333
206869190,unknown,unknown,versiegelt,0.334,0.334,0.333,0.333
206897001,paving_stones,unknown,versiegelt,0.334,0.334,0.333,0.333
206897002,paving_stones,unknown,versiegelt,0.334,0.334,0.333,0.333
206897003,paving_stones,unknown,versiegelt,0.334,0.334,0.333,0.333
206897004,paving_stones,unknown,versiegelt,0.334,0.334,0.333,0.333
207811062,unknown,unknown,versiegelt,0.334,0.334,0.333,0.333
207860542,unknown,grade2,versiegelt,0.334,0.334,0.333,0.333
207876749,unknown,grade1,versiegelt,0.334,0.334,0.333,0.333
207876750,unknown,grade1,versiegelt,0.334,0.334,0.333,0.333
207876752,unknown,grade1,versiegelt,0.334,0.334,0.333,0.333
207878178,unknown,grade3,versiegelt,0.334,0.334,0.333,0.333
207971913,unknown,unknown,versiegelt,0.334,0.334,0.333,0.333
207971914,unknown,unknown,versiegelt,0.334,0.334,0.333,0.333
207971915,unknown,unknown,versiegelt,0.334,0.334,0.333,0.333
207971916,unknown,unknown,versiegelt,0.334,0.334,0.333,0.333
207971917,unknown,unknown,versiegelt,0.334,0.334,0.333,0.333
207971918,unknown,unknown,versiegelt,0.334,0.334,0.333,0.333
207990245,unknown,unknown,versiegelt,0.334,0.334,0.333,0.333
208764205,unknown,unknown,versiegelt,0.334,0.334,0.333,0.333
209148170,unknown,unknown,versiegelt,0.334,0.334,0.333,0.333
209265160,unknown,unknown,versiegelt,0.334,0.334,0.333,0.333
210581435,unknown,grade5,versiegelt,0.334,0.334,0.333,0.333
210647933,unknown,unknown,versiegelt,0.334,0.334,0.333,0.333
210647934,unknown,unknown,versiegelt,0.334,0.334,0.333,0.333
214817156,unknown,unknown,versiegelt,0.334,0.334,0.333,0.333
214817162,unknown,unknown,versiegelt,0.334,0.334,0.333,0.333
214817165,unknown,unknown,versiegelt,0.334,0.334,0.333,0.333
217209759,unknown,grade5,versiegelt,0.334,0.334,0.333,0.333
217311179,unknown,unknown,versiegelt,0.334,0.334,0.333,0.333
218571981,paving_stones,unknown,versiegelt,0.334,0.334,0.333,0.333
218789564,unknown,grade5,versiegelt,0.334,0.334,0.333,0.333
220264528,unknown,grade4,versiegelt,0.334,0.334,0.333,0.333
220264535,ground,unknown,versiegelt,0.334,0.334,0.333,0.333
220264547,ground,grade4,versiegelt,0.334,0.334,0.333,0.333
220265914,ground,unknown,versiegelt,0.334,0.334,0.333,0.333
220920864,unknown,unknown,versiegelt,0.334,0.334,0.333,0.333
220924043,unknown,unknown,versiegelt,0.334,0.334,0.333,0.333
220940794,unknown,unknown,versiegelt,0.334,0.334,0.333,0.333
221870240,unknown,grade5,versiegelt,0.334,0.334,0.333,0.333
221870243,unknown,grade1,versiegelt,0.334,0.334,0.333,0.333
221870244,unknown,grade5,versiegelt,0.334,0.334,0.333,0.333
221870247,unknown,grade3,versiegelt,0.334,0.334,0.333,0.333
221870250,unknown,grade3,versiegelt,0.334,0.334,0.333,0.333
221870253,unknown,grade3,versiegelt,0.334,0.334,0.333,0.333
221870257,unknown,grade5,versiegelt,0.334,0.334,0.333,0.333
221870258,unknown,grade5,versiegelt,0.334,0.334,0.333,0.333
221870261,unknown,unknown,versiegelt,0.334,0.334,0.333,0.333
221870262,unknown,grade5,versiegelt,0.334,0.334,0.333,0.333
221870264,unknown,grade5,versiegelt,0.334,0.334,0.333,0.333
221870265,unknown,grade5,versiegelt,0.334,0.334,0.333,0.333
221962071,unknown,unknown,versiegelt,0.334,0.334,0.333,0.333
221962072,unknown,unknown,versiegelt,0.334,0.334,0.333,0.333
221962073,unknown,grade5,versiegelt,0.334,0.334,0.333,0.333
221962074,unknown,grade5,versiegelt,0.334,0.334,0.333,0.333
221962075,unknown,grade4,versiegelt,0.334,0.334,0.333,0.333
221962076,unknown,unknown,versiegelt,0.334,0.334,0.333,0.333
221962077,unknown,unknown,versiegelt,0.334,0.334,0.333,0.333
223115192,unknown,grade4,versiegelt,0.334,0.334,0.333,0.333
223115194,unknown,grade3,versiegelt,0.334,0.334,0.333,0.333
223115195,unknown,grade3,versiegelt,0.334,0.334,0.333,0.333
223962811,unknown,unknown,versiegelt,0.334,0.334,0.333,0.333
224102781,unknown,unknown,versiegelt,0.334,0.334,0.333,0.333
224955968,unknown,unknown,versiegelt,0.334,0.334,0.333,0.333
224969614,unknown,grade2,versiegelt,0.334,0.334,0.333,0.333
225470599,paving_stones,grade1,versiegelt,0.334,0.334,0.333,0.333
225710604,earth,unknown,versiegelt,0.334,0.334,0.333,0.333
225710609,earth,unknown,versiegelt,0.334,0.334,0.333,0.333
227674093,unknown,unknown,versiegelt,0.334,0.334,0.333,0.333
227674094,unknown,unknown,versiegelt,0.334,0.334,0.333,0.333
227674096,unknown,unknown,versiegelt,0.334,0.334,0.333,0.333
227674097,unknown,unknown,versiegelt,0.334,0.334,0.333,0.333
227674099,unknown,unknown,versiegelt,0.334,0.334,0.333,0.333
227674102,unknown,unknown,versiegelt,0.334,0.334,0.333,0.333
227954905,unknown,unknown,versiegelt,0.334,0.334,0.333,0.333
229939659,unknown,unknown,versiegelt,0.334,0.334,0.333,0.333
229939660,unknown,unknown,versiegelt,0.334,0.334,0.333,0.333
229939661,unknown,unknown,versiegelt,0.334,0.334,0.333,0.333
229939662,unknown,unknown,versiegelt,0.334,0.334,0.333,0.333
229939663,unknown,unknown,versiegelt,0.334,0.334,0.333,0.333
229939665,unknown,unknown,versiegelt,0.334,0.334,0.333,0.333
229939666,unknown,unknown,versiegelt,0.334,0.334,0.333,0.333
229939667,unknown,unknown,versiegelt,0.334,0.334,0.333,0.333
229939668,unknown,unknown,versiegelt,0.334,0.334,0.333,0.333
232115760,unknown,unknown,versiegelt,0.334,0.334,0.333,0.333
233821220,unknown,unknown,versiegelt,0.334,0.334,0.333,0.333
234884470,paving_stones,unknown,versiegelt,0.334,0.334,0.333,0.333
234887886,pebblestone,unknown,versiegelt,0.334,0.334,0.333,0.333
236597062,ground,grade5,versiegelt,0.334,0.334,0.333,0.333
236597066,unknown,grade5,versiegelt,0.334,0.334,0.333,0.333
236597068,unknown,grade5,versiegelt,0.334,0.334,0.333,0.333
236597069,unknown,unknown,versiegelt,0.334,0.334,0.333,0.333
236597071,unknown,unknown,versiegelt,0.334,0.334,0.333,0.333
236597073,ground,unknown,versiegelt,0.334,0.334,0.333,0.333
236597076,ground,grade5,versiegelt,0.334,0.334,0.333,0.333
236597077,unknown,unknown,versiegelt,0.334,0.334,0.333,0.333
236597079,unknown,grade2,versiegelt,0.334,0.334,0.333,0.333
236597081,unknown,grade5,versiegelt,0.334,0.334,0.333,0.333
236597082,unknown,grade5,versiegelt,0.334,0.334,0.333,0.333
236597084,unknown,grade5,versiegelt,0.334,0.334,0.333,0.333
236597091,unknown,unknown,versiegelt,0.334,0.334,0.333,0.333
236597093,unknown,grade2,versiegelt,0.334,0.334,0.333,0.333
236597097,unknown,grade2,versiegelt,0.334,0.334,0.333,0.333
236597098,unknown,grade5,versiegelt,0.334,0.334,0.333,0.333
236605898,unknown,grade5,versiegelt,0.334,0.334,0.333,0.333
236605899,unknown,unknown,versiegelt,0.334,0.334,0.333,0.333
236605901,unknown,unknown,versiegelt,0.334,0.334,0.333,0.333
236605903,unknown,unknown,versiegelt,0.334,0.334,0.333,0.333
236605904,unknown,unknown,versiegelt,0.334,0.334,0.333,0.333
236605906,unknown,unknown,versiegelt,0.334,0.334,0.333,0.333
236605908,unknown,grade5,versiegelt,0.334,0.334,0.333,0.333
236605910,unknown,grade5,versiegelt,0.334,0.334,0.333,0.333
237506914,unknown,unknown,versiegelt,0.334,0.334,0.333,0.333
237532870,unknown,unknown,versiegelt,0.334,0.334,0.333,0.333
237532871,unknown,unknown,versiegelt,0.334,0.334,0.333,0.333
238307635,unknown,unknown,versiegelt,0.334,0.334,0.333,0.333
238409355,unknown,unknown,versiegelt,0.334,0.334,0.333,0.333
238496075,unknown,unknown,versiegelt,0.334,0.334,0.333,0.333
238778061,earth,unknown,versiegelt,0.334,0.334,0.333,0.333
238886903,unknown,grade2,versiegelt,0.334,0.334,0.333,0.333
238893562,unknown,unknown,versiegelt,0.334,0.334,0.333,0.333
238893567,paving_stones,unknown,versiegelt,0.334,0.334,0.333,0.333
238893581,ground,unknown,versiegelt,0.334,0.334,0.333,0.333
238947318,ground,unknown,versiegelt,0.334,0.334,0.333,0.333
239360159,unknown,grade2,versiegelt,0.334,0.334,0.333,0.333
239360160,unknown,grade2,versiegelt,0.334,0.334,0.333,0.333
239360161,unknown,grade4,versiegelt,0.334,0.334,0.333,0.333
239937030,unknown,unknown,versiegelt,0.334,0.334,0.333,0.333
239958052,unknown,unknown,versiegelt,0.334,0.334,0.333,0.333
240531101,unknown,grade3,versiegelt,0.334,0.334,0.333,0.333
240531107,unknown,grade2,versiegelt,0.334,0.334,0.333,0.333
240531110,unknown,grade2,versiegelt,0.334,0.334,0.333,0.333
240531114,unknown,grade3,versiegelt,0.334,0.334,0.333,0.333
240531117,unknown,unknown,versiegelt,0.334,0.334,0.333,0.333
240659133,unknown,grade4,versiegelt,0.334,0.334,0.333,0.333
240659134,unknown,grade5,versiegelt,0.334,0.334,0.333,0.333
240659135,unknown,grade5,versiegelt,0.334,0.334,0.333,0.333
240659136,unknown,grade5,versiegelt,0.334,0.334,0.333,0.333
240659137,unknown,grade4,versiegelt,0.334,0.334,0.333,0.333
240659138,unknown,grade4,versiegelt,0.334,0.334,0.333,0.333
240659139,unknown,grade4,versiegelt,0.334,0.334,0.333,0.333
240659140,unknown,grade4,versiegelt,0.334,0.334,0.333,0.333
240659141,unknown,grade4,versiegelt,0.334,0.334,0.333,0.333
240659142,unknown,grade5,versiegelt,0.334,0.334,0.333,0.333
240659143,unknown,grade5,versiegelt,0.334,0.334,0.333,0.333
240915243,ground,grade4,versiegelt,0.334,0.334,0.333,0.333
242735213,unknown,grade3,versiegelt,0.334,0.334,0.333,0.333
242735214,unknown,grade4,versiegelt,0.334,0.334,0.333,0.333
242736414,unknown,unknown,versiegelt,0.334,0.334,0.333,0.333
242736415,unknown,unknown,versiegelt,0.334,0.334,0.333,0.333
242736416,unknown,unknown,versiegelt,0.334,0.334,0.333,0.333
242842694,ground,grade3,versiegelt,0.334,0.334,0.333,0.333
252522655,ground,unknown,versiegelt,0.334,0.334,0.333,0.333
252522658,ground,unknown,versiegelt,0.334,0.334,0.333,0.333
252522661,ground,grade3,versiegelt,0.334,0.334,0.333,0.333
252592188,unknown,grade3,versiegelt,0.334,0.334,0.333,0.333
252738212,ground,grade3,versiegelt,0.334,0.334,0.333,0.333
252738213,unknown,grade3,versiegelt,0.334,0.334,0.333,0.333
252738452,unknown,grade4,versiegelt,0.334,0.334,0.333,0.333
252738484,unknown,grade4,versiegelt,0.334,0.334,0.333,0.333
252738530,unknown,grade4,versiegelt,0.334,0.334,0.333,0.333
253673571,unknown,unknown,versiegelt,0.334,0.334,0.333,0.333
254568925,paving_stones,unknown,versiegelt,0.334,0.334,0.333,0.333
256387311,ground,grade5,versiegelt,0.334,0.334,0.333,0.333
256387312,unknown,unknown,versiegelt,0.334,0.334,0.333,0.333
256387314,unknown,unknown,versiegelt,0.334,0.334,0.333,0.333
256387315,unknown,unknown,versiegelt,0.334,0.334,0.333,0.333
256387317,unknown,unknown,versiegelt,0.334,0.334,0.333,0.333
256387318,unknown,unknown,versiegelt,0.334,0.334,0.333,0.333
256387321,unknown,unknown,versiegelt,0.334,0.334,0.333,0.333
256387323,unknown,grade5,versiegelt,0.334,0.334,0.333,0.333
256387326,unknown,grade3,versiegelt,0.334,0.334,0.333,0.333
256387329,unknown,grade5,versiegelt,0.334,0.334,0.333,0.333
256387331,unknown,grade5,versiegelt,0.334,0.334,0.333,0.333
256387332,unknown,unknown,versiegelt,0.334,0.334,0.333,0.333
256387334,unknown,grade5,versiegelt,0.334,0.334,0.333,0.333
256387336,ground,grade5,versiegelt,0.334,0.334,0.333,0.333
256387337,unknown,grade2,versiegelt,0.334,0.334,0.333,0.333
256473956,unknown,grade5,versiegelt,0.334,0.334,0.333,0.333
256473957,unknown,grade5,versiegelt,0.334,0.334,0.333,0.333
256473958,unknown,grade5,versiegelt,0.334,0.334,0.333,0.333
256473959,unknown,grade5,versiegelt,0.334,0.334,0.333,0.333
256473960,unknown,unknown,versiegelt,0.334,0.334,0.333,0.333
260612446,ground,unknown,versiegelt,0.334,0.334,0.333,0.333
261246116,unknown,grade5,versiegelt,0.334,0.334,0.333,0.333
262117712,unknown,unknown,versiegelt,0.334,0.334,0.333,0.333
262117713,unknown,unknown,versiegelt,0.334,0.334,0.333,0.333
262117714,unknown,unknown,versiegelt,0.334,0.334,0.333,0.333
262117715,unknown,unknown,versiegelt,0.334,0.334,0.333,0.333
262117716,ground,grade3,versiegelt,0.334,0.334,0.333,0.333
262117717,unknown,unknown,versiegelt,0.334,0.334,0.333,0.333
262117718,unknown,unknown,versiegelt,0.334,0.334,0.333,0.333
262117720,unknown,unknown,versiegelt,0.334,0.334,0.333,0.333
262117722,unknown,unknown,versiegelt,0.334,0.334,0.333,0.333
262117723,unknown,unknown,versiegelt,0.334,0.334,0.333,0.333
262117724,unknown,unknown,versiegelt,0.334,0.334,0.333,0.333
262117725,unknown,unknown,versiegelt,0.334,0.334,0.333,0.333
262384892,unknown,unknown,versiegelt,0.334,0.334,0.333,0.333
262384897,unknown,unknown,versiegelt,0.334,0.334,0.333,0.333
262384898,unknown,unknown,versiegelt,0.334,0.334,0.333,0.333
262384900,unknown,unknown,versiegelt,0.334,0.334,0.333,0.333
262391317,unknown,unknown,versiegelt,0.334,0.334,0.333,0.333
262391320,unknown,unknown,versiegelt,0.334,0.334,0.333,0.333
262397950,unknown,unknown,versiegelt,0.334,0.334,0.333,0.333
262397951,unknown,unknown,versiegelt,0.334,0.334,0.333,0.333
262397952,unknown,unknown,versiegelt,0.334,0.334,0.333,0.333
262397953,unknown,unknown,versiegelt,0.334,0.334,0.333,0.333
262397954,unknown,unknown,versiegelt,0.334,0.334,0.333,0.333
262397955,unknown,unknown,versiegelt,0.334,0.334,0.333,0.333
262397956,unknown,unknown,versiegelt,0.334,0.334,0.333,0.333
262397957,unknown,unknown,versiegelt,0.334,0.334,0.333,0.333
262397959,unknown,unknown,versiegelt,0.334,0.334,0.333,0.333
262397960,unknown,unknown,versiegelt,0.334,0.334,0.333,0.333
262397962,unknown,unknown,versiegelt,0.334,0.334,0.333,0.333
262397963,unknown,unknown,versiegelt,0.334,0.334,0.333,0.333
262415596,unknown,unknown,versiegelt,0.334,0.334,0.333,0.333
262415598,unknown,grade3,versiegelt,0.334,0.334,0.333,0.333
262415601,unknown,unknown,versiegelt,0.334,0.334,0.333,0.333
262415603,unknown,grade5,versiegelt,0.334,0.334,0.333,0.333
262505089,unknown,grade4,versiegelt,0.334,0.334,0.333,0.333
263182670,unknown,grade4,versiegelt,0.334,0.334,0.333,0.333
263978659,unknown,grade2,versiegelt,0.334,0.334,0.333,0.333
263978660,unknown,grade1,versiegelt,0.334,0.334,0.333,0.333
264010868,paving_stones,unknown,versiegelt,0.334,0.334,0.333,0.333
264013305,unknown,unknown,versiegelt,0.334,0.334,0.333,0.333
264013819,unknown,unknown,versiegelt,0.334,0.334,0.333,0.333
264013820,unknown,grade4,versiegelt,0.334,0.334,0.333,0.333
265388913,unknown,unknown,versiegelt,0.334,0.334,0.333,0.333
265428280,unknown,grade4,versiegelt,0.334,0.334,0.333,0.333
265428282,unknown,unknown,versiegelt,0.334,0.334,0.333,0.333
265428283,unknown,unknown,versiegelt,0.334,0.334,0.333,0.333
265428284,unknown,unknown,versiegelt,0.334,0.334,0.333,0.333
265428285,unknown,unknown,versiegelt,0.334,0.334,0.333,0.333
265428287,unknown,unknown,versiegelt,0.334,0.334,0.333,0.333
265428291,unknown,unknown,versiegelt,0.334,0.334,0.333,0.333
265587004,unknown,unknown,versiegelt,0.334,0.334,0.333,0.333
265587005,unknown,unknown,versiegelt,0.334,0.334,0.333,0.333
265587006,unknown,unknown,versiegelt,0.334,0.334,0.333,0.333
265587008,unknown,unknown,versiegelt,0.334,0.334,0.333,0.333
265587009,unknown,unknown,versiegelt,0.334,0.334,0.333,0.333
265587010,unknown,unknown,versiegelt,0.334,0.334,0.333,0.333
267276273,unknown,grade1,versiegelt,0.334,0.334,0.333,0.333
267276277,unknown,unknown,versiegelt,0.334,0.334,0.333,0.333
267276278,unknown,unknown,versiegelt,0.334,0.334,0.333,0.333
267276279,unknown,grade2,versiegelt,0.334,0.334,0.333,0.333
267276280,unknown,unknown,versiegelt,0.334,0.334,0.333,0.333
267276282,ground,grade3,versiegelt,0.334,0.334,0.333,0.333
267276283,unknown,unknown,versiegelt,0.334,0.334,0.333,0.333
267276284,unknown,unknown,versiegelt,0.334,0.334,0.333,0.333
272356177,unknown,unknown,versiegelt,0.334,0.334,0.333,0.333
274415834,ground,grade3,versiegelt,0.334,0.334,0.333,0.333
274618501,unknown,grade3,versiegelt,0.334,0.334,0.333,0.333
274995064,unknown,unknown,versiegelt,0.334,0.334,0.333,0.333
274995069,unknown,unknown,versiegelt,0.334,0.334,0.333,0.333
274995070,unknown,unknown,versiegelt,0.334,0.334,0.333,0.333
274995071,unknown,unknown,versiegelt,0.334,0.334,0.333,0.333
274995072,unknown,unknown,versiegelt,0.334,0.334,0.333,0.333
274995125,unknown,unknown,versiegelt,0.334,0.334,0.333,0.333
274995131,unknown,unknown,versiegelt,0.334,0.334,0.333,0.333
274995155,unknown,unknown,versiegelt,0.334,0.334,0.333,0.333
274995160,unknown,unknown,versiegelt,0.334,0.334,0.333,0.333
274995181,unknown,grade4,versiegelt,0.334,0.334,0.333,0.333
274995195,unknown,unknown,versiegelt,0.334,0.334,0.333,0.333
274995208,unknown,grade4,versiegelt,0.334,0.334,0.333,0.333
274995214,ground,unknown,versiegelt,0.334,0.334,0.333,0.333
274995218,unknown,grade3,versiegelt,0.334,0.334,0.333,0.333
274995223,unknown,unknown,versiegelt,0.334,0.334,0.333,0.333
274995224,unknown,unknown,versiegelt,0.334,0.334,0.333,0.333
274995226,ground,grade4,versiegelt,0.334,0.334,0.333,0.333
274995250,unknown,unknown,versiegelt,0.334,0.334,0.333,0.333
274995253,unknown,grade3,versiegelt,0.334,0.334,0.333,0.333
274995259,unknown,unknown,versiegelt,0.334,0.334,0.333,0.333
274995266,unknown,grade1,versiegelt,0.334,0.334,0.333,0.333
275289250,ground,grade4,versiegelt,0.334,0.334,0.333,0.333
275289251,ground,grade5,versiegelt,0.334,0.334,0.333,0.333
275289256,ground,unknown,versiegelt,0.334,0.334,0.333,0.333
275289258,ground,grade4,versiegelt,0.334,0.334,0.333,0.333
275948662,ground,grade4,versiegelt,0.334,0.334,0.333,0.333
275948663,unknown,unknown,versiegelt,0.334,0.334,0.333,0.333
276398971,unknown,unknown,versiegelt,0.334,0.334,0.333,0.333
277586522,ground,grade4,versiegelt,0.334,0.334,0.333,0.333
279193842,unknown,unknown,versiegelt,0.334,0.334,0.333,0.333
279376668,unknown,grade3,versiegelt,0.334,0.334,0.333,0.333
279376670,ground,unknown,versiegelt,0.334,0.334,0.333,0.333
279383185,unknown,grade4,versiegelt,0.334,0.334,0.333,0.333
279383187,unknown,grade4,versiegelt,0.334,0.334,0.333,0.333
279383190,ground,unknown,versiegelt,0.334,0.334,0.333,0.333
279383192,unknown,grade4,versiegelt,0.334,0.334,0.333,0.333
279383193,ground,grade5,versiegelt,0.334,0.334,0.333,0.333
283217767,unknown,unknown,versiegelt,0.334,0.334,0.333,0.333
283521135,ground,grade4,versiegelt,0.334,0.334,0.333,0.333
283521141,ground,grade4,versiegelt,0.334,0.334,0.333,0.333
283521142,ground,grade4,versiegelt,0.334,0.334,0.333,0.333
285026452,unknown,unknown,versiegelt,0.334,0.334,0.333,0.333
285026453,ground,unknown,versiegelt,0.334,0.334,0.333,0.333
285026454,unknown,unknown,versiegelt,0.334,0.334,0.333,0.333
285026456,unknown,unknown,versiegelt,0.334,0.334,0.333,0.333
285026458,unknown,unknown,versiegelt,0.334,0.334,0.333,0.333
285470435,unknown,unknown,versiegelt,0.334,0.334,0.333,0.333
285470436,unknown,unknown,versiegelt,0.334,0.334,0.333,0.333
286425245,ground,grade2,versiegelt,0.334,0.334,0.333,0.333
286754480,ground,grade5,versiegelt,0.334,0.334,0.333,0.333
287464843,unknown,unknown,versiegelt,0.334,0.334,0.333,0.333
287464845,unknown,unknown,versiegelt,0.334,0.334,0.333,0.333
287464848,unknown,unknown,versiegelt,0.334,0.334,0.333,0.333
287464850,unknown,unknown,versiegelt,0.334,0.334,0.333,0.333
287464853,unknown,unknown,versiegelt,0.334,0.334,0.333,0.333
287464855,unknown,unknown,versiegelt,0.334,0.334,0.333,0.333
287469243,unknown,grade5,versiegelt,0.334,0.334,0.333,0.333
287469244,unknown,grade2,versiegelt,0.334,0.334,0.333,0.333
287469246,unknown,grade4,versiegelt,0.334,0.334,0.333,0.333
287900961,unknown,unknown,versiegelt,0.334,0.334,0.333,0.333
288101104,unknown,unknown,versiegelt,0.334,0.334,0.333,0.333
288101108,unknown,unknown,versiegelt,0.334,0.334,0.333,0.333
289102441,unknown,grade4,versiegelt,0.334,0.334,0.333,0.333
289102442,unknown,unknown,versiegelt,0.334,0.334,0.333,0.333
289102445,unknown,grade1,versiegelt,0.334,0.334,0.333,0.333
293750894,unknown,unknown,versiegelt,0.334,0.334,0.333,0.333
293854568,ground,unknown,versiegelt,0.334,0.334,0.333,0.333
293854576,ground,unknown,versiegelt,0.334,0.334,0.333,0.333
293854610,ground,unknown,versiegelt,0.334,0.334,0.333,0.333
293854613,ground,unknown,versiegelt,0.334,0.334,0.333,0.333
294556098,unknown,unknown,versiegelt,0.334,0.334,0.333,0.333
294556099,unknown,unknown,versiegelt,0.334,0.334,0.333,0.333
294767768,paving_stones,unknown,versiegelt,0.334,0.334,0.333,0.333
294767769,cobblestone,unknown,versiegelt,0.334,0.334,0.333,0.333
299283514,unknown,unknown,versiegelt,0.334,0.334,0.333,0.333
301107437,unknown,grade5,versiegelt,0.334,0.334,0.333,0.333
301118727,unknown,unknown,versiegelt,0.334,0.334,0.333,0.333
301552256,unknown,grade1,versiegelt,0.334,0.334,0.333,0.333
302220717,unknown,unknown,versiegelt,0.334,0.334,0.333,0.333
302220728,unknown,unknown,versiegelt,0.334,0.334,0.333,0.333
302221156,ground,unknown,versiegelt,0.334,0.334,0.333,0.333
302278617,ground,grade2,versiegelt,0.334,0.334,0.333,0.333
304870398,unknown,grade3,versiegelt,0.334,0.334,0.333,0.333
309263417,unknown,unknown,versiegelt,0.334,0.334,0.333,0.333
313943357,unknown,unknown,versiegelt,0.334,0.334,0.333,0.333
313943358,unknown,unknown,versiegelt,0.334,0.334,0.333,0.333
313943360,unknown,unknown,versiegelt,0.334,0.334,0.333,0.333
313943361,unknown,unknown,versiegelt,0.334,0.334,0.333,0.333
314071536,unknown,unknown,versiegelt,0.334,0.334,0.333,0.333
314071537,unknown,unknown,versiegelt,0.334,0.334,0.333,0.333
314895208,unknown,unknown,versiegelt,0.334,0.334,0.333,0.333
314895210,unknown,unknown,versiegelt,0.334,0.334,0.333,0.333
314895212,unknown,unknown,versiegelt,0.334,0.334,0.333,0.333
314895217,unknown,unknown,versiegelt,0.334,0.334,0.333,0.333
314895220,unknown,unknown,versiegelt,0.334,0.334,0.333,0.333
314895223,unknown,unknown,versiegelt,0.334,0.334,0.333,0.333
315275876,unknown,unknown,versiegelt,0.334,0.334,0.333,0.333
315976626,paving_stones,unknown,versiegelt,0.334,0.334,0.333,0.333
316104135,unknown,unknown,versiegelt,0.334,0.334,0.333,0.333
321388327,ground,unknown,versiegelt,0.334,0.334,0.333,0.333
321388328,unknown,unknown,versiegelt,0.334,0.334,0.333,0.333
321388426,unknown,unknown,versiegelt,0.334,0.334,0.333,0.333
321388427,unknown,grade3,versiegelt,0.334,0.334,0.333,0.333
321388428,unknown,unknown,versiegelt,0.334,0.334,0.333,0.333
321388429,unknown,unknown,versiegelt,0.334,0.334,0.333,0.333
321388512,unknown,grade4,versiegelt,0.334,0.334,0.333,0.333
321388513,unknown,unknown,versiegelt,0.334,0.334,0.333,0.333
321388514,unknown,unknown,versiegelt,0.334,0.334,0.333,0.333
321388515,unknown,unknown,versiegelt,0.334,0.334,0.333,0.333
321388804,unknown,unknown,versiegelt,0.334,0.334,0.333,0.333
321388805,unknown,unknown,versiegelt,0.334,0.334,0.333,0.333
321541038,unknown,unknown,versiegelt,0.334,0.334,0.333,0.333
321541041,ground,unknown,versiegelt,0.334,0.334,0.333,0.333
321541314,ground,unknown,versiegelt,0.334,0.334,0.333,0.333
321607084,unknown,unknown,versiegelt,0.334,0.334,0.333,0.333
322009958,unknown,grade4,versiegelt,0.334,0.334,0.333,0.333
322009960,unknown,grade4,versiegelt,0.334,0.334,0.333,0.333
324750059,unknown,unknown,versiegelt,0.334,0.334,0.333,0.333
324750065,unknown,unknown,versiegelt,0.334,0.334,0.333,0.333
328042690,unknown,unknown,versiegelt,0.334,0.334,0.333,0.333
328042691,unknown,unknown,versiegelt,0.334,0.334,0.333,0.333
328042693,unknown,unknown,versiegelt,0.334,0.334,0.333,0.333
328042695,unknown,grade5,versiegelt,0.334,0.334,0.333,0.333
328042696,unknown,unknown,versiegelt,0.334,0.334,0.333,0.333
332756394,ground,grade5,versiegelt,0.334,0.334,0.333,0.333
332756397,ground,grade5,versiegelt,0.334,0.334,0.333,0.333
334843652,unknown,grade4,versiegelt,0.334,0.334,0.333,0.333
335551542,unknown,grade3,versiegelt,0.334,0.334,0.333,0.333
337954998,unknown,unknown,versiegelt,0.334,0.334,0.333,0.333
337954999,unknown,unknown,versiegelt,0.334,0.334,0.333,0.333
337955152,unknown,unknown,versiegelt,0.334,0.334,0.333,0.333
337955153,unknown,unknown,versiegelt,0.334,0.334,0.333,0.333
338535328,unknown,unknown,versiegelt,0.334,0.334,0.333,0.333
338535529,ground,unknown,versiegelt,0.334,0.334,0.333,0.333
338535598,ground,unknown,versiegelt,0.334,0.334,0.333,0.333
345481089,unknown,unknown,versiegelt,0.334,0.334,0.333,0.333
345481092,unknown,grade4,versiegelt,0.334,0.334,0.333,0.333
345481093,unknown,grade4,versiegelt,0.334,0.334,0.333,0.333
345481095,unknown,grade4,versiegelt,0.334,0.334,0.333,0.333
345481096,unknown,grade3,versiegelt,0.334,0.334,0.333,0.333
345481099,unknown,grade4,versiegelt,0.334,0.334,0.333,0.333
345481101,unhewn_cobblestone,grade2,versiegelt,0.334,0.334,0.333,0.333
345481104,unknown,grade3,versiegelt,0.334,0.334,0.333,0.333
345481105,unknown,grade3,versiegelt,0.334,0.334,0.333,0.333
345481107,unknown,grade5,versiegelt,0.334,0.334,0.333,0.333
345481108,unknown,grade4,versiegelt,0.334,0.334,0.333,0.333
345481110,unknown,grade3,versiegelt,0.334,0.334,0.333,0.333
345490029,unknown,grade3,versiegelt,0.334,0.334,0.333,0.333
345490031,unknown,unknown,versiegelt,0.334,0.334,0.333,0.333
345490032,unknown,grade4,versiegelt,0.334,0.334,0.333,0.333
345490033,unknown,grade2,versiegelt,0.334,0.334,0.333,0.333
345490035,ground,grade5,versiegelt,0.334,0.334,0.333,0.333
345490036,unknown,unknown,versiegelt,0.334,0.334,0.333,0.333
345490038,unknown,grade3,versiegelt,0.334,0.334,0.333,0.333
345490040,unknown,grade3,versiegelt,0.334,0.334,0.333,0.333
345490041,unknown,grade2,versiegelt,0.334,0.334,0.333,0.333
345490042,ground,grade4,versiegelt,0.334,0.334,0.333,0.333
345490043,unknown,grade3,versiegelt,0.334,0.334,0.333,0.333
345490044,unknown,grade2,versiegelt,0.334,0.334,0.333,0.333
345490046,unknown,grade2,versiegelt,0.334,0.334,0.333,0.333
345490047,unknown,unknown,versiegelt,0.334,0.334,0.333,0.333
345490050,unknown,grade3,versiegelt,0.334,0.334,0.333,0.333
345490051,unknown,grade3,versiegelt,0.334,0.334,0.333,0.333
348759925,ground,unknown,versiegelt,0.334,0.334,0.333,0.333
348760564,unknown,unknown,versiegelt,0.334,0.334,0.333,0.333
348760950,ground,unknown,versiegelt,0.334,0.334,0.333,0.333
348760951,ground,unknown,versiegelt,0.334,0.334,0.333,0.333
348760952,unknown,unknown,versiegelt,0.334,0.334,0.333,0.333
348761712,ground,unknown,versiegelt,0.334,0.334,0.333,0.333
352375755,ground,unknown,versiegelt,0.334,0.334,0.333,0.333
352375756,unknown,unknown,versiegelt,0.334,0.334,0.333,0.333
352375757,unknown,unknown,versiegelt,0.334,0.334,0.333,0.333
352377447,ground,grade5,versiegelt,0.334,0.334,0.333,0.333
352377449,ground,unknown,versiegelt,0.334,0.334,0.333,0.333
352377450,ground,unknown,versiegelt,0.334,0.334,0.333,0.333
352377451,unknown,unknown,versiegelt,0.334,0.334,0.333,0.333
352377452,ground,grade3,versiegelt,0.334,0.334,0.333,0.333
352377453,ground,unknown,versiegelt,0.334,0.334,0.333,0.333
359227236,ground,unknown,versiegelt,0.334,0.334,0.333,0.333
359227237,ground,unknown,versiegelt,0.334,0.334,0.333,0.333
359227238,ground,unknown,versiegelt,0.334,0.334,0.333,0.333
359227239,ground,unknown,versiegelt,0.334,0.334,0.333,0.333
359227977,unknown,unknown,versiegelt,0.334,0.334,0.333,0.333
359228305,unknown,grade4,versiegelt,0.334,0.334,0.333,0.333
359228980,unknown,unknown,versiegelt,0.334,0.334,0.333,0.333
359228981,unknown,grade5,versiegelt,0.334,0.334,0.333,0.333
360156655,unknown,unknown,versiegelt,0.334,0.334,0.333,0.333
362147133,unknown,grade4,versiegelt,0.334,0.334,0.333,0.333
369834214,unknown,grade4,versiegelt,0.334,0.334,0.333,0.333
369834215,unknown,unknown,versiegelt,0.334,0.334,0.333,0.333
369834216,unknown,unknown,versiegelt,0.334,0.334,0.333,0.333
369843680,ground,unknown,versiegelt,0.334,0.334,0.333,0.333
370609435,unknown,grade3,versiegelt,0.334,0.334,0.333,0.333
370609436,unknown,unknown,versiegelt,0.334,0.334,0.333,0.333
370609437,paving_stones,unknown,versiegelt,0.334,0.334,0.333,0.333
370712023,unknown,unknown,versiegelt,0.334,0.334,0.333,0.333
370751250,unknown,grade2,versiegelt,0.334,0.334,0.333,0.333
370819786,ground,grade3,versiegelt,0.334,0.334,0.333,0.333
370819788,unknown,grade3,versiegelt,0.334,0.334,0.333,0.333
371746977,unknown,grade4,versiegelt,0.334,0.334,0.333,0.333
372177074,unknown,unknown,versiegelt,0.334,0.334,0.333,0.333
372375356,unknown,unknown,versiegelt,0.334,0.334,0.333,0.333
372532692,ground,unknown,versiegelt,0.334,0.334,0.333,0.333
372532693,ground,unknown,versiegelt,0.334,0.334,0.333,0.333
372532694,ground,unknown,versiegelt,0.334,0.334,0.333,0.333
372532695,ground,unknown,versiegelt,0.334,0.334,0.333,0.333
372532697,ground,unknown,versiegelt,0.334,0.334,0.333,0.333
372532698,ground,unknown,versiegelt,0.334,0.334,0.333,0.333
372532700,ground,unknown,versiegelt,0.334,0.334,0.333,0.333
372532891,ground,unknown,versiegelt,0.334,0.334,0.333,0.333
373734773,unknown,unknown,versiegelt,0.334,0.334,0.333,0.333
373734775,unknown,grade3,versiegelt,0.334,0.334,0.333,0.333
373734777,unknown,unknown,versiegelt,0.334,0.334,0.333,0.333
373734779,unknown,unknown,versiegelt,0.334,0.334,0.333,0.333
373734780,unknown,unknown,versiegelt,0.334,0.334,0.333,0.333
373734781,unknown,unknown,versiegelt,0.334,0.334,0.333,0.333
373734783,unknown,unknown,versiegelt,0.334,0.334,0.333,0.333
373734785,unknown,unknown,versiegelt,0.334,0.334,0.333,0.333
373746090,unknown,unknown,versiegelt,0.334,0.334,0.333,0.333
373746094,unknown,grade1,versiegelt,0.334,0.334,0.333,0.333
374852739,unknown,unknown,versiegelt,0.334,0.334,0.333,0.333
374852740,unknown,unknown,versiegelt,0.334,0.334,0.333,0.333
374852746,unknown,grade3,versiegelt,0.334,0.334,0.333,0.333
374852747,unknown,grade4,versiegelt,0.334,0.334,0.333,0.333
374855533,unknown,grade3,versiegelt,0.334,0.334,0.333,0.333
374855536,unknown,grade4,versiegelt,0.334,0.334,0.333,0.333
377207288,ground,unknown,versiegelt,0.334,0.334,0.333,0.333
377207289,ground,unknown,versiegelt,0.334,0.334,0.333,0.333
377207290,ground,unknown,versiegelt,0.334,0.334,0.333,0.333
377208061,ground,unknown,versiegelt,0.334,0.334,0.333,0.333
377208062,ground,unknown,versiegelt,0.334,0.334,0.333,0.333
377208067,ground,unknown,versiegelt,0.334,0.334,0.333,0.333
384683778,unknown,grade5,versiegelt,0.334,0.334,0.333,0.333
384683779,earth,grade5,versiegelt,0.334,0.334,0.333,0.333
384683780,unknown,grade2,versiegelt,0.334,0.334,0.333,0.333
384683781,unknown,grade1,versiegelt,0.334,0.334,0.333,0.333
384683782,unknown,grade3,versiegelt,0.334,0.334,0.333,0.333
384884533,unknown,grade3,versiegelt,0.334,0.334,0.333,0.333
386074994,gravel_turf,grade3,versiegelt,0.334,0.334,0.333,0.333
393026419,paving_stones,unknown,versiegelt,0.334,0.334,0.333,0.333
393026421,paving_stones,unknown,versiegelt,0.334,0.334,0.333,0.333
393236040,paving_stones,unknown,versiegelt,0.334,0.334,0.333,0.333
397643709,unknown,grade3,versiegelt,0.334,0.334,0.333,0.333
397643710,unknown,grade5,versiegelt,0.334,0.334,0.333,0.333
397643711,unknown,grade5,versiegelt,0.334,0.334,0.333,0.333
397643712,unknown,grade4,versiegelt,0.334,0.334,0.333,0.333
397643713,unknown,grade2,versiegelt,0.334,0.334,0.333,0.333
397643714,unknown,grade4,versiegelt,0.334,0.334,0.333,0.333
397643715,unknown,grade4,versiegelt,0.334,0.334,0.333,0.333
397643716,unknown,grade3,versiegelt,0.334,0.334,0.333,0.333
397645409,unknown,grade4,versiegelt,0.334,0.334,0.333,0.333
399315709,unknown,unknown,versiegelt,0.334,0.334,0.333,0.333
400861195,ground,unknown,versiegelt,0.334,0.334,0.333,0.333
400861196,ground,unknown,versiegelt,0.334,0.334,0.333,0.333
400861197,ground,unknown,versiegelt,0.334,0.334,0.333,0.333
400861199,ground,unknown,versiegelt,0.334,0.334,0.333,0.333
400861200,ground,unknown,versiegelt,0.334,0.334,0.333,0.333
400862834,ground,unknown,versiegelt,0.334,0.334,0.333,0.333
400862837,ground,unknown,versiegelt,0.334,0.334,0.333,0.333
400863394,ground,unknown,versiegelt,0.334,0.334,0.333,0.333
400863395,ground,unknown,versiegelt,0.334,0.334,0.333,0.333
401252800,unknown,grade5,versiegelt,0.334,0.334,0.333,0.333
401252801,unknown,grade5,versiegelt,0.334,0.334,0.333,0.333
402926649,unknown,unknown,versiegelt,0.334,0.334,0.333,0.333
403521338,unknown,unknown,versiegelt,0.334,0.334,0.333,0.333
403521340,unknown,unknown,versiegelt,0.334,0.334,0.333,0.333
403521352,unknown,unknown,versiegelt,0.334,0.334,0.333,0.333
403521355,unknown,unknown,versiegelt,0.334,0.334,0.333,0.333
403521360,unknown,unknown,versiegelt,0.334,0.334,0.333,0.333
403521361,unknown,unknown,versiegelt,0.334,0.334,0.333,0.333
404527106,ground,unknown,versiegelt,0.334,0.334,0.333,0.333
406047365,unknown,unknown,versiegelt,0.334,0.334,0.333,0.333
406047366,unknown,unknown,versiegelt,0.334,0.334,0.333,0.333
406047368,unknown,unknown,versiegelt,0.334,0.334,0.333,0.333
409616586,unknown,unknown,versiegelt,0.334,0.334,0.333,0.333
409616587,unknown,grade5,versiegelt,0.334,0.334,0.333,0.333
409616588,ground,unknown,versiegelt,0.334,0.334,0.333,0.333
409616589,ground,unknown,versiegelt,0.334,0.334,0.333,0.333
409616590,ground,unknown,versiegelt,0.334,0.334,0.333,0.333
409616591,ground,unknown,versiegelt,0.334,0.334,0.333,0.333
409616592,ground,unknown,versiegelt,0.334,0.334,0.333,0.333
409617067,ground,unknown,versiegelt,0.334,0.334,0.333,0.333
409617068,ground,unknown,versiegelt,0.334,0.334,0.333,0.333
409617069,ground,unknown,versiegelt,0.334,0.334,0.333,0.333
412452736,unknown,grade4,versiegelt,0.334,0.334,0.333,0.333
416741037,ground,unknown,versiegelt,0.334,0.334,0.333,0.333
416741048,unknown,grade4,versiegelt,0.334,0.334,0.333,0.333
416741054,ground,unknown,versiegelt,0.334,0.334,0.333,0.333
416741071,ground,grade5,versiegelt,0.334,0.334,0.333,0.333
416741088,unknown,grade5,versiegelt,0.334,0.334,0.333,0.333
416741094,ground,unknown,versiegelt,0.334,0.334,0.333,0.333
416741099,ground,unknown,versiegelt,0.334,0.334,0.333,0.333
416741105,ground,unknown,versiegelt,0.334,0.334,0.333,0.333
416741111,ground,unknown,versiegelt,0.334,0.334,0.333,0.333
416741126,ground,grade4,versiegelt,0.334,0.334,0.333,0.333
416754310,ground,unknown,versiegelt,0.334,0.334,0.333,0.333
416754316,unknown,grade3,versiegelt,0.334,0.334,0.333,0.333
416760244,ground,unknown,versiegelt,0.334,0.334,0.333,0.333
416760249,ground,unknown,versiegelt,0.334,0.334,0.333,0.333
417090664,ground,unknown,versiegelt,0.334,0.334,0.333,0.333
425105647,unknown,unknown,versiegelt,0.334,0.334,0.333,0.333
425314628,unknown,unknown,versiegelt,0.334,0.334,0.333,0.333
433455657,ground,unknown,versiegelt,0.334,0.334,0.333,0.333
435163772,unknown,grade4,versiegelt,0.334,0.334,0.333,0.333
435173430,unknown,unknown,versiegelt,0.334,0.334,0.333,0.333
435173432,unknown,grade5,versiegelt,0.334,0.334,0.333,0.333
437352753,ground,unknown,versiegelt,0.334,0.334,0.333,0.333
437352754,ground,unknown,versiegelt,0.334,0.334,0.333,0.333
437352756,ground,unknown,versiegelt,0.334,0.334,0.333,0.333
437352757,ground,unknown,versiegelt,0.334,0.334,0.333,0.333
438452922,ground,unknown,versiegelt,0.334,0.334,0.333,0.333
438452923,ground,unknown,versiegelt,0.334,0.334,0.333,0.333
438452924,ground,unknown,versiegelt,0.334,0.334,0.333,0.333
438454425,ground,unknown,versiegelt,0.334,0.334,0.333,0.333
438454431,ground,grade5,versiegelt,0.334,0.334,0.333,0.333
438643197,ground,grade5,versiegelt,0.334,0.334,0.333,0.333
438643198,unknown,grade5,versiegelt,0.334,0.334,0.333,0.333
438643200,unknown,grade5,versiegelt,0.334,0.334,0.333,0.333
438644811,unknown,grade5,versiegelt,0.334,0.334,0.333,0.333
438644812,unknown,grade5,versiegelt,0.334,0.334,0.333,0.333
438644813,unknown,grade5,versiegelt,0.334,0.334,0.333,0.333
438644814,unknown,grade5,versiegelt,0.334,0.334,0.333,0.333
439418621,ground,unknown,versiegelt,0.334,0.334,0.333,0.333
439418622,paving_stones,unknown,versiegelt,0.334,0.334,0.333,0.333
439925959,ground,unknown,versiegelt,0.334,0.334,0.333,0.333
439925960,ground,unknown,versiegelt,0.334,0.334,0.333,0.333
439925961,ground,unknown,versiegelt,0.334,0.334,0.333,0.333
439925962,ground,unknown,versiegelt,0.334,0.334,0.333,0.333
439925963,ground,unknown,versiegelt,0.334,0.334,0.333,0.333
439925965,ground,unknown,versiegelt,0.334,0.334,0.333,0.333
439925966,ground,unknown,versiegelt,0.334,0.334,0.333,0.333
439926638,ground,unknown,versiegelt,0.334,0.334,0.333,0.333
439926639,ground,unknown,versiegelt,0.334,0.334,0.333,0.333
440836867,unknown,unknown,versiegelt,0.334,0.334,0.333,0.333
440836870,unknown,unknown,versiegelt,0.334,0.334,0.333,0.333
442119063,ground,unknown,versiegelt,0.334,0.334,0.333,0.333
442119066,ground,unknown,versiegelt,0.334,0.334,0.333,0.333
442119067,ground,unknown,versiegelt,0.334,0.334,0.333,0.333
442119068,ground,unknown,versiegelt,0.334,0.334,0.333,0.333
442119069,ground,unknown,versiegelt,0.334,0.334,0.333,0.333
442119072,ground,unknown,versiegelt,0.334,0.334,0.333,0.333
442119483,ground,unknown,versiegelt,0.334,0.334,0.333,0.333
442119485,ground,unknown,versiegelt,0.334,0.334,0.333,0.333
442119486,ground,unknown,versiegelt,0.334,0.334,0.333,0.333
442119487,ground,unknown,versiegelt,0.334,0.334,0.333,0.333
442120036,ground,unknown,versiegelt,0.334,0.334,0.333,0.333
442120037,ground,unknown,versiegelt,0.334,0.334,0.333,0.333
452870435,paving_stones,unknown,versiegelt,0.334,0.334,0.333,0.333
453606327,ground,unknown,versiegelt,0.334,0.334,0.333,0.333
453606328,ground,unknown,versiegelt,0.334,0.334,0.333,0.333
453606329,ground,grade5,versiegelt,0.334,0.334,0.333,0.333
453606331,ground,unknown,versiegelt,0.334,0.334,0.333,0.333
456262323,unknown,unknown,versiegelt,0.334,0.334,0.333,0.333
456262324,unknown,unknown,versiegelt,0.334,0.334,0.333,0.333
456377394,unknown,grade5,versiegelt,0.334,0.334,0.333,0.333
460619664,unknown,unknown,versiegelt,0.334,0.334,0.333,0.333
460619665,unknown,unknown,versiegelt,0.334,0.334,0.333,0.333
460619668,unknown,unknown,versiegelt,0.334,0.334,0.333,0.333
460619669,unknown,unknown,versiegelt,0.334,0.334,0.333,0.333
460619670,unknown,unknown,versiegelt,0.334,0.334,0.333,0.333
460619671,unknown,unknown,versiegelt,0.334,0.334,0.333,0.333
460619672,unknown,unknown,versiegelt,0.334,0.334,0.333,0.333
460619673,unknown,unknown,versiegelt,0.334,0.334,0.333,0.333
460619674,unknown,unknown,versiegelt,0.334,0.334,0.333,0.333
460619675,unknown,unknown,versiegelt,0.334,0.334,0.333,0.333
474681864,ground,unknown,versiegelt,0.334,0.334,0.333,0.333
474681866,unknown,grade4,versiegelt,0.334,0.334,0.333,0.333
474682071,wood,unknown,versiegelt,0.334,0.334,0.333,0.333
475544664,unknown,grade5,versiegelt,0.334,0.334,0.333,0.333
475544665,unknown,grade5,versiegelt,0.334,0.334,0.333,0.333
475544666,unknown,unknown,versiegelt,0.334,0.334,0.333,0.333
475544669,unknown,grade5,versiegelt,0.334,0.334,0.333,0.333
485952461,ground,unknown,versiegelt,0.334,0.334,0.333,0.333
485952462,ground,unknown,versiegelt,0.334,0.334,0.333,0.333
485952464,ground,unknown,versiegelt,0.334,0.334,0.333,0.333
485952467,ground,unknown,versiegelt,0.334,0.334,0.333,0.333
488503346,unknown,unknown,versiegelt,0.334,0.334,0.333,0.333
488503347,unknown,unknown,versiegelt,0.334,0.334,0.333,0.333
488503348,unknown,unknown,versiegelt,0.334,0.334,0.333,0.333
488503349,paving_stones,unknown,versiegelt,0.334,0.334,0.333,0.333
488503350,paving_stones,unknown,versiegelt,0.334,0.334,0.333,0.333
488503352,unknown,unknown,versiegelt,0.334,0.334,0.333,0.333
488503353,unknown,unknown,versiegelt,0.334,0.334,0.333,0.333
488503354,unknown,unknown,versiegelt,0.334,0.334,0.333,0.333
490170519,unknown,grade5,versiegelt,0.334,0.334,0.333,0.333
491193858,ground,unknown,versiegelt,0.334,0.334,0.333,0.333
491193859,ground,unknown,versiegelt,0.334,0.334,0.333,0.333
491193861,ground,unknown,versiegelt,0.334,0.334,0.333,0.333
491193863,ground,unknown,versiegelt,0.334,0.334,0.333,0.333
492976039,ground,unknown,versiegelt,0.334,0.334,0.333,0.333
497719515,unknown,unknown,versiegelt,0.334,0.334,0.333,0.333
497719517,unknown,unknown,versiegelt,0.334,0.334,0.333,0.333
497719519,unknown,unknown,versiegelt,0.334,0.334,0.333,0.333
498310012,unknown,unknown,versiegelt,0.334,0.334,0.333,0.333
498654269,ground,unknown,versiegelt,0.334,0.334,0.333,0.333
498654270,ground,unknown,versiegelt,0.334,0.334,0.333,0.333
498654271,ground,unknown,versiegelt,0.334,0.334,0.333,0.333
498654272,ground,unknown,versiegelt,0.334,0.334,0.333,0.333
498655998,ground,grade5,versiegelt,0.334,0.334,0.333,0.333
498655999,ground,unknown,versiegelt,0.334,0.334,0.333,0.333
498656000,ground,unknown,versiegelt,0.334,0.334,0.333,0.333
503227595,unknown,unknown,versiegelt,0.334,0.334,0.333,0.333
503274072,paving_stones,unknown,versiegelt,0.334,0.334,0.333,0.333
503637296,ground,unknown,versiegelt,0.334,0.334,0.333,0.333
503637297,ground,unknown,versiegelt,0.334,0.334,0.333,0.333
503637299,ground,unknown,versiegelt,0.334,0.334,0.333,0.333
503637300,ground,unknown,versiegelt,0.334,0.334,0.333,0.333
503637302,ground,unknown,versiegelt,0.334,0.334,0.333,0.333
505370236,unknown,unknown,versiegelt,0.334,0.334,0.333,0.333
505370237,paving_stones,unknown,versiegelt,0.334,0.334,0.333,0.333
505370239,wood,unknown,versiegelt,0.334,0.334,0.333,0.333
505370241,unknown,unknown,versiegelt,0.334,0.334,0.333,0.333
505370243,unknown,unknown,versiegelt,0.334,0.334,0.333,0.333
505370244,unknown,unknown,versiegelt,0.334,0.334,0.333,0.333
506259120,paving_stones,unknown,versiegelt,0.334,0.334,0.333,0.333
508259707,ground,grade5,versiegelt,0.334,0.334,0.333,0.333
508259711,ground,unknown,versiegelt,0.334,0.334,0.333,0.333
508259713,ground,unknown,versiegelt,0.334,0.334,0.333,0.333
508259714,ground,unknown,versiegelt,0.334,0.334,0.333,0.333
508259717,ground,unknown,versiegelt,0.334,0.334,0.333,0.333
508262920,ground,unknown,versiegelt,0.334,0.334,0.333,0.333
508262921,ground,unknown,versiegelt,0.334,0.334,0.333,0.333
508262926,ground,unknown,versiegelt,0.334,0.334,0.333,0.333
508813805,unknown,unknown,versiegelt,0.334,0.334,0.333,0.333
508813807,unknown,grade5,versiegelt,0.334,0.334,0.333,0.333
511335953,unknown,unknown,versiegelt,0.334,0.334,0.333,0.333
511335958,unknown,grade5,versiegelt,0.334,0.334,0.333,0.333
511335959,unknown,grade4,versiegelt,0.334,0.334,0.333,0.333
511335963,unknown,grade4,versiegelt,0.334,0.334,0.333,0.333
511335966,unknown,unknown,versiegelt,0.334,0.334,0.333,0.333
511335967,unknown,unknown,versiegelt,0.334,0.334,0.333,0.333
511335968,unknown,unknown,versiegelt,0.334,0.334,0.333,0.333
514587964,unknown,grade3,versiegelt,0.334,0.334,0.333,0.333
515214557,unknown,unknown,versiegelt,0.334,0.334,0.333,0.333
515214559,unknown,unknown,versiegelt,0.334,0.334,0.333,0.333
520123672,ground,unknown,versiegelt,0.334,0.334,0.333,0.333
520123673,unknown,grade5,versiegelt,0.334,0.334,0.333,0.333
520123674,unknown,grade5,versiegelt,0.334,0.334,0.333,0.333
520123681,unknown,grade5,versiegelt,0.334,0.334,0.333,0.333
520123682,unknown,grade5,versiegelt,0.334,0.334,0.333,0.333
520123683,unknown,grade5,versiegelt,0.334,0.334,0.333,0.333
520123684,unknown,grade5,versiegelt,0.334,0.334,0.333,0.333
520123685,unknown,grade5,versiegelt,0.334,0.334,0.333,0.333
523464184,ground,unknown,versiegelt,0.334,0.334,0.333,0.333
523464187,ground,unknown,versiegelt,0.334,0.334,0.333,0.333
523464189,ground,unknown,versiegelt,0.334,0.334,0.333,0.333
523464191,ground,unknown,versiegelt,0.334,0.334,0.333,0.333
523464194,ground,unknown,versiegelt,0.334,0.334,0.333,0.333
523464197,ground,unknown,versiegelt,0.334,0.334,0.333,0.333
523464199,ground,unknown,versiegelt,0.334,0.334,0.333,0.333
523464201,unknown,unknown,versiegelt,0.334,0.334,0.333,0.333
523464203,ground,unknown,versiegelt,0.334,0.334,0.333,0.333
523464207,ground,unknown,versiegelt,0.334,0.334,0.333,0.333
523465772,ground,unknown,versiegelt,0.334,0.334,0.333,0.333
523465776,ground,unknown,versiegelt,0.334,0.334,0.333,0.333
531326364,ground,unknown,versiegelt,0.334,0.334,0.333,0.333
532767590,unknown,unknown,versiegelt,0.334,0.334,0.333,0.333
533387262,unknown,unknown,versiegelt,0.334,0.334,0.333,0.333
533387280,unknown,unknown,versiegelt,0.334,0.334,0.333,0.333
533742816,unknown,unknown,versiegelt,0.334,0.334,0.333,0.333
534147351,unknown,unknown,versiegelt,0.334,0.334,0.333,0.333
534147352,unknown,unknown,versiegelt,0.334,0.334,0.333,0.333
536682655,unknown,grade1,versiegelt,0.334,0.334,0.333,0.333
537401213,unknown,unknown,versiegelt,0.334,0.334,0.333,0.333
537401253,unknown,unknown,versiegelt,0.334,0.334,0.333,0.333
537401255,unknown,unknown,versiegelt,0.334,0.334,0.333,0.333
537401279,unknown,unknown,versiegelt,0.334,0.334,0.333,0.333
537826430,ground,unknown,versiegelt,0.334,0.334,0.333,0.333
537826431,ground,unknown,versiegelt,0.334,0.334,0.333,0.333
540399549,unknown,grade2,versiegelt,0.334,0.334,0.333,0.333
540399550,unknown,grade3,versiegelt,0.334,0.334,0.333,0.333
540399551,unknown,unknown,versiegelt,0.334,0.334,0.333,0.333
540399553,unknown,unknown,versiegelt,0.334,0.334,0.333,0.333
540399554,unknown,grade3,versiegelt,0.334,0.334,0.333,0.333
540399555,unknown,grade3,versiegelt,0.334,0.334,0.333,0.333
540399557,unknown,grade3,versiegelt,0.334,0.334,0.333,0.333
540399561,unknown,unknown,versiegelt,0.334,0.334,0.333,0.333
540399562,unknown,unknown,versiegelt,0.334,0.334,0.333,0.333
540417429,unknown,unknown,versiegelt,0.334,0.334,0.333,0.333
540417430,unknown,grade3,versiegelt,0.334,0.334,0.333,0.333
550295916,unknown,unknown,versiegelt,0.334,0.334,0.333,0.333
550295917,unknown,unknown,versiegelt,0.334,0.334,0.333,0.333
550689993,unknown,unknown,versiegelt,0.334,0.334,0.333,0.333
550693615,paving_stones,unknown,versiegelt,0.334,0.334,0.333,0.333
550693618,unknown,unknown,versiegelt,0.334,0.334,0.333,0.333
550693619,unknown,unknown,versiegelt,0.334,0.334,0.333,0.333
550693620,unknown,unknown,versiegelt,0.334,0.334,0.333,0.333
550693621,unknown,unknown,versiegelt,0.334,0.334,0.333,0.333
550693625,unknown,unknown,versiegelt,0.334,0.334,0.333,0.333
551116040,unknown,unknown,versiegelt,0.334,0.334,0.333,0.333
551978966,unknown,unknown,versiegelt,0.334,0.334,0.333,0.333
552536757,unknown,unknown,versiegelt,0.334,0.334,0.333,0.333
552536759,unknown,unknown,versiegelt,0.334,0.334,0.333,0.333
557018764,unknown,grade5,versiegelt,0.334,0.334,0.333,0.333
557018769,unknown,unknown,versiegelt,0.334,0.334,0.333,0.333
557018771,unknown,grade5,versiegelt,0.334,0.334,0.333,0.333
557018772,unknown,grade1,versiegelt,0.334,0.334,0.333,0.333
557018773,unknown,grade5,versiegelt,0.334,0.334,0.333,0.333
557018774,unknown,unknown,versiegelt,0.334,0.334,0.333,0.333
558437695,unknown,unknown,versiegelt,0.334,0.334,0.333,0.333
558437696,unknown,unknown,versiegelt,0.334,0.334,0.333,0.333
562591992,ground,unknown,versiegelt,0.334,0.334,0.333,0.333
562783405,unknown,unknown,versiegelt,0.334,0.334,0.333,0.333
562783407,unknown,unknown,versiegelt,0.334,0.334,0.333,0.333
562783409,unknown,unknown,versiegelt,0.334,0.334,0.333,0.333
562783411,unknown,unknown,versiegelt,0.334,0.334,0.333,0.333
563456942,unknown,unknown,versiegelt,0.334,0.334,0.333,0.333
563456943,unknown,unknown,versiegelt,0.334,0.334,0.333,0.333
563456944,unknown,unknown,versiegelt,0.334,0.334,0.333,0.333
570637781,unknown,unknown,versiegelt,0.334,0.334,0.333,0.333
570637782,paving_stones,unknown,versiegelt,0.334,0.334,0.333,0.333
577231950,cobblestone,grade1,versiegelt,0.334,0.334,0.333,0.333
577659382,unknown,grade2,versiegelt,0.334,0.334,0.333,0.333
583027703,ground,unknown,versiegelt,0.334,0.334,0.333,0.333
583027704,ground,unknown,versiegelt,0.334,0.334,0.333,0.333
583029623,ground,grade5,versiegelt,0.334,0.334,0.333,0.333
583029626,ground,unknown,versiegelt,0.334,0.334,0.333,0.333
583029628,ground,unknown,versiegelt,0.334,0.334,0.333,0.333
584760466,unknown,unknown,versiegelt,0.334,0.334,0.333,0.333
584760467,unknown,unknown,versiegelt,0.334,0.334,0.333,0.333
584760468,unknown,unknown,versiegelt,0.334,0.334,0.333,0.333
584760471,unknown,grade5,versiegelt,0.334,0.334,0.333,0.333
584761124,unknown,unknown,versiegelt,0.334,0.334,0.333,0.333
584834466,unknown,grade2,versiegelt,0.334,0.334,0.333,0.333
584842765,unknown,grade3,versiegelt,0.334,0.334,0.333,0.333
587321029,cobblestone,grade1,versiegelt,0.334,0.334,0.333,0.333
587321076,unknown,unknown,versiegelt,0.334,0.334,0.333,0.333
587321093,paving_stones,unknown,versiegelt,0.334,0.334,0.333,0.333
587327732,unknown,grade1,versiegelt,0.334,0.334,0.333,0.333
588904927,ground,grade2,versiegelt,0.334,0.334,0.333,0.333
595896093,unknown,grade1,versiegelt,0.334,0.334,0.333,0.333
595896097,asphalt;paving_stones,grade1,versiegelt,0.334,0.334,0.333,0.333
596654987,ground,unknown,versiegelt,0.334,0.334,0.333,0.333
596654989,ground,unknown,versiegelt,0.334,0.334,0.333,0.333
596654993,ground,unknown,versiegelt,0.334,0.334,0.333,0.333
598864914,unknown,unknown,versiegelt,0.334,0.334,0.333,0.333
610304042,ground,unknown,versiegelt,0.334,0.334,0.333,0.333
610304045,ground,unknown,versiegelt,0.334,0.334,0.333,0.333
610306139,ground,unknown,versiegelt,0.334,0.334,0.333,0.333
610306140,ground,unknown,versiegelt,0.334,0.334,0.333,0.333
610306141,ground,unknown,versiegelt,0.334,0.334,0.333,0.333
613141790,unknown,unknown,versiegelt,0.334,0.334,0.333,0.333
613141793,ground,unknown,versiegelt,0.334,0.334,0.333,0.333
613141794,ground,unknown,versiegelt,0.334,0.334,0.333,0.333
613141795,ground,unknown,versiegelt,0.334,0.334,0.333,0.333
619847263,unknown,unknown,versiegelt,0.334,0.334,0.333,0.333
619847264,unknown,unknown,versiegelt,0.334,0.334,0.333,0.333
620040376,unknown,unknown,versiegelt,0.334,0.334,0.333,0.333
620040378,unknown,unknown,versiegelt,0.334,0.334,0.333,0.333
620040381,unknown,unknown,versiegelt,0.334,0.334,0.333,0.333
620040382,unknown,unknown,versiegelt,0.334,0.334,0.333,0.333
620040384,unknown,unknown,versiegelt,0.334,0.334,0.333,0.333
620040385,unknown,unknown,versiegelt,0.334,0.334,0.333,0.333
620040387,unknown,unknown,versiegelt,0.334,0.334,0.333,0.333
620040389,unknown,unknown,versiegelt,0.334,0.334,0.333,0.333
620040391,unknown,unknown,versiegelt,0.334,0.334,0.333,0.333
620040392,unknown,unknown,versiegelt,0.334,0.334,0.333,0.333
620040394,unknown,unknown,versiegelt,0.334,0.334,0.333,0.333
621302583,ground,unknown,versiegelt,0.334,0.334,0.333,0.333
621302587,ground,unknown,versiegelt,0.334,0.334,0.333,0.333
621302590,ground,unknown,versiegelt,0.334,0.334,0.333,0.333
621302592,ground,unknown,versiegelt,0.334,0.334,0.333,0.333
621302600,ground,grade4,versiegelt,0.334,0.334,0.333,0.333
621302602,ground,unknown,versiegelt,0.334,0.334,0.333,0.333
621303371,ground,unknown,versiegelt,0.334,0.334,0.333,0.333
623904782,paving_stones,unknown,versiegelt,0.334,0.334,0.333,0.333
624128389,unknown,grade5,versiegelt,0.334,0.334,0.333,0.333
624128393,unknown,unknown,versiegelt,0.334,0.334,0.333,0.333
624128395,unknown,unknown,versiegelt,0.334,0.334,0.333,0.333
624128396,unknown,unknown,versiegelt,0.334,0.334,0.333,0.333
624128397,unknown,unknown,versiegelt,0.334,0.334,0.333,0.333
624128398,unknown,unknown,versiegelt,0.334,0.334,0.333,0.333
624128400,unknown,unknown,versiegelt,0.334,0.334,0.333,0.333
624128402,unknown,unknown,versiegelt,0.334,0.334,0.333,0.333
624128403,unknown,unknown,versiegelt,0.334,0.334,0.333,0.333
624128404,unknown,unknown,versiegelt,0.334,0.334,0.333,0.333
624128405,unknown,grade5,versiegelt,0.334,0.334,0.333,0.333
624175286,unknown,grade1,versiegelt,0.334,0.334,0.333,0.333
624175289,unknown,grade4,versiegelt,0.334,0.334,0.333,0.333
624175290,unknown,grade5,versiegelt,0.334,0.334,0.333,0.333
624194841,unknown,unknown,versiegelt,0.334,0.334,0.333,0.333
624194843,unknown,unknown,versiegelt,0.334,0.334,0.333,0.333
625722759,paving_stones,unknown,versiegelt,0.334,0.334,0.333,0.333
625722796,unknown,unknown,versiegelt,0.334,0.334,0.333,0.333
625722805,unknown,unknown,versiegelt,0.334,0.334,0.333,0.333
625722807,unknown,grade1,versiegelt,0.334,0.334,0.333,0.333
625741838,unknown,unknown,versiegelt,0.334,0.334,0.333,0.333
625741840,unknown,unknown,versiegelt,0.334,0.334,0.333,0.333
625741841,unknown,unknown,versiegelt,0.334,0.334,0.333,0.333
625741842,unknown,unknown,versiegelt,0.334,0.334,0.333,0.333
625741843,unknown,unknown,versiegelt,0.334,0.334,0.333,0.333
625741844,unknown,unknown,versiegelt,0.334,0.334,0.333,0.333
625741845,unknown,unknown,versiegelt,0.334,0.334,0.333,0.333
625741848,unknown,grade3,versiegelt,0.334,0.334,0.333,0.333
625741880,unknown,unknown,versiegelt,0.334,0.334,0.333,0.333
625741882,unknown,grade5,versiegelt,0.334,0.334,0.333,0.333
625745608,unknown,unknown,versiegelt,0.334,0.334,0.333,0.333
625745609,unknown,unknown,versiegelt,0.334,0.334,0.333,0.333
632262677,unknown,grade4,versiegelt,0.334,0.334,0.333,0.333
632262972,unknown,unknown,versiegelt,0.334,0.334,0.333,0.333
638566217,unknown,unknown,versiegelt,0.334,0.334,0.333,0.333
638566220,unknown,unknown,versiegelt,0.334,0.334,0.333,0.333
638570711,unknown,unknown,versiegelt,0.334,0.334,0.333,0.333
638570718,unknown,unknown,versiegelt,0.334,0.334,0.333,0.333
638606629,paving_stones,unknown,versiegelt,0.334,0.334,0.333,0.333
646564190,wood,unknown,versiegelt,0.334,0.334,0.333,0.333
650303350,unknown,unknown,versiegelt,0.334,0.334,0.333,0.333
655344543,unknown,grade5,versiegelt,0.334,0.334,0.333,0.333
655344544,unknown,grade5,versiegelt,0.334,0.334,0.333,0.333
655356123,unknown,unknown,versiegelt,0.334,0.334,0.333,0.333
655356124,unknown,unknown,versiegelt,0.334,0.334,0.333,0.333
659984014,unknown,unknown,versiegelt,0.334,0.334,0.333,0.333
660745631,unknown,unknown,versiegelt,0.334,0.334,0.333,0.333
660745640,unknown,unknown,versiegelt,0.334,0.334,0.333,0.333
660774102,unknown,unknown,versiegelt,0.334,0.334,0.333,0.333
660774109,paving_stones,unknown,versiegelt,0.334,0.334,0.333,0.333
660785907,unknown,unknown,versiegelt,0.334,0.334,0.333,0.333
665696884,ground,unknown,versiegelt,0.334,0.334,0.333,0.333
665696885,ground,unknown,versiegelt,0.334,0.334,0.333,0.333
665696886,wood,unknown,versiegelt,0.334,0.334,0.333,0.333
665698575,ground,unknown,versiegelt,0.334,0.334,0.333,0.333
665698576,ground,unknown,versiegelt,0.334,0.334,0.333,0.333
665698577,wood,unknown,versiegelt,0.334,0.334,0.333,0.333
671376692,ground,unknown,versiegelt,0.334,0.334,0.333,0.333
671376693,ground,unknown,versiegelt,0.334,0.334,0.333,0.333
671376695,ground,unknown,versiegelt,0.334,0.334,0.333,0.333
671376696,ground,unknown,versiegelt,0.334,0.334,0.333,0.333
671376697,ground,unknown,versiegelt,0.334,0.334,0.333,0.333
674686938,unknown,grade5,versiegelt,0.334,0.334,0.333,0.333
675814877,unknown,unknown,versiegelt,0.334,0.334,0.333,0.333
676137143,ground,unknown,versiegelt,0.334,0.334,0.333,0.333
676137147,ground,unknown,versiegelt,0.334,0.334,0.333,0.333
677480251,unknown,unknown,versiegelt,0.334,0.334,0.333,0.333
682209272,unknown,unknown,versiegelt,0.334,0.334,0.333,0.333
682209278,unknown,grade5,versiegelt,0.334,0.334,0.333,0.333
682307742,unknown,unknown,versiegelt,0.334,0.334,0.333,0.333
683391490,unknown,unknown,versiegelt,0.334,0.334,0.333,0.333
684018590,ground,unknown,versiegelt,0.334,0.334,0.333,0.333
684018592,ground,unknown,versiegelt,0.334,0.334,0.333,0.333
684019260,ground,unknown,versiegelt,0.334,0.334,0.333,0.333
685315810,unknown,grade5,versiegelt,0.334,0.334,0.333,0.333
685726447,unknown,unknown,versiegelt,0.334,0.334,0.333,0.333
685726449,unknown,grade3,versiegelt,0.334,0.334,0.333,0.333
685726451,unknown,grade3,versiegelt,0.334,0.334,0.333,0.333
685730248,ground,unknown,versiegelt,0.334,0.334,0.333,0.333
685730249,ground,unknown,versiegelt,0.334,0.334,0.333,0.333
685730250,ground,unknown,versiegelt,0.334,0.334,0.333,0.333
685730251,ground,unknown,versiegelt,0.334,0.334,0.333,0.333
685730252,ground,unknown,versiegelt,0.334,0.334,0.333,0.333
685731644,ground,unknown,versiegelt,0.334,0.334,0.333,0.333
685731645,ground,unknown,versiegelt,0.334,0.334,0.333,0.333
685731646,ground,unknown,versiegelt,0.334,0.334,0.333,0.333
685731648,ground,unknown,versiegelt,0.334,0.334,0.333,0.333
685731649,ground,unknown,versiegelt,0.334,0.334,0.333,0.333
688049911,unknown,unknown,versiegelt,0.334,0.334,0.333,0.333
688050213,unknown,unknown,versiegelt,0.334,0.334,0.333,0.333
688169527,unknown,unknown,versiegelt,0.334,0.334,0.333,0.333
688169528,unknown,unknown,versiegelt,0.334,0.334,0.333,0.333
688197530,unknown,unknown,versiegelt,0.334,0.334,0.333,0.333
688197531,unknown,unknown,versiegelt,0.334,0.334,0.333,0.333
688197532,unknown,unknown,versiegelt,0.334,0.334,0.333,0.333
688197537,unknown,unknown,versiegelt,0.334,0.334,0.333,0.333
688198809,unknown,unknown,versiegelt,0.334,0.334,0.333,0.333
688235071,unknown,unknown,versiegelt,0.334,0.334,0.333,0.333
688489452,unknown,grade5,versiegelt,0.334,0.334,0.333,0.333
688489453,unknown,unknown,versiegelt,0.334,0.334,0.333,0.333
688489456,unknown,grade2,versiegelt,0.334,0.334,0.333,0.333
688489457,unknown,unknown,versiegelt,0.334,0.334,0.333,0.333
688861175,paving_stones,unknown,versiegelt,0.334,0.334,0.333,0.333
690055890,unknown,grade1,versiegelt,0.334,0.334,0.333,0.333
690055891,unknown,grade1,versiegelt,0.334,0.334,0.333,0.333
692629892,unknown,unknown,versiegelt,0.334,0.334,0.333,0.333
692865078,unknown,grade2,versiegelt,0.334,0.334,0.333,0.333
694564002,unknown,unknown,versiegelt,0.334,0.334,0.333,0.333
695775226,unknown,unknown,versiegelt,0.334,0.334,0.333,0.333
695775227,unknown,unknown,versiegelt,0.334,0.334,0.333,0.333
695775230,ground,unknown,versiegelt,0.334,0.334,0.333,0.333
698786675,unknown,unknown,versiegelt,0.334,0.334,0.333,0.333
698786676,unknown,unknown,versiegelt,0.334,0.334,0.333,0.333
698786677,unknown,unknown,versiegelt,0.334,0.334,0.333,0.333
698786678,unknown,unknown,versiegelt,0.334,0.334,0.333,0.333
698786679,unknown,unknown,versiegelt,0.334,0.334,0.333,0.333
698786680,unknown,grade1,versiegelt,0.334,0.334,0.333,0.333
698786685,unknown,unknown,versiegelt,0.334,0.334,0.333,0.333
698786687,unknown,unknown,versiegelt,0.334,0.334,0.333,0.333
700293997,unknown,unknown,versiegelt,0.334,0.334,0.333,0.333
700469672,unknown,unknown,versiegelt,0.334,0.334,0.333,0.333
700469673,unknown,unknown,versiegelt,0.334,0.334,0.333,0.333
700760145,unknown,unknown,versiegelt,0.334,0.334,0.333,0.333
700760150,unknown,unknown,versiegelt,0.334,0.334,0.333,0.333
700760151,unknown,unknown,versiegelt,0.334,0.334,0.333,0.333
700760153,unknown,unknown,versiegelt,0.334,0.334,0.333,0.333
700760158,unknown,unknown,versiegelt,0.334,0.334,0.333,0.333
700760162,unknown,grade4,versiegelt,0.334,0.334,0.333,0.333
700760163,unknown,grade4,versiegelt,0.334,0.334,0.333,0.333
700760164,unknown,grade3,versiegelt,0.334,0.334,0.333,0.333
700760182,unknown,grade2,versiegelt,0.334,0.334,0.333,0.333
700760183,ground,unknown,versiegelt,0.334,0.334,0.333,0.333
700760184,paving_stones,unknown,versiegelt,0.334,0.334,0.333,0.333
700760195,ground,unknown,versiegelt,0.334,0.334,0.333,0.333
700760196,ground,unknown,versiegelt,0.334,0.334,0.333,0.333
704420832,ground,grade5,versiegelt,0.334,0.334,0.333,0.333
704420844,unknown,grade4,versiegelt,0.334,0.334,0.333,0.333
704420845,ground,grade4,versiegelt,0.334,0.334,0.333,0.333
704420846,ground,grade4,versiegelt,0.334,0.334,0.333,0.333
704420853,unknown,grade4,versiegelt,0.334,0.334,0.333,0.333
704671242,ground,unknown,versiegelt,0.334,0.334,0.333,0.333
704671245,ground,unknown,versiegelt,0.334,0.334,0.333,0.333
704671246,ground,unknown,versiegelt,0.334,0.334,0.333,0.333
706210033,unknown,unknown,versiegelt,0.334,0.334,0.333,0.333
706210035,unknown,unknown,versiegelt,0.334,0.334,0.333,0.333
706210043,unknown,unknown,versiegelt,0.334,0.334,0.333,0.333
706210045,unknown,unknown,versiegelt,0.334,0.334,0.333,0.333
706304924,unknown,unknown,versiegelt,0.334,0.334,0.333,0.333
706872115,unknown,grade2,versiegelt,0.334,0.334,0.333,0.333
706872116,unknown,grade2,versiegelt,0.334,0.334,0.333,0.333
706872117,unknown,grade3,versiegelt,0.334,0.334,0.333,0.333
708314603,unknown,unknown,versiegelt,0.334,0.334,0.333,0.333
708314604,unknown,unknown,versiegelt,0.334,0.334,0.333,0.333
708314605,unknown,unknown,versiegelt,0.334,0.334,0.333,0.333
708314606,unknown,unknown,versiegelt,0.334,0.334,0.333,0.333
713480057,ground,unknown,versiegelt,0.334,0.334,0.333,0.333
713480058,ground,unknown,versiegelt,0.334,0.334,0.333,0.333
718268669,unknown,unknown,versiegelt,0.334,0.334,0.333,0.333
719666575,unknown,unknown,versiegelt,0.334,0.334,0.333,0.333
719709168,unknown,unknown,versiegelt,0.334,0.334,0.333,0.333
719709791,unknown,unknown,versiegelt,0.334,0.334,0.333,0.333
720657145,unknown,grade4,versiegelt,0.334,0.334,0.333,0.333
721555362,unknown,unknown,versiegelt,0.334,0.334,0.333,0.333
722025012,ground,unknown,versiegelt,0.334,0.334,0.333,0.333
722025013,unknown,unknown,versiegelt,0.334,0.334,0.333,0.333
722025015,ground,unknown,versiegelt,0.334,0.334,0.333,0.333
722025016,ground,grade5,versiegelt,0.334,0.334,0.333,0.333
722026280,ground,unknown,versiegelt,0.334,0.334,0.333,0.333
724301270,unknown,unknown,versiegelt,0.334,0.334,0.333,0.333
724710647,unknown,grade4,versiegelt,0.334,0.334,0.333,0.333
727153522,paving_stones,unknown,versiegelt,0.334,0.334,0.333,0.333
727153527,paving_stones,unknown,versiegelt,0.334,0.334,0.333,0.333
727396011,unknown,unknown,versiegelt,0.334,0.334,0.333,0.333
727396012,unknown,unknown,versiegelt,0.334,0.334,0.333,0.333
727396013,unknown,grade2,versiegelt,0.334,0.334,0.333,0.333
732579043,unknown,grade4,versiegelt,0.334,0.334,0.333,0.333
732579044,unknown,grade4,versiegelt,0.334,0.334,0.333,0.333
732579046,unknown,grade4,versiegelt,0.334,0.334,0.333,0.333
734605964,ground,unknown,versiegelt,0.334,0.334,0.333,0.333
734605966,ground,grade5,versiegelt,0.334,0.334,0.333,0.333
734605967,ground,grade5,versiegelt,0.334,0.334,0.333,0.333
734605968,ground,grade4,versiegelt,0.334,0.334,0.333,0.333
734605969,ground,unknown,versiegelt,0.334,0.334,0.333,0.333
734605970,ground,unknown,versiegelt,0.334,0.334,0.333,0.333
734743333,unknown,unknown,versiegelt,0.334,0.334,0.333,0.333
734743626,unknown,unknown,versiegelt,0.334,0.334,0.333,0.333
734743627,unknown,unknown,versiegelt,0.334,0.334,0.333,0.333
738968163,unknown,unknown,versiegelt,0.334,0.334,0.333,0.333
738968164,unknown,unknown,versiegelt,0.334,0.334,0.333,0.333
738968165,paving_stones,unknown,versiegelt,0.334,0.334,0.333,0.333
738968167,paving_stones,unknown,versiegelt,0.334,0.334,0.333,0.333
738968170,unknown,unknown,versiegelt,0.334,0.334,0.333,0.333
741905256,unknown,unknown,versiegelt,0.334,0.334,0.333,0.333
741905257,unknown,unknown,versiegelt,0.334,0.334,0.333,0.333
741905258,unknown,unknown,versiegelt,0.334,0.334,0.333,0.333
741905259,unknown,unknown,versiegelt,0.334,0.334,0.333,0.333
741905905,unknown,unknown,versiegelt,0.334,0.334,0.333,0.333
741906948,unknown,unknown,versiegelt,0.334,0.334,0.333,0.333
743331590,unknown,grade5,versiegelt,0.334,0.334,0.333,0.333
743331593,unknown,grade2,versiegelt,0.334,0.334,0.333,0.333
743331595,unknown,unknown,versiegelt,0.334,0.334,0.333,0.333
743331626,unknown,grade1,versiegelt,0.334,0.334,0.333,0.333
743331627,unknown,grade5,versiegelt,0.334,0.334,0.333,0.333
743331628,unknown,grade3,versiegelt,0.334,0.334,0.333,0.333
744276513,unknown,grade1,versiegelt,0.334,0.334,0.333,0.333
745623471,unknown,unknown,versiegelt,0.334,0.334,0.333,0.333
753491628,unknown,grade4,versiegelt,0.334,0.334,0.333,0.333
753491632,unknown,unknown,versiegelt,0.334,0.334,0.333,0.333
753491633,unknown,grade5,versiegelt,0.334,0.334,0.333,0.333
753491634,ground,unknown,versiegelt,0.334,0.334,0.333,0.333
753491635,unknown,grade4,versiegelt,0.334,0.334,0.333,0.333
759406430,unknown,unknown,versiegelt,0.334,0.334,0.333,0.333
761046245,unknown,unknown,versiegelt,0.334,0.334,0.333,0.333
761218834,unknown,grade5,versiegelt,0.334,0.334,0.333,0.333
761763463,unknown,grade3,versiegelt,0.334,0.334,0.333,0.333
762045600,unknown,grade5,versiegelt,0.334,0.334,0.333,0.333
773872292,ground,unknown,versiegelt,0.334,0.334,0.333,0.333
773872293,ground,unknown,versiegelt,0.334,0.334,0.333,0.333
783862885,unknown,unknown,versiegelt,0.334,0.334,0.333,0.333
787973393,paving_stones,unknown,versiegelt,0.334,0.334,0.333,0.333
788131219,unknown,grade3,versiegelt,0.334,0.334,0.333,0.333
788131220,unknown,unknown,versiegelt,0.334,0.334,0.333,0.333
798271877,unknown,unknown,versiegelt,0.334,0.334,0.333,0.333
798271878,unknown,unknown,versiegelt,0.334,0.334,0.333,0.333
802030083,unknown,unknown,versiegelt,0.334,0.334,0.333,0.333
802087824,paving_stones,unknown,versiegelt,0.334,0.334,0.333,0.333
810853381,ground,unknown,versiegelt,0.334,0.334,0.333,0.333
817992313,unknown,grade1,versiegelt,0.334,0.334,0.333,0.333
817992316,unknown,unknown,versiegelt,0.334,0.334,0.333,0.333
823107793,unknown,unknown,versiegelt,0.334,0.334,0.333,0.333
825878193,unknown,unknown,versiegelt,0.334,0.334,0.333,0.333
825878199,unknown,unknown,versiegelt,0.334,0.334,0.333,0.333
833214794,unknown,unknown,versiegelt,0.334,0.334,0.333,0.333
835867064,ground,unknown,versiegelt,0.334,0.334,0.333,0.333
842873102,ground,unknown,versiegelt,0.334,0.334,0.333,0.333
842873103,ground,unknown,versiegelt,0.334,0.334,0.333,0.333
842873106,ground,unknown,versiegelt,0.334,0.334,0.333,0.333
845461160,unknown,grade2,versiegelt,0.334,0.334,0.333,0.333
845461161,unknown,grade4,versiegelt,0.334,0.334,0.333,0.333
854651322,unknown,unknown,versiegelt,0.334,0.334,0.333,0.333
855819489,unknown,grade5,versiegelt,0.334,0.334,0.333,0.333
856050834,unknown,grade5,versiegelt,0.334,0.334,0.333,0.333
856050836,unknown,grade5,versiegelt,0.334,0.334,0.333,0.333
863632099,ground,unknown,versiegelt,0.334,0.334,0.333,0.333
876474610,unknown,unknown,versiegelt,0.334,0.334,0.333,0.333
876474611,unknown,unknown,versiegelt,0.334,0.334,0.333,0.333
876474612,unknown,unknown,versiegelt,0.334,0.334,0.333,0.333
876474613,unknown,unknown,versiegelt,0.334,0.334,0.333,0.333
877708414,unknown,unknown,versiegelt,0.334,0.334,0.333,0.333
877708415,unknown,unknown,versiegelt,0.334,0.334,0.333,0.333
877708416,unknown,unknown,versiegelt,0.334,0.334,0.333,0.333
877919942,unknown,unknown,versiegelt,0.334,0.334,0.333,0.333
877919943,unknown,unknown,versiegelt,0.334,0.334,0.333,0.333
877924449,unknown,unknown,versiegelt,0.334,0.334,0.333,0.333
878126652,unknown,unknown,versiegelt,0.334,0.334,0.333,0.333
878126653,unknown,unknown,versiegelt,0.334,0.334,0.333,0.333
878668273,unknown,grade2,versiegelt,0.334,0.334,0.333,0.333
879175099,unknown,unknown,versiegelt,0.334,0.334,0.333,0.333
880087249,unknown,unknown,versiegelt,0.334,0.334,0.333,0.333
880087250,unknown,unknown,versiegelt,0.334,0.334,0.333,0.333
880087251,unknown,unknown,versiegelt,0.334,0.334,0.333,0.333
880087252,unknown,unknown,versiegelt,0.334,0.334,0.333,0.333
880087253,unknown,unknown,versiegelt,0.334,0.334,0.333,0.333
880087254,unknown,unknown,versiegelt,0.334,0.334,0.333,0.333
880087255,unknown,unknown,versiegelt,0.334,0.334,0.333,0.333
880087256,unknown,unknown,versiegelt,0.334,0.334,0.333,0.333
880500057,unknown,unknown,versiegelt,0.334,0.334,0.333,0.333
881174948,unknown,unknown,versiegelt,0.334,0.334,0.333,0.333
881236477,unknown,grade1,versiegelt,0.334,0.334,0.333,0.333
883726991,unknown,unknown,versiegelt,0.334,0.334,0.333,0.333
884695486,unknown,unknown,versiegelt,0.334,0.334,0.333,0.333
885081995,unknown,unknown,versiegelt,0.334,0.334,0.333,0.333
885081996,unknown,unknown,versiegelt,0.334,0.334,0.333,0.333
885102568,unknown,unknown,versiegelt,0.334,0.334,0.333,0.333
885544176,sett,unknown,versiegelt,0.334,0.334,0.333,0.333
885544731,rock,unknown,versiegelt,0.334,0.334,0.333,0.333
886103560,unknown,unknown,versiegelt,0.334,0.334,0.333,0.333
886711497,ground,unknown,versiegelt,0.334,0.334,0.333,0.333
887007104,unknown,unknown,versiegelt,0.334,0.334,0.333,0.333
887435853,unknown,unknown,versiegelt,0.334,0.334,0.333,0.333
887435854,unknown,unknown,versiegelt,0.334,0.334,0.333,0.333
889341675,unknown,unknown,versiegelt,0.334,0.334,0.333,0.333
889986966,unknown,unknown,versiegelt,0.334,0.334,0.333,0.333
889986967,unknown,unknown,versiegelt,0.334,0.334,0.333,0.333
889986968,unknown,unknown,versiegelt,0.334,0.334,0.333,0.333
890114098,unknown,unknown,versiegelt,0.334,0.334,0.333,0.333
890114099,unknown,unknown,versiegelt,0.334,0.334,0.333,0.333
890114100,unknown,unknown,versiegelt,0.334,0.334,0.333,0.333
890119238,unknown,unknown,versiegelt,0.334,0.334,0.333,0.333
890129182,unknown,unknown,versiegelt,0.334,0.334,0.333,0.333
890130024,unknown,unknown,versiegelt,0.334,0.334,0.333,0.333
890144319,unknown,unknown,versiegelt,0.334,0.334,0.333,0.333
890158183,unknown,unknown,versiegelt,0.334,0.334,0.333,0.333
890511530,unknown,unknown,versiegelt,0.334,0.334,0.333,0.333
890522363,unknown,unknown,versiegelt,0.334,0.334,0.333,0.333
890585125,unknown,unknown,versiegelt,0.334,0.334,0.333,0.333
890585207,unknown,unknown,versiegelt,0.334,0.334,0.333,0.333
890585208,unknown,unknown,versiegelt,0.334,0.334,0.333,0.333
890585209,unknown,unknown,versiegelt,0.334,0.334,0.333,0.333
890585211,unknown,unknown,versiegelt,0.334,0.334,0.333,0.333
890597987,unknown,unknown,versiegelt,0.334,0.334,0.333,0.333
890747531,unknown,unknown,versiegelt,0.334,0.334,0.333,0.333
890749657,unknown,unknown,versiegelt,0.334,0.334,0.333,0.333
890751488,unknown,unknown,versiegelt,0.334,0.334,0.333,0.333
890753018,unknown,unknown,versiegelt,0.334,0.334,0.333,0.333
890765151,unknown,unknown,versiegelt,0.334,0.334,0.333,0.333
890909651,unknown,unknown,versiegelt,0.334,0.334,0.333,0.333
890915506,unknown,unknown,versiegelt,0.334,0.334,0.333,0.333
891427231,unknown,unknown,versiegelt,0.334,0.334,0.333,0.333
891759910,unknown,unknown,versiegelt,0.334,0.334,0.333,0.333
891764650,unknown,unknown,versiegelt,0.334,0.334,0.333,0.333
891764651,unknown,unknown,versiegelt,0.334,0.334,0.333,0.333
891861724,unknown,unknown,versiegelt,0.334,0.334,0.333,0.333
891887217,unknown,unknown,versiegelt,0.334,0.334,0.333,0.333
891889269,unknown,unknown,versiegelt,0.334,0.334,0.333,0.333
891893706,unknown,unknown,versiegelt,0.334,0.334,0.333,0.333
891907950,unknown,unknown,versiegelt,0.334,0.334,0.333,0.333
893744280,unknown,unknown,versiegelt,0.334,0.334,0.333,0.333
893744283,unknown,unknown,versiegelt,0.334,0.334,0.333,0.333
895286474,unknown,unknown,versiegelt,0.334,0.334,0.333,0.333
895286475,unknown,unknown,versiegelt,0.334,0.334,0.333,0.333
899840935,unknown,unknown,versiegelt,0.334,0.334,0.333,0.333
900628618,unknown,unknown,versiegelt,0.334,0.334,0.333,0.333
900650366,unknown,unknown,versiegelt,0.334,0.334,0.333,0.333
900696902,unknown,unknown,versiegelt,0.334,0.334,0.333,0.333
901541511,unknown,unknown,versiegelt,0.334,0.334,0.333,0.333
901580649,unknown,unknown,versiegelt,0.334,0.334,0.333,0.333
901619081,unknown,unknown,versiegelt,0.334,0.334,0.333,0.333
902559980,unknown,unknown,versiegelt,0.334,0.334,0.333,0.333
902563746,unknown,unknown,versiegelt,0.334,0.334,0.333,0.333
902565207,unknown,unknown,versiegelt,0.334,0.334,0.333,0.333
909346449,unknown,unknown,versiegelt,0.334,0.334,0.333,0.333
910576574,ground,unknown,versiegelt,0.334,0.334,0.333,0.333
910576576,unknown,grade4,versiegelt,0.334,0.334,0.333,0.333
915215454,ground,unknown,versiegelt,0.334,0.334,0.333,0.333
918138291,unknown,grade5,versiegelt,0.334,0.334,0.333,0.333
918138292,unknown,grade3,versiegelt,0.334,0.334,0.333,0.333
918614680,unknown,unknown,versiegelt,0.334,0.334,0.333,0.333
918634527,unknown,unknown,versiegelt,0.334,0.334,0.333,0.333
918670361,unknown,unknown,versiegelt,0.334,0.334,0.333,0.333
918690687,unknown,unknown,versiegelt,0.334,0.334,0.333,0.333
919093290,unknown,unknown,versiegelt,0.334,0.334,0.333,0.333
919130646,unknown,unknown,versiegelt,0.334,0.334,0.333,0.333
920904609,ground,unknown,versiegelt,0.334,0.334,0.333,0.333
920904610,ground,unknown,versiegelt,0.334,0.334,0.333,0.333
920904611,ground,unknown,versiegelt,0.334,0.334,0.333,0.333
920924019,ground,unknown,versiegelt,0.334,0.334,0.333,0.333
920924020,ground,unknown,versiegelt,0.334,0.334,0.333,0.333
920924022,ground,unknown,versiegelt,0.334,0.334,0.333,0.333
920924023,ground,unknown,versiegelt,0.334,0.334,0.333,0.333
920924025,ground,grade5,versiegelt,0.334,0.334,0.333,0.333
920924026,ground,unknown,versiegelt,0.334,0.334,0.333,0.333
922985799,unknown,unknown,versiegelt,0.334,0.334,0.333,0.333
922985800,unknown,unknown,versiegelt,0.334,0.334,0.333,0.333
922985801,unknown,unknown,versiegelt,0.334,0.334,0.333,0.333
922985802,unknown,unknown,versiegelt,0.334,0.334,0.333,0.333
922985803,unknown,unknown,versiegelt,0.334,0.334,0.333,0.333
922985804,unknown,unknown,versiegelt,0.334,0.334,0.333,0.333
922985805,unknown,unknown,versiegelt,0.334,0.334,0.333,0.333
931758178,unknown,unknown,versiegelt,0.334,0.334,0.333,0.333
933277455,unknown,unknown,versiegelt,0.334,0.334,0.333,0.333
936997230,unknown,unknown,versiegelt,0.334,0.334,0.333,0.333
940780089,unknown,unknown,versiegelt,0.334,0.334,0.333,0.333
944518295,unknown,unknown,versiegelt,0.334,0.334,0.333,0.333
947173649,unknown,unknown,versiegelt,0.334,0.334,0.333,0.333
948404947,ground,unknown,versiegelt,0.334,0.334,0.333,0.333
948405506,ground,unknown,versiegelt,0.334,0.334,0.333,0.333
948405930,ground,unknown,versiegelt,0.334,0.334,0.333,0.333
948406104,ground,unknown,versiegelt,0.334,0.334,0.333,0.333
954210301,unknown,unknown,versiegelt,0.334,0.334,0.333,0.333
954210302,unknown,unknown,versiegelt,0.334,0.334,0.333,0.333
960145447,unknown,unknown,versiegelt,0.334,0.334,0.333,0.333
960145448,unknown,unknown,versiegelt,0.334,0.334,0.333,0.333
960145450,unknown,unknown,versiegelt,0.334,0.334,0.333,0.333
960145451,unknown,unknown,versiegelt,0.334,0.334,0.333,0.333
960145452,unknown,unknown,versiegelt,0.334,0.334,0.333,0.333
960145453,unknown,unknown,versiegelt,0.334,0.334,0.333,0.333
960145454,unknown,unknown,versiegelt,0.334,0.334,0.333,0.333
965300742,unknown,grade3,versiegelt,0.334,0.334,0.333,0.333
965300743,ground,grade4,versiegelt,0.334,0.334,0.333,0.333
965300744,unknown,grade3,versiegelt,0.334,0.334,0.333,0.333
965300746,unknown,grade4,versiegelt,0.334,0.334,0.333,0.333
965300747,unknown,grade5,versiegelt,0.334,0.334,0.333,0.333
965300752,unknown,grade5,versiegelt,0.334,0.334,0.333,0.333
965300754,unknown,unknown,versiegelt,0.334,0.334,0.333,0.333
965300755,unknown,grade3,versiegelt,0.334,0.334,0.333,0.333
965300757,unknown,grade3,versiegelt,0.334,0.334,0.333,0.333
965300758,unknown,grade3,versiegelt,0.334,0.334,0.333,0.333
965300759,ground,unknown,versiegelt,0.334,0.334,0.333,0.333
965300760,unknown,grade4,versiegelt,0.334,0.334,0.333,0.333
965300761,unknown,unknown,versiegelt,0.334,0.334,0.333,0.333
965300763,unknown,grade5,versiegelt,0.334,0.334,0.333,0.333
969310339,unknown,grade5,versiegelt,0.334,0.334,0.333,0.333
969314303,paving_stones,unknown,versiegelt,0.334,0.334,0.333,0.333
969447337,unknown,grade2,versiegelt,0.334,0.334,0.333,0.333
969447338,unknown,grade4,versiegelt,0.334,0.334,0.333,0.333
969447361,unknown,unknown,versiegelt,0.334,0.334,0.333,0.333
969447362,unknown,unknown,versiegelt,0.334,0.334,0.333,0.333
969447363,unknown,unknown,versiegelt,0.334,0.334,0.333,0.333
969447368,unknown,grade5,versiegelt,0.334,0.334,0.333,0.333
969447369,ground,grade4,versiegelt,0.334,0.334,0.333,0.333
969447372,unknown,grade3,versiegelt,0.334,0.334,0.333,0.333
969447373,unknown,grade4,versiegelt,0.334,0.334,0.333,0.333
969447374,unknown,grade4,versiegelt,0.334,0.334,0.333,0.333
969447375,unknown,grade4,versiegelt,0.334,0.334,0.333,0.333
969447376,unknown,grade3,versiegelt,0.334,0.334,0.333,0.333
969447380,unknown,grade4,versiegelt,0.334,0.334,0.333,0.333
969447381,unknown,grade1,versiegelt,0.334,0.334,0.333,0.333
969447385,unknown,grade4,versiegelt,0.334,0.334,0.333,0.333
969447387,paving_stones,unknown,versiegelt,0.334,0.334,0.333,0.333
969447388,unknown,unknown,versiegelt,0.334,0.334,0.333,0.333
969447389,unknown,unknown,versiegelt,0.334,0.334,0.333,0.333
969447392,unknown,grade3,versiegelt,0.334,0.334,0.333,0.333
969447393,unknown,grade3,versiegelt,0.334,0.334,0.333,0.333
969466289,unknown,grade4,versiegelt,0.334,0.334,0.333,0.333
969466290,unknown,grade5,versiegelt,0.334,0.334,0.333,0.333
969466291,unknown,grade3,versiegelt,0.334,0.334,0.333,0.333
969466292,unknown,grade3,versiegelt,0.334,0.334,0.333,0.333
969466293,unknown,unknown,versiegelt,0.334,0.334,0.333,0.333
969466294,unknown,unknown,versiegelt,0.334,0.334,0.333,0.333
969466297,unknown,grade3,versiegelt,0.334,0.334,0.333,0.333
969466298,unknown,grade4,versiegelt,0.334,0.334,0.333,0.333
969466299,unknown,grade3,versiegelt,0.334,0.334,0.333,0.333
971281912,unknown,unknown,versiegelt,0.334,0.334,0.333,0.333
971281916,unknown,unknown,versiegelt,0.334,0.334,0.333,0.333
971281920,unknown,unknown,versiegelt,0.334,0.334,0.333,0.333
971284862,unknown,unknown,versiegelt,0.334,0.334,0.333,0.333
971284863,unknown,unknown,versiegelt,0.334,0.334,0.333,0.333
971284868,unknown,unknown,versiegelt,0.334,0.334,0.333,0.333
971284869,unknown,unknown,versiegelt,0.334,0.334,0.333,0.333
971284871,unknown,unknown,versiegelt,0.334,0.334,0.333,0.333
971284872,unknown,unknown,versiegelt,0.334,0.334,0.333,0.333
971284873,unknown,unknown,versiegelt,0.334,0.334,0.333,0.333
971284874,unknown,unknown,versiegelt,0.334,0.334,0.333,0.333
971284875,unknown,unknown,versiegelt,0.334,0.334,0.333,0.333
971284876,unknown,unknown,versiegelt,0.334,0.334,0.333,0.333
971284877,unknown,unknown,versiegelt,0.334,0.334,0.333,0.333
971284878,unknown,unknown,versiegelt,0.334,0.334,0.333,0.333
971284879,unknown,unknown,versiegelt,0.334,0.334,0.333,0.333
971284880,unknown,unknown,versiegelt,0.334,0.334,0.333,0.333
971284881,unknown,unknown,versiegelt,0.334,0.334,0.333,0.333
971284882,unknown,unknown,versiegelt,0.334,0.334,0.333,0.333
971284883,unknown,unknown,versiegelt,0.334,0.334,0.333,0.333
971284884,unknown,unknown,versiegelt,0.334,0.334,0.333,0.333
971284885,unknown,unknown,versiegelt,0.334,0.334,0.333,0.333
971284897,unknown,unknown,versiegelt,0.334,0.334,0.333,0.333
971927461,unknown,unknown,versiegelt,0.334,0.334,0.333,0.333
971927462,unknown,unknown,versiegelt,0.334,0.334,0.333,0.333
974955750,unknown,unknown,versiegelt,0.334,0.334,0.333,0.333
975551505,unknown,unknown,versiegelt,0.334,0.334,0.333,0.333
975648837,ground,unknown,versiegelt,0.334,0.334,0.333,0.333
975648838,ground,unknown,versiegelt,0.334,0.334,0.333,0.333
975648839,ground,unknown,versiegelt,0.334,0.334,0.333,0.333
975648840,ground,unknown,versiegelt,0.334,0.334,0.333,0.333
975648841,ground,unknown,versiegelt,0.334,0.334,0.333,0.333
975648842,ground,unknown,versiegelt,0.334,0.334,0.333,0.333
976657055,unknown,unknown,versiegelt,0.334,0.334,0.333,0.333
976657057,unknown,unknown,versiegelt,0.334,0.334,0.333,0.333
976657060,unknown,unknown,versiegelt,0.334,0.334,0.333,0.333
976675782,unknown,unknown,versiegelt,0.334,0.334,0.333,0.333
976675783,unknown,unknown,versiegelt,0.334,0.334,0.333,0.333
977758603,unknown,unknown,versiegelt,0.334,0.334,0.333,0.333
977762403,unknown,unknown,versiegelt,0.334,0.334,0.333,0.333
977802273,unknown,unknown,versiegelt,0.334,0.334,0.333,0.333
977802274,unknown,unknown,versiegelt,0.334,0.334,0.333,0.333
977825364,unknown,unknown,versiegelt,0.334,0.334,0.333,0.333
977867907,unknown,unknown,versiegelt,0.334,0.334,0.333,0.333
978043830,unknown,unknown,versiegelt,0.334,0.334,0.333,0.333
978043831,unknown,unknown,versiegelt,0.334,0.334,0.333,0.333
978049175,unknown,unknown,versiegelt,0.334,0.334,0.333,0.333
978059311,unknown,unknown,versiegelt,0.334,0.334,0.333,0.333
978084136,unknown,unknown,versiegelt,0.334,0.334,0.333,0.333
978104588,unknown,unknown,versiegelt,0.334,0.334,0.333,0.333
978104590,unknown,unknown,versiegelt,0.334,0.334,0.333,0.333
978431931,unknown,unknown,versiegelt,0.334,0.334,0.333,0.333
978431932,unknown,unknown,versiegelt,0.334,0.334,0.333,0.333
978431933,unknown,unknown,versiegelt,0.334,0.334,0.333,0.333
978460689,unknown,unknown,versiegelt,0.334,0.334,0.333,0.333
978653254,unknown,unknown,versiegelt,0.334,0.334,0.333,0.333
978653256,unknown,unknown,versiegelt,0.334,0.334,0.333,0.333
978653257,unknown,unknown,versiegelt,0.334,0.334,0.333,0.333
978694161,unknown,unknown,versiegelt,0.334,0.334,0.333,0.333
978694162,unknown,unknown,versiegelt,0.334,0.334,0.333,0.333
978694163,unknown,unknown,versiegelt,0.334,0.334,0.333,0.333
978694168,unknown,unknown,versiegelt,0.334,0.334,0.333,0.333
978938845,unknown,unknown,versiegelt,0.334,0.334,0.333,0.333
979523170,unknown,unknown,versiegelt,0.334,0.334,0.333,0.333
980599288,unknown,unknown,versiegelt,0.334,0.334,0.333,0.333
980599290,unknown,unknown,versiegelt,0.334,0.334,0.333,0.333
982417448,unknown,unknown,versiegelt,0.334,0.334,0.333,0.333
982440131,unknown,unknown,versiegelt,0.334,0.334,0.333,0.333
982440132,unknown,unknown,versiegelt,0.334,0.334,0.333,0.333
982465319,unknown,unknown,versiegelt,0.334,0.334,0.333,0.333
982708566,unknown,unknown,versiegelt,0.334,0.334,0.333,0.333
982712769,unknown,unknown,versiegelt,0.334,0.334,0.333,0.333
982722010,unknown,unknown,versiegelt,0.334,0.334,0.333,0.333
982722011,unknown,unknown,versiegelt,0.334,0.334,0.333,0.333
982731997,unknown,unknown,versiegelt,0.334,0.334,0.333,0.333
983147646,unknown,unknown,versiegelt,0.334,0.334,0.333,0.333
983158890,unknown,unknown,versiegelt,0.334,0.334,0.333,0.333
983198524,unknown,unknown,versiegelt,0.334,0.334,0.333,0.333
983198525,unknown,unknown,versiegelt,0.334,0.334,0.333,0.333
983198528,unknown,unknown,versiegelt,0.334,0.334,0.333,0.333
983220830,unknown,unknown,versiegelt,0.334,0.334,0.333,0.333
983220831,unknown,unknown,versiegelt,0.334,0.334,0.333,0.333
983220832,unknown,unknown,versiegelt,0.334,0.334,0.333,0.333
983220833,unknown,unknown,versiegelt,0.334,0.334,0.333,0.333
988478957,paving_stones,unknown,versiegelt,0.334,0.334,0.333,0.333
988995621,unknown,unknown,versiegelt,0.334,0.334,0.333,0.333
988995637,unknown,grade4,versiegelt,0.334,0.334,0.333,0.333
988995639,unknown,grade5,versiegelt,0.334,0.334,0.333,0.333
988995641,unknown,grade3,versiegelt,0.334,0.334,0.333,0.333
988995643,unknown,grade4,versiegelt,0.334,0.334,0.333,0.333
988995647,unknown,grade3,versiegelt,0.334,0.334,0.333,0.333
988995648,unknown,grade4,versiegelt,0.334,0.334,0.333,0.333
993362251,ground,grade4,versiegelt,0.334,0.334,0.333,0.333
993362253,unknown,grade5,versiegelt,0.334,0.334,0.333,0.333
993384709,unknown,unknown,versiegelt,0.334,0.334,0.333,0.333
993388316,unknown,grade3,versiegelt,0.334,0.334,0.333,0.333
993388317,unknown,grade4,versiegelt,0.334,0.334,0.333,0.333
993388319,unknown,grade4,versiegelt,0.334,0.334,0.333,0.333
993388320,unknown,grade5,versiegelt,0.334,0.334,0.333,0.333
993388331,unknown,grade2,versiegelt,0.334,0.334,0.333,0.333
993388332,unknown,grade3,versiegelt,0.334,0.334,0.333,0.333
993388333,unknown,grade4,versiegelt,0.334,0.334,0.333,0.333
993441040,pebblestone,unknown,versiegelt,0.334,0.334,0.333,0.333
993446465,unknown,unknown,versiegelt,0.334,0.334,0.333,0.333
993632306,ground,unknown,versiegelt,0.334,0.334,0.333,0.333
1000412334,unknown,grade3,versiegelt,0.334,0.334,0.333,0.333
1000412335,unknown,grade3,versiegelt,0.334,0.334,0.333,0.333
1000412336,unknown,grade2,versiegelt,0.334,0.334,0.333,0.333
1000412339,unknown,grade3,versiegelt,0.334,0.334,0.333,0.333
1000412430,unknown,grade3,versiegelt,0.334,0.334,0.333,0.333
1000412434,unknown,grade3,versiegelt,0.334,0.334,0.333,0.333
1000412435,unknown,grade5,versiegelt,0.334,0.334,0.333,0.333
1000412438,unknown,grade2,versiegelt,0.334,0.334,0.333,0.333
1000412439,unknown,grade2,versiegelt,0.334,0.334,0.333,0.333
1000412440,unknown,grade2,versiegelt,0.334,0.334,0.333,0.333
1000412441,unknown,grade1,versiegelt,0.334,0.334,0.333,0.333
1000412442,unknown,grade4,versiegelt,0.334,0.334,0.333,0.333
1000412443,unknown,grade2,versiegelt,0.334,0.334,0.333,0.333
1000412444,unknown,grade5,versiegelt,0.334,0.334,0.333,0.333
1000412445,unknown,grade5,versiegelt,0.334,0.334,0.333,0.333
1000412446,unknown,grade4,versiegelt,0.334,0.334,0.333,0.333
1000412447,unknown,grade4,versiegelt,0.334,0.334,0.333,0.333
1000412448,unknown,grade3,versiegelt,0.334,0.334,0.333,0.333
1000412450,unknown,grade3,versiegelt,0.334,0.334,0.333,0.333
1000412451,unknown,grade3,versiegelt,0.334,0.334,0.333,0.333
1006078203,unknown,unknown,versiegelt,0.334,0.334,0.333,0.333
1007322868,unknown,grade5,versiegelt,0.334,0.334,0.333,0.333
1007551894,unknown,unknown,versiegelt,0.334,0.334,0.333,0.333
1007551895,unknown,unknown,versiegelt,0.334,0.334,0.333,0.333
1007551896,unknown,unknown,versiegelt,0.334,0.334,0.333,0.333
1007551897,unknown,unknown,versiegelt,0.334,0.334,0.333,0.333
1010161298,unknown,unknown,versiegelt,0.334,0.334,0.333,0.333
1010164757,unknown,grade5,versiegelt,0.334,0.334,0.333,0.333
1011305987,unknown,unknown,versiegelt,0.334,0.334,0.333,0.333
1011334094,paving_stones,unknown,versiegelt,0.334,0.334,0.333,0.333
1017400031,unknown,unknown,versiegelt,0.334,0.334,0.333,0.333
1018449169,unknown,unknown,versiegelt,0.334,0.334,0.333,0.333
1018811144,unknown,unknown,versiegelt,0.334,0.334,0.333,0.333
1018811145,unknown,unknown,versiegelt,0.334,0.334,0.333,0.333
1018811146,unknown,unknown,versiegelt,0.334,0.334,0.333,0.333
1018811147,unknown,unknown,versiegelt,0.334,0.334,0.333,0.333
1018811148,unknown,unknown,versiegelt,0.334,0.334,0.333,0.333
1018811149,unknown,unknown,versiegelt,0.334,0.334,0.333,0.333
1018811150,unknown,unknown,versiegelt,0.334,0.334,0.333,0.333
1018811151,unknown,unknown,versiegelt,0.334,0.334,0.333,0.333
1018811152,unknown,unknown,versiegelt,0.334,0.334,0.333,0.333
1018811153,unknown,unknown,versiegelt,0.334,0.334,0.333,0.333
1018811154,unknown,unknown,versiegelt,0.334,0.334,0.333,0.333
1018820737,unknown,unknown,versiegelt,0.334,0.334,0.333,0.333
1018820738,unknown,unknown,versiegelt,0.334,0.334,0.333,0.333
1018820739,unknown,unknown,versiegelt,0.334,0.334,0.333,0.333
1018820741,unknown,unknown,versiegelt,0.334,0.334,0.333,0.333
1021031502,unknown,grade3,versiegelt,0.334,0.334,0.333,0.333
1027028818,unknown,unknown,versiegelt,0.334,0.334,0.333,0.333
1027028819,unknown,unknown,versiegelt,0.334,0.334,0.333,0.333
1027028820,unknown,unknown,versiegelt,0.334,0.334,0.333,0.333
1027028821,unknown,unknown,versiegelt,0.334,0.334,0.333,0.333
1027028822,unknown,unknown,versiegelt,0.334,0.334,0.333,0.333
1027028823,unknown,unknown,versiegelt,0.334,0.334,0.333,0.333
1027037373,unknown,unknown,versiegelt,0.334,0.334,0.333,0.333
1027037374,unknown,unknown,versiegelt,0.334,0.334,0.333,0.333
1027037378,unknown,grade4,versiegelt,0.334,0.334,0.333,0.333
1027284251,unknown,unknown,versiegelt,0.334,0.334,0.333,0.333
1027284255,unknown,unknown,versiegelt,0.334,0.334,0.333,0.333
1027291181,unknown,unknown,versiegelt,0.334,0.334,0.333,0.333
1027292296,unknown,unknown,versiegelt,0.334,0.334,0.333,0.333
1027323071,unknown,unknown,versiegelt,0.334,0.334,0.333,0.333
1027323072,unknown,unknown,versiegelt,0.334,0.334,0.333,0.333
1027323073,unknown,unknown,versiegelt,0.334,0.334,0.333,0.333
1027327587,unknown,unknown,versiegelt,0.334,0.334,0.333,0.333
1027327592,unknown,unknown,versiegelt,0.334,0.334,0.333,0.333
1027333442,unknown,unknown,versiegelt,0.334,0.334,0.333,0.333
1027333447,unknown,unknown,versiegelt,0.334,0.334,0.333,0.333
1028741993,ground,unknown,versiegelt,0.334,0.334,0.333,0.333
1028741994,ground,grade5,versiegelt,0.334,0.334,0.333,0.333
1028741995,ground,unknown,versiegelt,0.334,0.334,0.333,0.333
1028741996,ground,unknown,versiegelt,0.334,0.334,0.333,0.333
1028741997,ground,unknown,versiegelt,0.334,0.334,0.333,0.333
1028741999,ground,unknown,versiegelt,0.334,0.334,0.333,0.333
1028910241,unknown,unknown,versiegelt,0.334,0.334,0.333,0.333
1028910243,unknown,unknown,versiegelt,0.334,0.334,0.333,0.333
1040464569,unknown,unknown,versiegelt,0.334,0.334,0.333,0.333
1040464570,unknown,unknown,versiegelt,0.334,0.334,0.333,0.333
1040464571,unknown,unknown,versiegelt,0.334,0.334,0.333,0.333
1040464572,unknown,unknown,versiegelt,0.334,0.334,0.333,0.333
1040484758,unknown,unknown,versiegelt,0.334,0.334,0.333,0.333
1040490465,unknown,unknown,versiegelt,0.334,0.334,0.333,0.333
1040490467,unknown,unknown,versiegelt,0.334,0.334,0.333,0.333
1040497217,unknown,unknown,versiegelt,0.334,0.334,0.333,0.333
1040497218,unknown,unknown,versiegelt,0.334,0.334,0.333,0.333
1040497219,unknown,unknown,versiegelt,0.334,0.334,0.333,0.333
1040497220,unknown,unknown,versiegelt,0.334,0.334,0.333,0.333
1040497222,unknown,unknown,versiegelt,0.334,0.334,0.333,0.333
1040497223,unknown,unknown,versiegelt,0.334,0.334,0.333,0.333
1040497224,unknown,unknown,versiegelt,0.334,0.334,0.333,0.333
1042545034,unknown,unknown,versiegelt,0.334,0.334,0.333,0.333
1044733317,n,unknown,versiegelt,0.334,0.334,0.333,0.333
1044733318,ground,unknown,versiegelt,0.334,0.334,0.333,0.333
1044733324,ground,unknown,versiegelt,0.334,0.334,0.333,0.333
1044733325,ground,unknown,versiegelt,0.334,0.334,0.333,0.333
1050975475,ground,unknown,versiegelt,0.334,0.334,0.333,0.333
1052197882,unknown,unknown,versiegelt,0.334,0.334,0.333,0.333
1052197892,unknown,grade5,versiegelt,0.334,0.334,0.333,0.333
1053028880,ground,unknown,versiegelt,0.334,0.334,0.333,0.333
1053028881,ground,unknown,versiegelt,0.334,0.334,0.333,0.333
1053028882,ground,unknown,versiegelt,0.334,0.334,0.333,0.333
1054175036,unknown,grade5,versiegelt,0.334,0.334,0.333,0.333
1056518843,wood,unknown,versiegelt,0.334,0.334,0.333,0.333
1056518844,unknown,unknown,versiegelt,0.334,0.334,0.333,0.333
1056805808,unknown,unknown,versiegelt,0.334,0.334,0.333,0.333
1057150278,unknown,unknown,versiegelt,0.334,0.334,0.333,0.333
1058196419,unknown,unknown,versiegelt,0.334,0.334,0.333,0.333
1058196420,ground,grade4,versiegelt,0.334,0.334,0.333,0.333
1058196421,ground,grade5,versiegelt,0.334,0.334,0.333,0.333
1058196422,unknown,unknown,versiegelt,0.334,0.334,0.333,0.333
1058196423,unknown,unknown,versiegelt,0.334,0.334,0.333,0.333
1058196424,unknown,unknown,versiegelt,0.334,0.334,0.333,0.333
1062191871,unknown,unknown,versiegelt,0.334,0.334,0.333,0.333
1062792839,unknown,unknown,versiegelt,0.334,0.334,0.333,0.333
1062792840,unknown,unknown,versiegelt,0.334,0.334,0.333,0.333
1062792841,unknown,unknown,versiegelt,0.334,0.334,0.333,0.333
1062792846,unknown,unknown,versiegelt,0.334,0.334,0.333,0.333
1062792849,unknown,unknown,versiegelt,0.334,0.334,0.333,0.333
1062799533,ground,grade5,versiegelt,0.334,0.334,0.333,0.333
1062799534,ground,grade5,versiegelt,0.334,0.334,0.333,0.333
1062799535,unknown,unknown,versiegelt,0.334,0.334,0.333,0.333
1062799536,unknown,unknown,versiegelt,0.334,0.334,0.333,0.333
1062799537,unknown,unknown,versiegelt,0.334,0.334,0.333,0.333
1062799538,unknown,unknown,versiegelt,0.334,0.334,0.333,0.333
1062799539,unknown,unknown,versiegelt,0.334,0.334,0.333,0.333
1064257658,unknown,unknown,versiegelt,0.334,0.334,0.333,0.333
1068284291,unknown,unknown,versiegelt,0.334,0.334,0.333,0.333
1068805662,unknown,grade3,versiegelt,0.334,0.334,0.333,0.333
1069541827,unknown,unknown,versiegelt,0.334,0.334,0.333,0.333
1069541828,unknown,unknown,versiegelt,0.334,0.334,0.333,0.333
1069541829,unknown,unknown,versiegelt,0.334,0.334,0.333,0.333
1073253870,unknown,unknown,versiegelt,0.334,0.334,0.333,0.333
1073253871,unknown,grade1,versiegelt,0.334,0.334,0.333,0.333
1073253872,unknown,unknown,versiegelt,0.334,0.334,0.333,0.333
1073253873,unknown,unknown,versiegelt,0.334,0.334,0.333,0.333
1075308508,ground,grade5,versiegelt,0.334,0.334,0.333,0.333
1075308523,ground,unknown,versiegelt,0.334,0.334,0.333,0.333
1075308524,ground,unknown,versiegelt,0.334,0.334,0.333,0.333
1075308525,ground,unknown,versiegelt,0.334,0.334,0.333,0.333
1075308526,ground,unknown,versiegelt,0.334,0.334,0.333,0.333
1075308527,unknown,grade5,versiegelt,0.334,0.334,0.333,0.333
1077624979,ground,unknown,versiegelt,0.334,0.334,0.333,0.333
1077624981,ground,unknown,versiegelt,0.334,0.334,0.333,0.333
1077624982,ground,unknown,versiegelt,0.334,0.334,0.333,0.333
1077624984,ground,unknown,versiegelt,0.334,0.334,0.333,0.333
1077624987,ground,unknown,versiegelt,0.334,0.334,0.333,0.333
1077624988,ground,unknown,versiegelt,0.334,0.334,0.333,0.333
1080028576,unknown,grade1,versiegelt,0.334,0.334,0.333,0.333
1080028577,unknown,grade1,versiegelt,0.334,0.334,0.333,0.333
1085747659,unknown,unknown,versiegelt,0.334,0.334,0.333,0.333
1085788190,unknown,unknown,versiegelt,0.334,0.334,0.333,0.333
1087546537,unknown,unknown,versiegelt,0.334,0.334,0.333,0.333
1087546538,unknown,unknown,versiegelt,0.334,0.334,0.333,0.333
1097100779,unknown,unknown,versiegelt,0.334,0.334,0.333,0.333
1097100780,unknown,unknown,versiegelt,0.334,0.334,0.333,0.333
1107169924,unknown,unknown,versiegelt,0.334,0.334,0.333,0.333
1111617716,unknown,unknown,versiegelt,0.334,0.334,0.333,0.333
1111617718,unknown,unknown,versiegelt,0.334,0.334,0.333,0.333
1111617720,unknown,unknown,versiegelt,0.334,0.334,0.333,0.333
1114889929,unknown,unknown,versiegelt,0.334,0.334,0.333,0.333
1114889930,unknown,grade4,versiegelt,0.334,0.334,0.333,0.333
1114890760,unknown,unknown,versiegelt,0.334,0.334,0.333,0.333
1121063130,unknown,unknown,versiegelt,0.334,0.334,0.333,0.333
1121063131,paving_stones,unknown,versiegelt,0.334,0.334,0.333,0.333
1122939047,unknown,unknown,versiegelt,0.334,0.334,0.333,0.333
1122939048,unknown,unknown,versiegelt,0.334,0.334,0.333,0.333
1122939050,unknown,unknown,versiegelt,0.334,0.334,0.333,0.333
1122939052,unknown,unknown,versiegelt,0.334,0.334,0.333,0.333
1122939053,unknown,unknown,versiegelt,0.334,0.334,0.333,0.333
1122939055,unknown,grade2,versiegelt,0.334,0.334,0.333,0.333
1122939059,unknown,unknown,versiegelt,0.334,0.334,0.333,0.333
1122939060,unknown,unknown,versiegelt,0.334,0.334,0.333,0.333
1122940550,paving_stones,unknown,versiegelt,0.334,0.334,0.333,0.333
1123395459,unknown,unknown,versiegelt,0.334,0.334,0.333,0.333
1123395461,unknown,unknown,versiegelt,0.334,0.334,0.333,0.333
1123395462,unknown,unknown,versiegelt,0.334,0.334,0.333,0.333
1123395463,unknown,unknown,versiegelt,0.334,0.334,0.333,0.333
1131623039,unknown,unknown,versiegelt,0.334,0.334,0.333,0.333
1131623040,unknown,unknown,versiegelt,0.334,0.334,0.333,0.333
1131623048,unknown,unknown,versiegelt,0.334,0.334,0.333,0.333
1131623060,unknown,unknown,versiegelt,0.334,0.334,0.333,0.333
1147625899,unknown,unknown,versiegelt,0.334,0.334,0.333,0.333
1147625900,unknown,unknown,versiegelt,0.334,0.334,0.333,0.333
1147625901,unknown,unknown,versiegelt,0.334,0.334,0.333,0.333
1147640185,ground,grade4,versiegelt,0.334,0.334,0.333,0.333
1147640186,unknown,unknown,versiegelt,0.334,0.334,0.333,0.333
1147640188,unknown,unknown,versiegelt,0.334,0.334,0.333,0.333
1147648915,unknown,unknown,versiegelt,0.334,0.334,0.333,0.333
1147652656,ground,unknown,versiegelt,0.334,0.334,0.333,0.333
1147977507,unknown,unknown,versiegelt,0.334,0.334,0.333,0.333
1148002520,unknown,unknown,versiegelt,0.334,0.334,0.333,0.333
1149218347,unknown,grade1,versiegelt,0.334,0.334,0.333,0.333
1149374182,ground,grade3,versiegelt,0.334,0.334,0.333,0.333
1149950888,ground,grade5,versiegelt,0.334,0.334,0.333,0.333
1149953362,ground,grade4,versiegelt,0.334,0.334,0.333,0.333
1152391213,unknown,unknown,versiegelt,0.334,0.334,0.333,0.333
1152391214,unknown,grade5,versiegelt,0.334,0.334,0.333,0.333
1152391219,unknown,grade5,versiegelt,0.334,0.334,0.333,0.333
1153312144,unknown,grade3,versiegelt,0.334,0.334,0.333,0.333
1154822129,unknown,unknown,versiegelt,0.334,0.334,0.333,0.333
1154822791,unknown,unknown,versiegelt,0.334,0.334,0.333,0.333
1160819280,unknown,unknown,versiegelt,0.334,0.334,0.333,0.333
1161302983,ground,unknown,versiegelt,0.334,0.334,0.333,0.333
1167845802,unknown,grade3,versiegelt,0.334,0.334,0.333,0.333
1168273385,unknown,unknown,versiegelt,0.334,0.334,0.333,0.333
1173392959,unknown,grade2,versiegelt,0.334,0.334,0.333,0.333
1173392960,unknown,grade5,versiegelt,0.334,0.334,0.333,0.333
1173398150,unknown,unknown,versiegelt,0.334,0.334,0.333,0.333
1174000801,unknown,unknown,versiegelt,0.334,0.334,0.333,0.333
1174012806,paving_stones,unknown,versiegelt,0.334,0.334,0.333,0.333
1174012807,unknown,unknown,versiegelt,0.334,0.334,0.333,0.333
1174018684,unknown,grade5,versiegelt,0.334,0.334,0.333,0.333
1174018685,unknown,grade5,versiegelt,0.334,0.334,0.333,0.333
1174018686,unknown,grade5,versiegelt,0.334,0.334,0.333,0.333
1174018687,unknown,grade5,versiegelt,0.334,0.334,0.333,0.333
1174018688,pebblestone,grade3,versiegelt,0.334,0.334,0.333,0.333
1190228626,unknown,unknown,versiegelt,0.334,0.334,0.333,0.333
1195281827,unknown,unknown,versiegelt,0.334,0.334,0.333,0.333
1195281828,unknown,unknown,versiegelt,0.334,0.334,0.333,0.333
1195281829,unknown,unknown,versiegelt,0.334,0.334,0.333,0.333
1195281830,unknown,unknown,versiegelt,0.334,0.334,0.333,0.333
1209090686,unknown,grade2,versiegelt,0.334,0.334,0.333,0.333
1209103211,unknown,unknown,versiegelt,0.334,0.334,0.333,0.333
1213628351,unknown,unknown,versiegelt,0.334,0.334,0.333,0.333
1213628353,unknown,unknown,versiegelt,0.334,0.334,0.333,0.333
1213628354,unknown,unknown,versiegelt,0.334,0.334,0.333,0.333
1213628355,unknown,unknown,versiegelt,0.334,0.334,0.333,0.333
1216742377,unknown,unknown,versiegelt,0.334,0.334,0.333,0.333
1217131589,unknown,unknown,versiegelt,0.334,0.334,0.333,0.333
1220956032,unknown,grade3,versiegelt,0.334,0.334,0.333,0.333
1221975408,unknown,grade4,versiegelt,0.334,0.334,0.333,0.333
1221990356,unknown,grade4,versiegelt,0.334,0.334,0.333,0.333
1221990358,unknown,grade5,versiegelt,0.334,0.334,0.333,0.333
1221991144,unknown,grade5,versiegelt,0.334,0.334,0.333,0.333
1222014205,unknown,grade3,versiegelt,0.334,0.334,0.333,0.333
1222014206,unknown,grade5,versiegelt,0.334,0.334,0.333,0.333
1222014207,unknown,grade5,versiegelt,0.334,0.334,0.333,0.333
1222021148,unknown,grade5,versiegelt,0.334,0.334,0.333,0.333
1222021880,unknown,unknown,versiegelt,0.334,0.334,0.333,0.333
1222021881,unknown,unknown,versiegelt,0.334,0.334,0.333,0.333
1222737113,unknown,grade3,versiegelt,0.334,0.334,0.333,0.333
1231748029,unknown,unknown,versiegelt,0.334,0.334,0.333,0.333
1231748030,unknown,unknown,versiegelt,0.334,0.334,0.333,0.333
1235010262,unknown,unknown,versiegelt,0.334,0.334,0.333,0.333
1235163945,unknown,unknown,versiegelt,0.334,0.334,0.333,0.333
1239546951,unknown,unknown,versiegelt,0.334,0.334,0.333,0.333
1239547000,unknown,unknown,versiegelt,0.334,0.334,0.333,0.333
1243493563,paving_stones,unknown,versiegelt,0.334,0.334,0.333,0.333
1243493564,paving_stones,unknown,versiegelt,0.334,0.334,0.333,0.333
1243493565,paving_stones,unknown,versiegelt,0.334,0.334,0.333,0.333
1243493566,paving_stones,unknown,versiegelt,0.334,0.334,0.333,0.333
1243493567,paving_stones,unknown,versiegelt,0.334,0.334,0.333,0.333
1243493568,paving_stones,unknown,versiegelt,0.334,0.334,0.333,0.333
1243493569,unknown,unknown,versiegelt,0.334,0.334,0.333,0.333
1243793710,unknown,unknown,versiegelt,0.334,0.334,0.333,0.333
1250659526,unknown,unknown,versiegelt,0.334,0.334,0.333,0.333
1257075364,unknown,grade4,versiegelt,0.334,0.334,0.333,0.333
1257623036,unknown,unknown,versiegelt,0.334,0.334,0.333,0.333
1263695993,unknown,grade4,versiegelt,0.334,0.334,0.333,0.333
1264138743,paving_stones,unknown,versiegelt,0.334,0.334,0.333,0.333
1264138744,paving_stones,unknown,versiegelt,0.334,0.334,0.333,0.333
1264138745,paving_stones,unknown,versiegelt,0.334,0.334,0.333,0.333
1264162107,unknown,unknown,versiegelt,0.334,0.334,0.333,0.333
1264584465,ground,unknown,versiegelt,0.334,0.334,0.333,0.333
1264855161,unknown,unknown,versiegelt,0.334,0.334,0.333,0.333
1266403903,unknown,unknown,versiegelt,0.334,0.334,0.333,0.333
1266403904,unknown,unknown,versiegelt,0.334,0.334,0.333,0.333
1266403905,unknown,grade5,versiegelt,0.334,0.334,0.333,0.333
1266476270,unknown,unknown,versiegelt,0.334,0.334,0.333,0.333
1266624673,unknown,unknown,versiegelt,0.334,0.334,0.333,0.333
1267697069,unknown,grade4,versiegelt,0.334,0.334,0.333,0.333
1269711547,unknown,grade4,versiegelt,0.334,0.334,0.333,0.333
1269711548,unknown,grade5,versiegelt,0.334,0.334,0.333,0.333
1269824090,unknown,grade5,versiegelt,0.334,0.334,0.333,0.333
1269866854,unknown,grade5,versiegelt,0.334,0.334,0.333,0.333
1272381235,unknown,grade5,versiegelt,0.334,0.334,0.333,0.333
1272381236,unknown,grade5,versiegelt,0.334,0.334,0.333,0.333
1272381237,unknown,grade5,versiegelt,0.334,0.334,0.333,0.333
1272381238,unknown,grade5,versiegelt,0.334,0.334,0.333,0.333
1272381239,unknown,unknown,versiegelt,0.334,0.334,0.333,0.333
1277665727,unknown,grade5,versiegelt,0.334,0.334,0.333,0.333
1277667577,unknown,grade5,versiegelt,0.334,0.334,0.333,0.333
1277669184,unknown,grade4,versiegelt,0.334,0.334,0.333,0.333
1277669185,unknown,grade5,versiegelt,0.334,0.334,0.333,0.333
1277670917,pebblestone,unknown,versiegelt,0.334,0.334,0.333,0.333
1277673042,unknown,grade3,versiegelt,0.334,0.334,0.333,0.333
1280147722,unknown,grade5,versiegelt,0.334,0.334,0.333,0.333
1280147724,unknown,grade5,versiegelt,0.334,0.334,0.333,0.333
1280147725,unknown,grade4,versiegelt,0.334,0.334,0.333,0.333
1280147736,unknown,grade3,versiegelt,0.334,0.334,0.333,0.333
1280151228,unknown,grade5,versiegelt,0.334,0.334,0.333,0.333
1280156814,unknown,grade5,versiegelt,0.334,0.334,0.333,0.333
1281585473,unknown,unknown,versiegelt,0.334,0.334,0.333,0.333
1281585474,unknown,grade5,versiegelt,0.334,0.334,0.333,0.333
1281585475,unknown,grade5,versiegelt,0.334,0.334,0.333,0.333
1281585476,unknown,grade5,versiegelt,0.334,0.334,0.333,0.333
1281585477,unknown,grade5,versiegelt,0.334,0.334,0.333,0.333
1281585478,unknown,grade5,versiegelt,0.334,0.334,0.333,0.333
1281585479,unknown,unknown,versiegelt,0.334,0.334,0.333,0.333
1281585480,unknown,grade5,versiegelt,0.334,0.334,0.333,0.333
1281585481,unknown,grade5,versiegelt,0.334,0.334,0.333,0.333
1281585482,unknown,grade5,versiegelt,0.334,0.334,0.333,0.333
1281585483,unknown,unknown,versiegelt,0.334,0.334,0.333,0.333
1281585484,unknown,unknown,versiegelt,0.334,0.334,0.333,0.333
1284651611,unknown,grade5,versiegelt,0.334,0.334,0.333,0.333
1284651612,unknown,grade5,versiegelt,0.334,0.334,0.333,0.333
1284651613,unknown,unknown,versiegelt,0.334,0.334,0.333,0.333
1284651614,unknown,unknown,versiegelt,0.334,0.334,0.333,0.333
1289268142,unknown,unknown,versiegelt,0.334,0.334,0.333,0.333
1289268143,unknown,unknown,versiegelt,0.334,0.334,0.333,0.333
1289268144,unknown,unknown,versiegelt,0.334,0.334,0.333,0.333
1289268145,unknown,unknown,versiegelt,0.334,0.334,0.333,0.333
1293774977,unknown,unknown,versiegelt,0.334,0.334,0.333,0.333
1293774978,unknown,unknown,versiegelt,0.334,0.334,0.333,0.333
1305543121,ground,unknown,versiegelt,0.334,0.334,0.333,0.333
1305543889,unknown,unknown,versiegelt,0.334,0.334,0.333,0.333
1305544342,ground,unknown,versiegelt,0.334,0.334,0.333,0.333
1307515336,unknown,unknown,versiegelt,0.334,0.334,0.333,0.333
1307515943,unknown,unknown,versiegelt,0.334,0.334,0.333,0.333
1308589884,unknown,unknown,versiegelt,0.334,0.334,0.333,0.333
1308589885,unknown,unknown,versiegelt,0.334,0.334,0.333,0.333
1308589886,unknown,unknown,versiegelt,0.334,0.334,0.333,0.333
1312681420,unknown,unknown,versiegelt,0.334,0.334,0.333,0.333
1315774017,unknown,grade1,versiegelt,0.334,0.334,0.333,0.333
1315774018,unknown,grade5,versiegelt,0.334,0.334,0.333,0.333
1317066284,unknown,unknown,versiegelt,0.334,0.334,0.333,0.333
1317066285,unknown,unknown,versiegelt,0.334,0.334,0.333,0.333
1317066286,paving_stones,unknown,versiegelt,0.334,0.334,0.333,0.333
1317428115,ground,unknown,versiegelt,0.334,0.334,0.333,0.333
1319409963,unknown,unknown,versiegelt,0.334,0.334,0.333,0.333
1320129711,unknown,grade3,versiegelt,0.334,0.334,0.333,0.333
1320705485,unknown,unknown,versiegelt,0.334,0.334,0.333,0.333
1320705486,unknown,unknown,versiegelt,0.334,0.334,0.333,0.333
1320705487,unknown,unknown,versiegelt,0.334,0.334,0.333,0.333
1320705488,unknown,unknown,versiegelt,0.334,0.334,0.333,0.333
1320705491,paving_stones,unknown,versiegelt,0.334,0.334,0.333,0.333
1320705494,metal,unknown,versiegelt,0.334,0.334,0.333,0.333
1334322181,unknown,unknown,versiegelt,0.334,0.334,0.333,0.333
1334322182,unknown,unknown,versiegelt,0.334,0.334,0.333,0.333
1334322183,unknown,unknown,versiegelt,0.334,0.334,0.333,0.333
1334323905,unknown,unknown,versiegelt,0.334,0.334,0.333,0.333
1334323906,unknown,unknown,versiegelt,0.334,0.334,0.333,0.333
1336838296,unknown,unknown,versiegelt,0.334,0.334,0.333,0.333
1336838297,unknown,unknown,versiegelt,0.334,0.334,0.333,0.333
1336838298,unknown,unknown,versiegelt,0.334,0.334,0.333,0.333
1336838301,unknown,unknown,versiegelt,0.334,0.334,0.333,0.333
1336838302,unknown,unknown,versiegelt,0.334,0.334,0.333,0.333
1337784647,unknown,grade4,versiegelt,0.334,0.334,0.333,0.333
1338304854,ground,unknown,versiegelt,0.334,0.334,0.333,0.333
1338384818,unknown,unknown,versiegelt,0.334,0.334,0.333,0.333
1338384819,unknown,grade5,versiegelt,0.334,0.334,0.333,0.333
1338384820,unknown,grade5,versiegelt,0.334,0.334,0.333,0.333
1339318639,unknown,unknown,versiegelt,0.334,0.334,0.333,0.333
1340246844,unknown,grade4,versiegelt,0.334,0.334,0.333,0.333
1340962221,ground,grade5,versiegelt,0.334,0.334,0.333,0.333
1343982294,ground,unknown,versiegelt,0.334,0.334,0.333,0.333
1344383178,unknown,unknown,versiegelt,0.334,0.334,0.333,0.333
1344383179,unknown,grade5,versiegelt,0.334,0.334,0.333,0.333
1352360024,unknown,unknown,versiegelt,0.334,0.334,0.333,0.333
1352483980,unknown,unknown,versiegelt,0.334,0.334,0.333,0.333
1352483981,unknown,unknown,versiegelt,0.334,0.334,0.333,0.333
1352483983,unknown,unknown,versiegelt,0.334,0.334,0.333,0.333
1352483984,unknown,unknown,versiegelt,0.334,0.334,0.333,0.333
1352483985,unknown,unknown,versiegelt,0.334,0.334,0.333,0.333
1352483986,unknown,unknown,versiegelt,0.334,0.334,0.333,0.333
1352483987,unknown,unknown,versiegelt,0.334,0.334,0.333,0.333
1352483988,unknown,unknown,versiegelt,0.334,0.334,0.333,0.333
1352483989,unknown,unknown,versiegelt,0.334,0.334,0.333,0.333
1352483991,unknown,unknown,versiegelt,0.334,0.334,0.333,0.333
1352483992,unknown,unknown,versiegelt,0.334,0.334,0.333,0.333
1352483993,unknown,unknown,versiegelt,0.334,0.334,0.333,0.333
1352483996,unknown,unknown,versiegelt,0.334,0.334,0.333,0.333
1352483998,unknown,unknown,versiegelt,0.334,0.334,0.333,0.333
1352483999,unknown,unknown,versiegelt,0.334,0.334,0.333,0.333
1352484000,unknown,unknown,versiegelt,0.334,0.334,0.333,0.333
1354384799,ground,grade5,versiegelt,0.334,0.334,0.333,0.333
1354384803,ground,unknown,versiegelt,0.334,0.334,0.333,0.333
1354384805,unknown,unknown,versiegelt,0.334,0.334,0.333,0.333
1354384807,unknown,grade5,versiegelt,0.334,0.334,0.333,0.333
1354384808,unknown,grade5,versiegelt,0.334,0.334,0.333,0.333
1354384813,unknown,grade5,versiegelt,0.334,0.334,0.333,0.333
1354384814,ground,unknown,versiegelt,0.334,0.334,0.333,0.333
1354384815,unknown,unknown,versiegelt,0.334,0.334,0.333,0.333
1354384816,unknown,grade5,versiegelt,0.334,0.334,0.333,0.333
1354384817,unknown,grade5,versiegelt,0.334,0.334,0.333,0.333
1354384818,unknown,grade5,versiegelt,0.334,0.334,0.333,0.333
1354384819,unknown,grade5,versiegelt,0.334,0.334,0.333,0.333
1354384820,ground,unknown,versiegelt,0.334,0.334,0.333,0.333
1355985934,unknown,unknown,versiegelt,0.334,0.334,0.333,0.333
1355985935,unknown,unknown,versiegelt,0.334,0.334,0.333,0.333
1355985936,unknown,unknown,versiegelt,0.334,0.334,0.333,0.333
1355985937,unknown,unknown,versiegelt,0.334,0.334,0.333,0.333
1355985938,unknown,unknown,versiegelt,0.334,0.334,0.333,0.333
1355985939,unknown,unknown,versiegelt,0.334,0.334,0.333,0.333
1355985940,unknown,unknown,versiegelt,0.334,0.334,0.333,0.333
1355985941,unknown,unknown,versiegelt,0.334,0.334,0.333,0.333
1355985942,unknown,unknown,versiegelt,0.334,0.334,0.333,0.333
1355985943,unknown,unknown,versiegelt,0.334,0.334,0.333,0.333
1355985944,unknown,unknown,versiegelt,0.334,0.334,0.333,0.333
1355987390,unknown,grade5,versiegelt,0.334,0.334,0.333,0.333
1355987391,paving_stones,unknown,versiegelt,0.334,0.334,0.333,0.333
1355990273,ground,grade5,versiegelt,0.334,0.334,0.333,0.333
1355991960,unknown,unknown,versiegelt,0.334,0.334,0.333,0.333
1355993959,ground,grade2,versiegelt,0.334,0.334,0.333,0.333
1356000647,unknown,unknown,versiegelt,0.334,0.334,0.333,0.333
1356000650,unknown,unknown,versiegelt,0.334,0.334,0.333,0.333
1356005600,unknown,unknown,versiegelt,0.334,0.334,0.333,0.333
1356183162,unknown,grade5,versiegelt,0.334,0.334,0.333,0.333
1363322192,ground,unknown,versiegelt,0.334,0.334,0.333,0.333
1365791133,paving_stones,unknown,versiegelt,0.334,0.334,0.333,0.333
1378303026,paving_stones,grade1,versiegelt,0.334,0.334,0.333,0.333
1380345627,unknown,unknown,versiegelt,0.334,0.334,0.333,0.333
1386319118,unknown,unknown,versiegelt,0.334,0.334,0.333,0.333
1386319123,unknown,unknown,versiegelt,0.334,0.334,0.333,0.333
1386319124,unknown,unknown,versiegelt,0.334,0.334,0.333,0.333
1386539612,unknown,grade5,versiegelt,0.334,0.334,0.333,0.333
1386541413,unknown,grade3,versiegelt,0.334,0.334,0.333,0.333
1387097409,unknown,unknown,versiegelt,0.334,0.334,0.333,0.333
1387097411,unknown,unknown,versiegelt,0.334,0.334,0.333,0.333
1387097416,unknown,unknown,versiegelt,0.334,0.334,0.333,0.333
1387097418,unknown,unknown,versiegelt,0.334,0.334,0.333,0.333
1387097419,unknown,unknown,versiegelt,0.334,0.334,0.333,0.333
1387097420,unknown,unknown,versiegelt,0.334,0.334,0.333,0.333
1387097425,unknown,unknown,versiegelt,0.334,0.334,0.333,0.333
1387097432,unknown,unknown,versiegelt,0.334,0.334,0.333,0.333
1387184531,unknown,grade5,versiegelt,0.334,0.334,0.333,0.333
1387184532,unknown,grade5,versiegelt,0.334,0.334,0.333,0.333
1387186499,unknown,grade5,versiegelt,0.334,0.334,0.333,0.333
1387186849,unknown,grade4,versiegelt,0.334,0.334,0.333,0.333
1387188236,unknown,grade5,versiegelt,0.334,0.334,0.333,0.333
1387188237,unknown,grade5,versiegelt,0.334,0.334,0.333,0.333
1387188931,unknown,grade5,versiegelt,0.334,0.334,0.333,0.333
1387188932,unknown,grade5,versiegelt,0.334,0.334,0.333,0.333
1387192009,unknown,grade5,versiegelt,0.334,0.334,0.333,0.333
1387192010,ground,grade4,versiegelt,0.334,0.334,0.333,0.333
1387968863,unknown,grade5,versiegelt,0.334,0.334,0.333,0.333
1387968864,unknown,grade5,versiegelt,0.334,0.334,0.333,0.333
1387968865,unknown,grade5,versiegelt,0.334,0.334,0.333,0.333
1387968866,unknown,grade5,versiegelt,0.334,0.334,0.333,0.333
1387969734,unknown,grade5,versiegelt,0.334,0.334,0.333,0.333
1387969735,unknown,grade4,versiegelt,0.334,0.334,0.333,0.333
1387969736,unknown,grade5,versiegelt,0.334,0.334,0.333,0.333
1387969737,unknown,grade5,versiegelt,0.334,0.334,0.333,0.333
1389271522,unknown,grade5,versiegelt,0.334,0.334,0.333,0.333
1389282345,unknown,grade5,versiegelt,0.334,0.334,0.333,0.333
1391372739,unknown,unknown,versiegelt,0.334,0.334,0.333,0.333
1391372740,unknown,unknown,versiegelt,0.334,0.334,0.333,0.333
1391372741,unknown,unknown,versiegelt,0.334,0.334,0.333,0.333
1391543586,unknown,unknown,versiegelt,0.334,0.334,0.333,0.333
1391543587,unknown,grade5,versiegelt,0.334,0.334,0.333,0.333
1391543588,unknown,unknown,versiegelt,0.334,0.334,0.333,0.333
1391543589,unknown,unknown,versiegelt,0.334,0.334,0.333,0.333
1391543590,unknown,grade5,versiegelt,0.334,0.334,0.333,0.333
1391543591,unknown,grade5,versiegelt,0.334,0.334,0.333,0.333
1391543592,unknown,grade5,versiegelt,0.334,0.334,0.333,0.333
1391543593,unknown,grade5,versiegelt,0.334,0.334,0.333,0.333
1391543594,unknown,unknown,versiegelt,0.334,0.334,0.333,0.333
1391543595,unknown,unknown,versiegelt,0.334,0.334,0.333,0.333
1391543596,unknown,unknown,versiegelt,0.334,0.334,0.333,0.333
1391543597,unknown,unknown,versiegelt,0.334,0.334,0.333,0.333
1391543598,unknown,unknown,versiegelt,0.334,0.334,0.333,0.333
1391543599,unknown,unknown,versiegelt,0.334,0.334,0.333,0.333
1391543600,unknown,grade5,versiegelt,0.334,0.334,0.333,0.333
1391543601,unknown,grade3,versiegelt,0.334,0.334,0.333,0.333
1391543602,unknown,grade2,versiegelt,0.334,0.334,0.333,0.333
1391581271,unknown,unknown,versiegelt,0.334,0.334,0.333,0.333
1391581272,unknown,grade5,versiegelt,0.334,0.334,0.333,0.333
1391761674,unknown,unknown,versiegelt,0.334,0.334,0.333,0.333
1391785979,unknown,grade5,versiegelt,0.334,0.334,0.333,0.333
1391785980,unknown,grade4,versiegelt,0.334,0.334,0.333,0.333
1391785981,unknown,grade5,versiegelt,0.334,0.334,0.333,0.333
1391785982,unknown,grade5,versiegelt,0.334,0.334,0.333,0.333
1391785983,unknown,grade5,versiegelt,0.334,0.334,0.333,0.333
1391785984,unknown,grade5,versiegelt,0.334,0.334,0.333,0.333
1393870364,unknown,unknown,versiegelt,0.334,0.334,0.333,0.333
1393873652,unknown,grade4,versiegelt,0.334,0.334,0.333,0.333
1393873653,unknown,grade5,versiegelt,0.334,0.334,0.333,0.333
1411458593,paving_stones,unknown,versiegelt,0.334,0.334,0.333,0.333
1411458595,paving_stones,unknown,versiegelt,0.334,0.334,0.333,0.333
1411458596,unknown,unknown,versiegelt,0.334,0.334,0.333,0.333
1411458600,paving_stones,unknown,versiegelt,0.334,0.334,0.333,0.333
1411763052,unknown,unknown,versiegelt,0.334,0.334,0.333,0.333
1413367333,unknown,unknown,versiegelt,0.334,0.334,0.333,0.333
1413367334,unknown,unknown,versiegelt,0.334,0.334,0.333,0.333
1413367335,unknown,unknown,versiegelt,0.334,0.334,0.333,0.333
1413367337,unknown,unknown,versiegelt,0.334,0.334,0.333,0.333
1413367341,unknown,unknown,versiegelt,0.334,0.334,0.333,0.333
1413987249,ground,grade2,versiegelt,0.334,0.334,0.333,0.333
1413987268,unknown,unknown,versiegelt,0.334,0.334,0.333,0.333
1418691178,paving_stones,unknown,versiegelt,0.334,0.334,0.333,0.333
1426313634,unknown,unknown,versiegelt,0.334,0.334,0.333,0.333
1428254906,unknown,grade5,versiegelt,0.334,0.334,0.333,0.333
1428255243,unknown,grade5,versiegelt,0.334,0.334,0.333,0.333
1428255454,unknown,grade3,versiegelt,0.334,0.334,0.333,0.333
1428257303,unknown,grade5,versiegelt,0.334,0.334,0.333,0.333
1428257737,unknown,grade4,versiegelt,0.334,0.334,0.333,0.333
1428258050,unknown,grade5,versiegelt,0.334,0.334,0.333,0.333
1428258278,unknown,grade5,versiegelt,0.334,0.334,0.333,0.333
1428869652,unknown,unknown,versiegelt,0.334,0.334,0.333,0.333
1428869653,unknown,unknown,versiegelt,0.334,0.334,0.333,0.333
1428869654,unknown,unknown,versiegelt,0.334,0.334,0.333,0.333
1428869655,unknown,unknown,versiegelt,0.334,0.334,0.333,0.333
1433146082,unknown,unknown,versiegelt,0.334,0.334,0.333,0.333
1434441287,unknown,unknown,versiegelt,0.334,0.334,0.333,0.333
1444661112,unknown,grade4,versiegelt,0.334,0.334,0.333,0.333
1444661509,unknown,unknown,versiegelt,0.334,0.334,0.333,0.333
1445366565,unknown,grade5,versiegelt,0.334,0.334,0.333,0.333
1445366573,unknown,grade4,versiegelt,0.334,0.334,0.333,0.333
1445370460,unknown,grade4,versiegelt,0.334,0.334,0.333,0.333
1445375854,unknown,grade5,versiegelt,0.334,0.334,0.333,0.333
1445375856,unknown,grade5,versiegelt,0.334,0.334,0.333,0.333
1445956701,unknown,grade4,versiegelt,0.334,0.334,0.333,0.333
1446228080,unknown,grade5,versiegelt,0.334,0.334,0.333,0.333
1446230177,ground,grade4,versiegelt,0.334,0.334,0.333,0.333
1449419425,unknown,unknown,versiegelt,0.334,0.334,0.333,0.333
1449419428,unknown,unknown,versiegelt,0.334,0.334,0.333,0.333
1449419430,unknown,unknown,versiegelt,0.334,0.334,0.333,0.333
1449419433,paving_stones,unknown,versiegelt,0.334,0.334,0.333,0.333
1449419435,paving_stones,unknown,versiegelt,0.334,0.334,0.333,0.333
1449419442,unknown,unknown,versiegelt,0.334,0.334,0.333,0.333
1449419444,paving_stones,unknown,versiegelt,0.334,0.334,0.333,0.333
1449419445,paving_stones,unknown,versiegelt,0.334,0.334,0.333,0.333
1449419446,paving_stones,unknown,versiegelt,0.334,0.334,0.333,0.333
1458416505,unknown,grade1,versiegelt,0.334,0.334,0.333,0.333
1469684227,unknown,unknown,versiegelt,0.334,0.334,0.333,0.333
1469684228,unknown,unknown,versiegelt,0.334,0.334,0.333,0.333
1469684229,unknown,unknown,versiegelt,0.334,0.334,0.333,0.333
1469684230,unknown,unknown,versiegelt,0.334,0.334,0.333,0.333
1469684231,paving_stones,unknown,versiegelt,0.334,0.334,0.333,0.333
1469684234,unknown,unknown,versiegelt,0.334,0.334,0.333,0.333
1469687715,unknown,unknown,versiegelt,0.334,0.334,0.333,0.333
1469687716,unknown,unknown,versiegelt,0.334,0.334,0.333,0.333
1474574913,unknown,unknown,versiegelt,0.334,0.334,0.333,0.333
1492356130,unknown,grade1,versiegelt,0.334,0.334,0.333,0.333
1492356131,unknown,grade3,versiegelt,0.334,0.334,0.333,0.333
1492356132,unknown,grade5,versiegelt,0.334,0.334,0.333,0.333
1492372016,unknown,unknown,versiegelt,0.334,0.334,0.333,0.333
1495763397,unknown,unknown,versiegelt,0.334,0.334,0.333,0.333
1497699178,ground,unknown,versiegelt,0.334,0.334,0.333,0.333
1498371271,unknown,unknown,versiegelt,0.334,0.334,0.333,0.333
1508987605,unknown,unknown,versiegelt,0.334,0.334,0.333,0.333
1508987615,unknown,unknown,versiegelt,0.334,0.334,0.333,0.333
1508987620,unknown,unknown,versiegelt,0.334,0.334,0.333,0.333
1508987624,unknown,unknown,versiegelt,0.334,0.334,0.333,0.333
